company,location,total_laid_off,date,percentage_laid_off,industry,stage,funds_raised,country
layoffs,Seattle,120,2025-10-02,,Other,Post-IPO,152,United States
Google,SF Bay Area,50,2025-10-02,,Consumer,Post-IPO,26,United States
Paycom,Oklahoma City,500,2025-10-01,,HR,Post-IPO,,United States
Google,SF Bay Area,100,2025-10-01,,Consumer,Post-IPO,26,United States
Simpl,"Bengaluru,Non-U.S.",80,2025-10-01,,Finance,Series B,72,India
Just Eat,"Amsterdam,Non-U.S.",450,2025-09-25,0.05,Food,Acquired,129,Netherlands
GamesKraft,"Bengaluru,Non-U.S.",120,2025-09-18,,Consumer,Unknown,,India
ZipRecruiter,"Tel Aviv,Non-U.S.",80,2025-09-16,,Recruiting,Post-IPO,769,United States
Fiverr,"Tel Aviv,Non-U.S.",250,2025-09-15,0.3,Other,Post-IPO,111,Israel
Hike,"New Delhi,Non-U.S.",,2025-09-13,1.0,Consumer,Unknown,261,India
xAI,SF Bay Area,500,2025-09-12,,AI,Unknown,22700,United States
Zupee,"New Delhi,Non-U.S.",170,2025-09-11,0.3,Consumer,Series B,121,India
Atlassian,"Sydney,Non-U.S.",200,2025-09-10,,Other,Post-IPO,210,Australia
Microsoft,Seattle,42,2025-09-08,,Other,Post-IPO,1,United States
Rivian,Los Angeles,200,2025-09-05,0.01,Transportation,Post-IPO,10700,United States
Head Digital Works,"Hyderabad,Non-U.S.",500,2025-09-04,,Consumer,Private Equity,74,India
Salesforce,SF Bay Area,262,2025-09-04,,Sales,Post-IPO,65,United States
Oracle,SF Bay Area,254,2025-09-04,,Other,Post-IPO,,United States
GupShup,SF Bay Area,100,2025-09-04,,Other,Series F,484,India
Bobble AI,"New Delhi,Non-U.S.",50,2025-09-04,,Consumer,Unknown,59,India
Oracle,Seattle,101,2025-09-03,,Other,Post-IPO,,United States
Salesforce,Seattle,93,2025-09-03,,Sales,Post-IPO,65,United States
Salesforce,"Dublin,Non-U.S.",30,2025-09-03,,Sales,Post-IPO,65,United States
The Gist,"Tel Aviv,Non-U.S.",,2025-09-03,1.0,Other,Seed,7,Israel
Vimeo,New York City,,2025-09-03,0.1,Consumer,Post-IPO,450,United States
Games 24x7,"Mumbai,Non-U.S.",400,2025-09-01,,Consumer,Unknown,75,India
Mobile Premier League,"Bengaluru,Non-U.S.",300,2025-09-01,,Consumer,Series E,375,India
Krutrim,"Bengaluru,Non-U.S.",50,2025-09-01,,AI,Unknown,304,India
Salesforce,SF Bay Area,4000,2025-08-31,,Sales,Post-IPO,65,United States
Flip,SF Bay Area,,2025-08-29,1.0,Consumer,Series C,294,United States
Rec Room,Seattle,141,2025-08-27,,Consumer,Series F,294,United States
BeepKart,"Bengaluru,Non-U.S.",,2025-08-23,1.0,Retail,Series A,19,India
Cisco,SF Bay Area,221,2025-08-19,,Infrastructure,Post-IPO,2,United States
Oracle,SF Bay Area,101,2025-08-19,,Other,Post-IPO,,United States
Kyte,SF Bay Area,,2025-08-15,1.0,Transportation,Unknown,548,United States
Restaurant365,Los Angeles,100,2025-08-14,0.09,Food,Series C,127,United States
Oracle,SF Bay Area,289,2025-08-13,,Other,Post-IPO,,United States
Oracle,SF Bay Area,188,2025-08-13,,Other,Post-IPO,,United States
Oracle,Seattle,161,2025-08-13,,Other,Post-IPO,,United States
F5,Seattle,106,2025-08-13,0.02,Security,Post-IPO,,United States
BenchSci,"Toronto,Non-U.S.",83,2025-08-12,0.23,Healthcare,Series D,164,Canada
Kaltura,New York City,70,2025-08-07,0.1,Media,Post-IPO,166,United States
Nextdoor,SF Bay Area,67,2025-08-07,0.12,Consumer,Post-IPO,736,United States
Peloton,New York City,,2025-08-07,0.06,Fitness,Post-IPO,1900,United States
Yotpo,New York City,200,2025-08-05,0.34,Marketing,Unknown,436,United States
Windsurf,SF Bay Area,30,2025-08-05,,AI,Acquired,243,United States
Wondery,Los Angeles,100,2025-08-04,,Media,Acquired,15,United States
Clear,"Bengaluru,Non-U.S.",145,2025-08-01,0.16,Finance,Series C,140,India
Astra,"Bengaluru,Non-U.S.",,2025-07-31,1.0,Sales,Unknown,,India
Atlassian,"Sydney,Non-U.S.",150,2025-07-30,,Other,Post-IPO,210,Australia
Krutrim,"Bengaluru,Non-U.S.",100,2025-07-28,,AI,Unknown,304,India
Ohm Mobility,Bengaluru,,2025-07-24,1.0,Transportation,Seed,,India
ConsenSys,New York City,47,2025-07-22,0.07,Crypto,Series D,726,United States
Zeen,SF Bay Area,,2025-07-21,1.0,Consumer,Unknown,9,United States
Rocket Companies,Detroit,,2025-07-18,0.02,Real Estate,Post-IPO,5200,United States
TytoCare,New York City,35,2025-07-17,0.22,Healthcare,Series E,206,United States
Amicole,New York City,,2025-07-17,1.0,Retail,Seed,5,United States
CodeParrot,"Bengaluru,Non-U.S.",,2025-07-17,1.0,Product,Seed,,India
Scale AI,SF Bay Area,200,2025-07-16,0.14,Data,Series E,602,United States
Lenovo,Raleigh,100,2025-07-16,0.03,Hardware,Post-IPO,850,United States
Jamf,Minneapolis,166,2025-07-15,0.06,Other,Post-IPO,332,United States
King.com,"Stockholm,Non-U.S.",200,2025-07-14,,Consumer,Acquired,84,Sweden
Blip,"Bengaluru,Non-U.S.",,2025-07-12,1.0,Retail,Unknown,,India
Intel,Sacramento,5000,2025-07-11,,Hardware,Post-IPO,12,United States
Indeed + Glassdoor,Austin,1300,2025-07-10,,HR,Acquired,5,United States
Eigen Labs,Seattle,29,2025-07-08,0.25,Crypto,Unknown,234,United States
Subtl AI,"Hyderabad,Non-U.S.",,2025-07-03,1.0,AI,Seed,,India
Microsoft,Seattle,9000,2025-07-02,0.04,Other,Post-IPO,1,United States
Okra,"Lagos,Non-U.S.",,2025-07-02,1.0,Finance,Series A,12,Nigeria
TomTom,"Amsterdam,Non-U.S.",300,2025-06-30,0.1,Other,Post-IPO,430,Netherlands
Rivian,Los Angeles,140,2025-06-26,0.01,Transportation,Post-IPO,10700,United States
Bumble,Austin,240,2025-06-25,0.3,Consumer,Post-IPO,313,United States
Klue,"Vancouver,Non-U.S.",85,2025-06-25,0.4,Sales,Series B,83,Canada
Google,SF Bay Area,75,2025-06-24,,Consumer,Post-IPO,26,United States
Pluralsight,Salt Lake City,,2025-06-24,0.17,Education,Acquired,192,United States
Khoros,Austin,116,2025-06-20,,Sales,Private Equity,138,United States
Sabi,"Lagos,Non-U.S.",50,2025-06-19,0.2,Retail,Series B,66,Nigeria
Salto,"Tel Aviv,Non-U.S.",30,2025-06-10,0.5,Other,Series B,69,Israel
ZoomInfo,Vancouver,150,2025-06-09,0.04,Sales,Post-IPO,7,United States
Playtika,"Tel Aviv,Non-U.S.",90,2025-06-05,,Consumer,Post-IPO,,Israel
Airtime,New York City,25,2025-06-04,0.43,Consumer,Series B,33,United States
Microsoft,Seattle,305,2025-06-02,0.03,Other,Post-IPO,1,United States
Hims & Hers,SF Bay Area,68,2025-05-30,0.04,Healthcare,Post-IPO,1200,United States
Business Insider,New York City,,2025-05-29,0.2,Media,Acquired,56,United States
eBay,"Tel Aviv,Non-U.S.",200,2025-05-28,,Retail,Post-IPO,1200,Israel
Cars24,"Gurugram,Non-U.S.",120,2025-05-27,,Transportation,Series G,1300,India
nCino,Wilmington,,2025-05-27,0.07,Finance,Post-IPO,1100,United States
Otipy,"New Delhi,Non-U.S.",300,2025-05-23,1.0,Food,Series B,44,India
LeddarTech,"Quebec,Non-U.S.",138,2025-05-22,0.95,Transportation,Post-IPO,402,Canada
Climeworks,"Zurich,Non-U.S.",106,2025-05-21,0.22,Energy,Private Equity,734,Switzerland
Builder.ai,"London,Non-U.S.",,2025-05-20,1.0,AI,Series D,445,United Kingdom
Blink Charging,Baltimore,,2025-05-19,0.2,Other,Post-IPO,110,United States
VerSe Innovation copy,"Bengaluru,Non-U.S.",350,2025-05-18,,Media,Series J,1700,India
GroundGame Health,Tampa Bay,97,2025-05-15,,Healthcare,Series A,17,United States
Noogata,"Tel Aviv,Non-U.S.",10,2025-05-15,1.0,AI,Series A,28,Israel
Amazon,Seattle,100,2025-05-14,,Retail,Post-IPO,8100,United States
Microsoft,Seattle,6000,2025-05-13,0.03,Other,Post-IPO,1,United States
Chegg,SF Bay Area,248,2025-05-12,0.22,Education,Post-IPO,227,United States
Match Group,New York City,325,2025-05-08,0.13,Consumer,Post-IPO,,United States
CrowdStrike,SF Bay Area,500,2025-05-07,0.05,Security,Post-IPO,1200,United States
Games 24x7,"Mumbai,Non-U.S.",180,2025-05-07,,Consumer,Unknown,75,India
OpenText,"Waterloo,Non-U.S.",1600,2025-05-06,,Data,Post-IPO,1100,Canada
GenWise,"New Delhi,Non-U.S.",15,2025-05-05,0.2,Other,Seed,3,India
General Fusion,"Vancouver,Non-U.S.",,2025-05-05,0.25,Energy,Unknown,370,Canada
Deep Instinct,"Tel Aviv,Non-U.S.",20,2025-05-04,0.1,Security,Unknown,322,Israel
Log 9 Materials,"Bengaluru,Non-U.S.",,2025-05-02,1.0,Manufacturing,Series B,32,India
Beam,"Bristol,Non-U.S.",200,2025-05-01,1.0,Other,Unknown,,United Kingdom
NetApp,SF Bay Area,700,2025-04-30,0.06,Data,Post-IPO,,United States
Electronic Arts,SF Bay Area,300,2025-04-29,,Consumer,Post-IPO,2,United States
Stem,SF Bay Area,,2025-04-29,0.27,Energy,Post-IPO,583,United States
Expedia,Seattle,,2025-04-28,0.03,Travel,Post-IPO,3300,United States
Tomorrow,Seattle,,2025-04-28,1.0,Hardware,Unknown,,United States
Cars24,"Gurugram,Non-U.S.",200,2025-04-26,,Transportation,Series G,1300,India
SambaNova,SF Bay Area,77,2025-04-25,0.15,AI,Series D,1100,United States
Meta,SF Bay Area,100,2025-04-24,,Consumer,Post-IPO,26000,United States
Intel,Sacramento,22000,2025-04-23,0.2,Hardware,Post-IPO,12,United States
Zopper,"Noida,Non-U.S.",100,2025-04-17,,Finance,Series D,125,India
Turo,SF Bay Area,150,2025-04-16,0.17,Transportation,Series E,467,United States
AppLovin,SF Bay Area,97,2025-04-16,,Marketing,Post-IPO,1600,United States
Smashing,SF Bay Area,7,2025-04-16,1.0,Consumer,Seed,3,United States
GupShup,SF Bay Area,200,2025-04-15,,Other,Series F,484,India
Forto,"Berlin,Non-U.S.",200,2025-04-12,,Logistics,Series D,593,Germany
Marin Software,SF Bay Area,,2025-04-10,1.0,Marketing,Post-IPO,99,United States
Wing Cloud,"Tel Aviv,Non-U.S.",,2025-04-09,1.0,Infrastructure,Seed,,Israel
Coho AI,"Tel Aviv,Non-U.S.",,2025-04-06,1.0,Sales,Seed,8,Israel
Five9,SF Bay Area,123,2025-04-03,0.04,Support,Post-IPO,862,United States
Automattic,SF Bay Area,281,2025-04-02,0.16,Other,Series E,986,United States
Canva,"Sydney,Non-U.S.",10,2025-04-02,,Consumer,Unknown,2500,Australia
WhyHive,"Melbourne,Non-U.S.",,2025-04-02,1.0,Data,Seed,,Australia
Northvolt,"Stockholm,Non-U.S.",2800,2025-03-31,0.62,Energy,Unknown,13800,Sweden
Palantir,Denver,120,2025-03-27,,Data,Post-IPO,3000,United States
Block,SF Bay Area,931,2025-03-25,0.08,Finance,Post-IPO,150,United States
Niantic,SF Bay Area,68,2025-03-25,,Other,Series D,770,United States
Prefect,Washington D.C.,20,2025-03-25,,Data,Series B,47,United States
Brightcove,Boston,198,2025-03-19,0.33,Marketing,Acquired,145,United States
Acxiom,Little Rock,130,2025-03-19,0.03,Marketing,Post-IPO,,United States
HelloFresh,SF Bay Area,273,2025-03-17,,Food,Post-IPO,367,United States
Otorio,"Tel Aviv,Non-U.S.",45,2025-03-17,0.56,Security,Acquired,,Israel
ActiveFence,New York City,22,2025-03-13,0.07,Security,Series B,100,United States
D-ID,"Tel Aviv,Non-U.S.",22,2025-03-10,0.25,AI,Series B,48,Israel
Arrival,"London,Non-U.S.",,2025-03-10,1.0,Transportation,Post-IPO,629,United Kingdom
Wayfair,Boston,340,2025-03-07,,Retail,Post-IPO,1700,Germany
Hewlett Packard Enterprise,SF Bay Area,2500,2025-03-06,0.05,Hardware,Post-IPO,1400,United States
TikTok,"Dublin,Non-U.S.",300,2025-03-06,,Consumer,Acquired,,Ireland
LiveRamp,SF Bay Area,65,2025-03-05,0.05,Marketing,Post-IPO,16,United States
Ola Electric,"Bengaluru,Non-U.S.",1000,2025-03-03,,Transportation,Post-IPO,1700,India
Rec Room,Seattle,,2025-03-03,0.16,Consumer,Series F,294,United States
ANS Commerce,"Gurugram,Non-U.S.",,2025-03-02,1.0,Retail,Acquired,2,India
HP,SF Bay Area,2000,2025-02-28,,Hardware,Post-IPO,,United States
Grubhub,SF Bay Area,500,2025-02-28,0.23,Food,Acquired,284,United States
Autodesk,SF Bay Area,1350,2025-02-27,0.09,Other,Post-IPO,,United States
Digimarc,Portland,90,2025-02-27,0.4,Other,Post-IPO,105,United States
Flywire,Boston,125,2025-02-26,,Finance,Series E,263,United States
eBay,"Tel Aviv,Non-U.S.",20,2025-02-26,,Retail,Post-IPO,1200,Israel
Commercetools,"Munich,Non-U.S.",,2025-02-26,0.1,Retail,Series C,119,Germany
Dayforce,"Toronto,Non-U.S.",,2025-02-26,0.05,HR,Post-IPO,40,Canada
Skybox Security,SF Bay Area,300,2025-02-24,1.0,Security,Private Equity,335,United States
HerMD,Cincinnati,,2025-02-24,1.0,Healthcare,Series A,28,United States
Ibotta,Denver,70,2025-02-22,0.08,Retail,Post-IPO,93,United States
Zendesk,SF Bay Area,51,2025-02-21,,Support,Acquired,85,United States
Electriq Global,"Tel Aviv,Non-U.S.",,2025-02-21,1.0,Energy,Unknown,8,Israel
SeatGeek,New York City,150,2025-02-20,0.15,Consumer,Series E,400,United States
Vendease,"Lagos,Non-U.S.",120,2025-02-19,0.44,Food,Series A,43,Nigeria
Logically,"Manchester,Non-U.S.",40,2025-02-17,0.2,AI,Series A,37,United Kingdom
Blue Origin,Seattle,1000,2025-02-13,0.1,Aerospace,Unknown,167,United States
Metro Africa Xpress,"Lagos,Non-U.S.",150,2025-02-13,,Logistics,Unknown,64,Nigeria
Sophos,"Oxford,Non-U.S.",,2025-02-13,0.06,Security,Acquired,125,United Kingdom
Redfin,Seattle,450,2025-02-12,,Real Estate,Post-IPO,320,United States
Zepz,"London,Non-U.S.",200,2025-02-12,0.2,Finance,Series E,700,United Kingdom
Meta,SF Bay Area,3600,2025-02-10,0.05,Consumer,Post-IPO,26000,United States
Wise,Tampa Bay,300,2025-02-10,,Finance,Post-IPO,300,United States
Justworks,New York City,200,2025-02-10,,HR,Unknown,160,United States
MessageBird,"Amsterdam,Non-U.S.",120,2025-02-10,0.33,Other,Series C,1100,Netherlands
Sprinklr,New York City,500,2025-02-06,0.15,Support,Post-IPO,429,United States
NanoLock,"Tel Aviv,Non-U.S.",,2025-02-06,1.0,Security,Series B,18,Israel
Workday,SF Bay Area,1750,2025-02-05,0.08,HR,Post-IPO,230,United States
Outbrain,New York City,200,2025-02-05,,Marketing,Post-IPO,394,United States
Sonos,Santa Barbara,200,2025-02-05,0.12,Consumer,Post-IPO,455,United States
SRTX,"Montreal,Non-U.S.",140,2025-02-05,,Manufacturing,Unknown,151,Canada
Tabnine,"Tel Aviv,Non-U.S.",15,2025-02-05,0.18,AI,Series B,57,Israel
Hugging Face,New York City,10,2025-02-05,0.04,AI,Series D,395,United States
Cruise,SF Bay Area,1000,2025-02-04,0.5,Transportation,Acquired,15000,United States
Okta,SF Bay Area,180,2025-02-04,0.03,Security,Post-IPO,1200,United States
AppsFlyer,SF Bay Area,100,2025-02-04,0.07,Data,Unknown,293,United States
Asana,SF Bay Area,100,2025-02-04,,Other,Post-IPO,453,United States
TripAdvisor,Boston,75,2025-02-04,,Travel,Post-IPO,3,United States
Intel,Sacramento,58,2025-02-04,,Hardware,Post-IPO,12,United States
Salesforce,SF Bay Area,1000,2025-02-03,0.01,Sales,Post-IPO,65,United States
Sure,New York City,70,2025-02-03,,Finance,Series C,123,United States
Cushion,SF Bay Area,,2025-01-30,1.0,Finance,Series A,20,United States
Placer.ai,SF Bay Area,150,2025-01-29,0.18,Data,Unknown,267,United States
Digital River,Minneapolis,122,2025-01-28,,Retail,Private Equity,50,United States
Stripe,SF Bay Area,300,2025-01-21,0.03,Finance,Series I,8700,United States
Unbabel,"Lisbon,Non-U.S.",66,2025-01-20,0.25,Support,Series C,91,Portugal
Chrono24,"Karlsruhe,Non-U.S.",110,2025-01-16,0.24,Retail,Series C,205,Germany
Pocket FM,"Bengaluru,Non-U.S.",75,2025-01-16,,Media,Series D,212,India
Aurora Solar,SF Bay Area,58,2025-01-16,,Energy,Series D,523,United States
HeyJobs,"Berlin,Non-U.S.",90,2025-01-15,,Recruiting,Series B,62,Germany
AppLovin,SF Bay Area,89,2025-01-15,,Marketing,Post-IPO,1600,United States
ShareChat,"Bengaluru,Non-U.S.",27,2025-01-15,0.05,Marketing,Series D,222,India
Textio,Seattle,15,2025-01-15,,Recruiting,Unknown,42,United States
Advisor Credit Exchange,Philadelphia,,2025-01-14,1.0,Finance,Unknown,31,United States
Alza,New York City,,2025-01-13,1.0,Finance,Seed,7,United States
Boozt,"Malmo,Non-U.S.",,2025-01-13,0.1,Retail,Post-IPO,56,Sweden
Wayfair,"Berlin,Non-U.S.",730,2025-01-10,0.03,Retail,Post-IPO,1700,Germany
Pandion,Seattle,63,2025-01-10,1.0,Logistics,Series B,76,United States
Icon,Austin,114,2025-01-09,,Construction,Series B,451,United States
Redfin,Seattle,46,2025-01-09,,Real Estate,Post-IPO,320,United States
Altruist,SF Bay Area,37,2025-01-07,0.1,Finance,Series E,449,United States
SolarEdge,"Tel Aviv,Non-U.S.",400,2025-01-06,,Energy,Post-IPO,155,Israel
Level,New York City,,2025-01-02,1.0,Finance,Series B,27,United States
GupShup,SF Bay Area,300,2024-12-31,,Other,Series F,484,India
Brave Care,Portland,,2024-12-31,1.0,Healthcare,Series B,43,United States
Epicery,"Paris,Non-U.S.",,2024-12-31,1.0,Food,Acquired,7,France
Bench,"Vancouver,Non-U.S.",450,2024-12-27,1.0,Finance,Series C,109,Canada
Lilium,"Munich,Non-U.S.",1000,2024-12-23,1.0,Aerospace,Post-IPO,1400,Germany
BionicHIVE,"Sderot,Non-U.S.",,2024-12-22,1.0,Hardware,Unknown,,Israel
Thrive,"Mumbai,Non-U.S.",,2024-12-14,1.0,Food,Series A,,India
Cint,"Stockholm,Non-U.S.",,2024-12-12,0.12,Data,Post-IPO,17,Sweden
Foundry,Rochester,74,2024-12-11,0.27,Crypto,Subsidiary,,United States
Calendly,Atlanta,70,2024-12-11,0.13,Other,Series B,351,United States
Canoo,Los Angeles,20,2024-12-11,,Transportation,Post-IPO,300,United States
OfferUp,Seattle,,2024-12-11,0.22,Retail,Unknown,381,United States
Bluevine,"Tel Aviv,Non-U.S.",100,2024-12-10,0.18,Finance,Unknown,769,Israel
EasyKnock,New York City,,2024-12-09,1.0,Real Estate,Series D,440,United States
Carousell,"Singapore,Non-U.S.",76,2024-12-06,0.07,Retail,Unknown,375,Singapore
Mixtroz,Birmingham,,2024-12-06,1.0,Other,Seed,2,United States
Circle,Boston,50,2024-12-05,0.06,Crypto,Private Equity,1100,United States
Stash,New York City,88,2024-12-04,0.4,Finance,Unknown,480,United States
Booking Holdings,Norwalk,60,2024-12-04,,Travel,Post-IPO,2800,United States
Skai,"Tel Aviv,Non-U.S.",80,2024-12-03,0.14,Marketing,Series E,60,Israel
Lightspeed Commerce,"Montreal,Non-U.S.",200,2024-12-02,,Retail,Post-IPO,1200,Canada
Kobo360,"Lagos,Non-U.S.",30,2024-11-30,,Logistics,Series B,85,Nigeria
Klub,"Bengaluru,Non-U.S.",60,2024-11-29,,Finance,Unknown,35,India
SolarEdge,"Tel Aviv,Non-U.S.",500,2024-11-27,0.12,Energy,Post-IPO,155,Israel
AlphaSense,New York City,150,2024-11-27,0.08,Other,Series F,1400,United States
Ola Electric,"Bengaluru,Non-U.S.",500,2024-11-22,,Transportation,Post-IPO,1700,India
Adjust,"Berlin,Non-U.S.",304,2024-11-22,,Marketing,Acquired,256,Germany
LinkedIn,SF Bay Area,202,2024-11-21,0.01,Recruiting,Acquired,154,United States
Headspace,Los Angeles,,2024-11-20,0.13,Healthcare,Unknown,216,United States
TrueLayer,"London,Non-U.S.",71,2024-11-15,0.25,Finance,Series E,321,United Kingdom
Better Collective,"Copenhagen,Non-U.S.",300,2024-11-14,,Other,Unknown,,Denmark
Kuku FM,"Mumbai,Non-U.S.",80,2024-11-14,,Media,Series C,71,India
AMD,SF Bay Area,1000,2024-11-13,0.04,Hardware,Post-IPO,,United States
AppLovin,SF Bay Area,120,2024-11-13,,Marketing,Post-IPO,1600,United States
Chegg,SF Bay Area,319,2024-11-12,0.21,Education,Post-IPO,227,United States
Forward,SF Bay Area,200,2024-11-12,1.0,Healthcare,Series E,325,United States
Lyra Health,SF Bay Area,77,2024-11-12,0.02,Healthcare,Series F,910,United States
Stoa,"Bengaluru,Non-U.S.",,2024-11-12,1.0,Education,Seed,,India
Enphase Energy,SF Bay Area,500,2024-11-11,0.17,Energy,Post-IPO,116,United States
23andMe,SF Bay Area,200,2024-11-11,0.4,Healthcare,Post-IPO,1100,United States
Sword Health,New York City,13,2024-11-11,,Healthcare,Unknown,450,United States
Monarch Tractor,SF Bay Area,35,2024-11-08,0.1,Other,Unknown,214,United States
Exosonic,Los Angeles,,2024-11-08,1.0,Aerospace,Seed,4,United States
Freshworks,SF Bay Area,660,2024-11-07,0.13,Support,Post-IPO,484,United States
Just Eat,"Amsterdam,Non-U.S.",300,2024-11-07,0.02,Food,Acquired,129,Netherlands
Opendoor,SF Bay Area,300,2024-11-07,0.17,Real Estate,Post-IPO,1900,United States
Akamai,Boston,250,2024-11-07,0.02,Security,Post-IPO,35,United States
ShareFile,Raleigh,199,2024-11-07,,Other,Acquired,,United States
Personio,"Munich,Non-U.S.",115,2024-11-07,0.06,HR,Series E,724,Germany
iRobot,Boston,105,2024-11-06,0.16,Consumer,Post-IPO,30,United States
Outreach,Seattle,67,2024-11-06,0.09,Sales,Series G,489,United States
Mozilla Foundation,SF Bay Area,,2024-11-05,0.3,Consumer,Subsidiary,2,United States
Incredibuild,"Tel Aviv,Non-U.S.",18,2024-11-04,0.11,Product,Acquired,35,Israel
Atera,"Tel Aviv,Non-U.S.",20,2024-11-03,0.06,Other,Series B,102,Israel
Maven Clinic,New York City,60,2024-11-01,0.1,Healthcare,Series F,417,United States
Bowery Farming,New York City,,2024-11-01,1.0,Food,Unknown,626,United States
Dropbox,SF Bay Area,527,2024-10-30,0.2,Other,Post-IPO,1700,United States
Kraken,SF Bay Area,400,2024-10-30,0.15,Crypto,Unknown,134,United States
Miro,SF Bay Area,275,2024-10-30,0.18,Other,Series C,476,United States
ConsenSys,New York City,163,2024-10-29,0.2,Crypto,Series D,726,United States
F5,Seattle,100,2024-10-29,0.02,Security,Post-IPO,,United States
Docker,SF Bay Area,,2024-10-29,0.1,Infrastructure,Series C,436,United States
dYdX,SF Bay Area,,2024-10-29,0.35,Crypto,Series C,87,United States
Coursera,SF Bay Area,150,2024-10-25,0.1,Education,Post-IPO,458,United States
Kyte,SF Bay Area,,2024-10-25,0.4,Transportation,Unknown,548,United States
Catena Media,"Sliema,Non-U.S.",29,2024-10-23,,Marketing,Unknown,,Malta
Upwork,SF Bay Area,,2024-10-23,0.21,Other,Post-IPO,168,United States
Venminder,Louisville,100,2024-10-21,,Security,Acquired,49,United States
Jellysmack,New York City,22,2024-10-21,,Media,Series C,22,France
CapWay,Atlanta,,2024-10-17,1.0,Finance,Unknown,,United States
Gigamon,SF Bay Area,69,2024-10-15,,Data,Acquired,23,United States
AppLovin,SF Bay Area,58,2024-10-15,,Marketing,Post-IPO,1600,United States
Fable,New York City,,2024-10-15,1.0,Product,Series A,19,United States
Bytedance,"Jakarta,Non-U.S.",500,2024-10-11,,Consumer,Unknown,9400,Indonesia
Nikola,Phoenix,130,2024-10-11,0.15,Transportation,Post-IPO,3300,United States
Toplyne,"Bengaluru,Non-U.S.",,2024-10-11,1.0,Sales,Series A,17,India
CareerBuilder + Monster,Chicago,200,2024-10-10,0.15,Recruiting,Acquired,,United States
GoWild,Louisville,,2024-10-10,1.0,Retail,Seed,8,United States
Grabango,SF Bay Area,,2024-10-09,1.0,Food,Unknown,94,United States
BeepKart,"Bengaluru,Non-U.S.",130,2024-10-08,0.4,Retail,Series A,19,India
Zapp,"London,Non-U.S.",,2024-10-08,0.9,Food,Series B,300,United Kingdom
Eaze,SF Bay Area,500,2024-10-07,1.0,Consumer,Series D,202,United States
PubMatic,SF Bay Area,12,2024-10-07,0.01,Marketing,Post-IPO,63,United States
Zapata Computing,Boston,,2024-10-07,1.0,Other,Post-IPO,82,United States
AppLovin,SF Bay Area,65,2024-10-03,,Marketing,Post-IPO,1600,United States
Tome,SF Bay Area,12,2024-10-02,0.31,Sales,Series B,75,United States
Alma,New York City,,2024-10-02,0.09,Healthcare,Series D,220,United States
Flexport,SF Bay Area,,2024-10-02,0.02,Logistics,Series E,2400,United States
ABBYY,Nicosia,200,2024-10-01,,Data,Unknown,6,Cyprus
FreshBooks,"Toronto,Non-U.S.",140,2024-10-01,,Finance,Unknown,331,Canada
Vendease,"Lagos,Non-U.S.",68,2024-09-30,0.2,Food,Series A,43,Nigeria
Marin Software,SF Bay Area,27,2024-09-30,0.26,Marketing,Post-IPO,99,United States
Shein,"Singapore,Non-U.S.",17,2024-09-30,,Retail,Private Equity,4100,Singapore
DoubleCloud,"Dubai,Non-U.S.",,2024-09-30,1.0,Infrastructure,Unknown,,UAE
Greenikk,"Trivandrum,Non-U.S.",,2024-09-30,1.0,Food,Seed,1,India
Drata,San Diego,40,2024-09-26,0.09,Security,Series C,328,United States
Moov,Cedar Falls,50,2024-09-25,,Finance,Series B,77,United States
FreightWaves,Chattanooga,16,2024-09-24,,Logistics,Private Equity,92,United States
Northvolt,"Stockholm,Non-U.S.",1600,2024-09-23,0.2,Energy,Unknown,13800,Sweden
Olo,New York City,,2024-09-23,0.09,Food,Post-IPO,184,United States
Healthy.io,"Tel Aviv,Non-U.S.",40,2024-09-22,0.3,Healthcare,Series D,185,Israel
Reverb,Chicago,40,2024-09-20,,Retail,Acquired,47,United States
Luminar,Orlando,,2024-09-20,0.15,Transportation,Post-IPO,780,United States
Notable Labs,SF Bay Area,,2024-09-20,0.65,Healthcare,Series B,,United States
CarTrawler,"Dublin,Non-U.S.",40,2024-09-19,0.1,Transportation,Acquired,,Ireland
ApplyBoard,"Waterloo,Non-U.S.",,2024-09-19,0.04,Education,Series D,483,Canada
Spendesk,"Paris,Non-U.S.",151,2024-09-18,,Finance,Series C,,France
Aakash,"New Delhi,Non-U.S.",80,2024-09-18,,Education,Acquired,,India
Runtastic,"Linz,Non-U.S.",170,2024-09-16,,Fitness,Acquired,,Austria
Microsoft,Seattle,650,2024-09-12,,Other,Post-IPO,1,United States
Amperity,Seattle,,2024-09-12,0.13,Marketing,Series D,187,United States
Udemy,SF Bay Area,280,2024-09-11,,Education,Post-IPO,311,United States
Mobileye,"Jerusalem,Non-U.S.",100,2024-09-09,,Transportation,Post-IPO,2100,Israel
InsurStaq.ai,"New Delhi,Non-U.S.",,2024-09-09,1.0,AI,Seed,,India
Nori,Seattle,,2024-09-09,1.0,Energy,Unknown,19,United States
WeTransfer,"Amsterdam,Non-U.S.",260,2024-09-08,0.75,Other,Acquired,64,Netherlands
Center,Seattle,8,2024-09-07,0.04,Finance,Series C,102,United States
Goop,Los Angeles,39,2024-09-06,0.18,Retail,Unknown,75,United States
Motif Foodworks,Boston,,2024-09-06,1.0,Food,Unknown,343,United States
ChargePoint,SF Bay Area,250,2024-09-04,0.15,Manufacturing,Unknown,1400,United States
Fly.io,Chicago,40,2024-09-04,,Infrastructure,Series C,110,United States
Lyft,SF Bay Area,30,2024-09-04,0.01,Transportation,Post-IPO,4900,United States
Matter Labs,"Berlin,Non-U.S.",,2024-09-03,0.16,Crypto,Unknown,380,Germany
Dozee,"Bengaluru,Non-U.S.",40,2024-09-02,,Healthcare,Series A,26,India
Dunzo,"Bengaluru,Non-U.S.",150,2024-08-31,0.75,Food,Unknown,458,India
Character.ai,SF Bay Area,6,2024-08-29,0.05,AI,Series A,150,United States
Brave,SF Bay Area,27,2024-08-28,0.14,Consumer,Series B,42,United States
Apple,SF Bay Area,100,2024-08-27,,Hardware,Post-IPO,1200,United States
IBM,"Beijing,Non-U.S.",1000,2024-08-26,,Hardware,Post-IPO,,China
Tome Biosciences,Boston,131,2024-08-26,1.0,Healthcare,Series A,213,United States
Velo3D,SF Bay Area,42,2024-08-26,,Manufacturing,Post-IPO,305,United States
Kenko Health,"Mumbai,Non-U.S.",,2024-08-23,1.0,Healthcare,Series A,14,India
Received,New York City,,2024-08-23,1.0,Finance,Unknown,,United States
Redfin,Seattle,82,2024-08-22,0.02,Real Estate,Post-IPO,320,United States
Kaiyo,New York City,,2024-08-21,1.0,Retail,Series B,43,United States
Skip the Dishes,"Winnipeg,Non-U.S.",800,2024-08-20,,Food,Acquired,8,Canada
Five9,SF Bay Area,190,2024-08-20,0.07,Support,Post-IPO,862,United States
ReshaMandi,"Bengaluru,Non-U.S.",,2024-08-20,1.0,Food,Unknown,54,India
GoPro,SF Bay Area,139,2024-08-19,0.15,Consumer,Post-IPO,288,United States
Paper,"Montreal,Non-U.S.",81,2024-08-16,0.45,Education,Series D,389,Canada
Retention.com,Austin,15,2024-08-16,,Marketing,Unknown,,United States
Regrow Ag,Durham,,2024-08-16,0.19,Food,Series B,64,United States
AppLovin,SF Bay Area,61,2024-08-15,,Marketing,Post-IPO,1600,United States
Inuitive,"Ra'anana,Non-U.S.",16,2024-08-15,0.2,Manufacturing,Unknown,23,Israel
Mister Spex,"Berlin,Non-U.S.",,2024-08-15,0.1,Retail,Post-IPO,158,Germany
Sampler,"Toronto,Non-U.S.",,2024-08-15,1.0,Retail,Series B,10,Canada
Sonos,Santa Barbara,100,2024-08-14,0.06,Consumer,Post-IPO,455,United States
Grail,SF Bay Area,350,2024-08-13,,Healthcare,Post-IPO,,United States
DayTwo,SF Bay Area,,2024-08-13,1.0,Healthcare,Series B,90,United States
Quizac,"Lagos,Non-U.S.",,2024-08-13,1.0,Education,Acquired,,Nigeria
Tally,SF Bay Area,,2024-08-12,1.0,Finance,Series C,172,United States
Cisco,SF Bay Area,5600,2024-08-09,0.07,Infrastructure,Post-IPO,2,United States
Branch.io,SF Bay Area,100,2024-08-09,,Marketing,Series F,667,United States
iCIMS,Holmdel,69,2024-08-09,,Recruiting,Acquired,93,United States
Submittable,Missoula,40,2024-08-08,,Other,Unknown,115,United States
Fastly,SF Bay Area,,2024-08-08,0.11,Infrastructure,Post-IPO,219,United States
Eventbrite,SF Bay Area,100,2024-08-07,0.11,Consumer,Post-IPO,557,United States
LegalZoom,Los Angeles,,2024-08-07,0.15,Legal,Post-IPO,952,United States
Axios Media,Washington D.C.,50,2024-08-06,0.1,Media,Acquired,57,United States
Mobius Motors,"Nairobi,Non-U.S.",,2024-08-06,1.0,Transportation,Unknown,6,Kenya
Teradata,San Diego,,2024-08-06,0.13,Data,Post-IPO,,United States
Infineon,"Munich,Non-U.S.",1400,2024-08-05,,Manufacturing,Post-IPO,1500,Germany
Jam City,Los Angeles,85,2024-08-05,0.1,Consumer,Unknown,652,United States
ShareChat,"Bengaluru,Non-U.S.",30,2024-08-03,0.05,Marketing,Series D,222,India
Intel,SF Bay Area,15000,2024-08-01,0.15,Hardware,Post-IPO,12,United States
Avaya,Durham,180,2024-08-01,0.03,Other,Post-IPO,700,United States
Bungie,Seattle,220,2024-07-31,0.17,Consumer,Acquired,100,United States
Delivery Hero,"Berlin,Non-U.S.",200,2024-07-31,,Food,Post-IPO,9900,Germany
Match Group,New York City,,2024-07-31,0.06,Consumer,Post-IPO,,United States
NerdWallet,SF Bay Area,,2024-07-30,0.15,Finance,Post-IPO,105,United States
Moxion Power,SF Bay Area,248,2024-07-29,1.0,Energy,Unknown,124,United States
Pocket FM,"Bengaluru,Non-U.S.",200,2024-07-27,,Media,Series D,212,India
WayCool,"Chennai,Non-U.S.",200,2024-07-26,,Food,Unknown,363,India
Webflow,SF Bay Area,,2024-07-25,0.08,Marketing,Series C,335,United States
Humble Games,SF Bay Area,36,2024-07-23,1.0,Media,Acquired,4,United States
Cohere,"Toronto,Non-U.S.",20,2024-07-23,0.05,AI,Series D,935,Canada
Bluelearn,"Bengaluru,Non-U.S.",,2024-07-22,1.0,Education,Seed,4,India
Magic Leap,Miami,75,2024-07-19,,Consumer,Series E,4100,United States
Mercari U.S.,SF Bay Area,,2024-07-19,0.5,Retail,Subsidiary,,United States
Aqua Security,Boston,50,2024-07-17,0.1,Security,Series E,325,United States
EverC,"Tel Aviv,Non-U.S.",16,2024-07-17,0.1,Security,Unknown,61,Israel
ON,SF Bay Area,60,2024-07-16,1.0,Retail,Unknown,81,United States
SolarEdge,"Tel Aviv,Non-U.S.",400,2024-07-15,,Energy,Post-IPO,155,Israel
Salesforce,SF Bay Area,300,2024-07-15,,Sales,Post-IPO,65,United States
Spotify,"Stockholm,Non-U.S.",40,2024-07-15,,Media,Post-IPO,2100,Sweden
SadaPay,"Islamabad,Non-U.S.",,2024-07-12,0.3,Finance,Acquired,20,Pakistan
Intuit,SF Bay Area,1800,2024-07-10,0.1,Finance,Post-IPO,18,United States
Redbox,Chicago,1000,2024-07-10,1.0,Media,Acquired,51,United States
CyberProof,Los Angeles,,2024-07-10,0.07,Security,Subsidiary,,United States
UIPath,New York City,420,2024-07-09,0.1,Other,Post-IPO,2000,United States
UKG,Boston,2200,2024-07-03,0.14,HR,Unknown,,United States
OpenText,"Waterloo,Non-U.S.",1200,2024-07-03,0.02,Data,Post-IPO,1100,Canada
Unacademy,"Bengaluru,Non-U.S.",250,2024-07-02,,Education,Series H,838,India
Koo,"Bengaluru,Non-U.S.",,2024-07-02,1.0,Consumer,Unknown,51,India
Lightricks,"Jerusalem,Non-U.S.",70,2024-07-01,0.12,Consumer,Series D,335,Israel
Upside Foods,SF Bay Area,26,2024-07-01,,Food,Unknown,598,United States
Sightful,"Tel Aviv,Non-U.S.",20,2024-07-01,0.33,Hardware,Unknown,61,Israel
Ninja Van,"Singapore,Non-U.S.",,2024-07-01,0.05,Transportation,Series E,974,Singapore
Priceline,Norwalk,103,2024-06-28,0.07,Travel,Acquired,77,United States
RealPage,Dallas,260,2024-06-27,0.04,Real Estate,Acquired,105,United States
Planet,SF Bay Area,180,2024-06-26,0.17,Aerospace,Post-IPO,574,United States
Moxion Power,SF Bay Area,101,2024-06-26,,Energy,Unknown,124,United States
Perion,"Tel Aviv,Non-U.S.",35,2024-06-25,0.05,Marketing,Post-IPO,76,Israel
Flutterwave,"Lagos,Non-U.S.",30,2024-06-24,0.03,Finance,Unknown,509,Nigeria
Ginkgo Bioworks,Boston,400,2024-06-20,0.35,Healthcare,Post-IPO,1600,United States
ReshaMandi,"Bengaluru,Non-U.S.",,2024-06-20,0.8,Food,Unknown,54,India
Emma Sleep,"Frankfurt,Non-U.S.",200,2024-06-19,0.18,Retail,Acquired,,Germany
Moovit,"Tel Aviv,Non-U.S.",20,2024-06-19,0.1,Transportation,Acquired,131,Israel
Wex,Portland,375,2024-06-18,0.05,Finance,Post-IPO,400,United States
PayPal,SF Bay Area,85,2024-06-18,,Finance,Post-IPO,216,Ireland
Rapyd,"Tel Aviv,Non-U.S.",30,2024-06-18,,Finance,Unknown,770,Israel
C2FO,Kansas City,16,2024-06-18,,Finance,Series H,537,United States
Fisker,Los Angeles,,2024-06-18,1.0,Transportation,Post-IPO,1700,United States
Chegg,SF Bay Area,441,2024-06-17,0.23,Education,Post-IPO,227,United States
Stackpath,Dallas,,2024-06-17,1.0,Infrastructure,Series B,396,United States
Unit,New York City,,2024-06-17,0.15,Finance,Series C,170,United States
LOOP,Austin,23,2024-06-16,0.77,Finance,Series A,34,United States
Care/of,New York City,143,2024-06-15,1.0,Healthcare,Acquired,83,United States
Running Tide,Portland,,2024-06-15,1.0,Energy,Series B,54,United States
Satellogic,"Montevideo,Non-U.S.",70,2024-06-14,0.3,Aerospace,Post-IPO,424,Uruguay
Cypress.io,Atlanta,11,2024-06-14,,Product,Series B,54,United States
Bytedance,"Jakarta,Non-U.S.",450,2024-06-12,,Consumer,Unknown,9400,Indonesia
Paxos,New York City,65,2024-06-12,0.2,Crypto,Unknown,543,United States
SCiFi Foods,SF Bay Area,,2024-06-12,1.0,Food,Series A,39,United States
VRChat,SF Bay Area,,2024-06-12,0.3,Consumer,Series D,95,United States
Ladenzeile,"Berlin,Non-U.S.",,2024-06-11,1.0,Retail,Subsidiary,,Germany
Paytm,"Noida,Non-U.S.",3500,2024-06-10,,Finance,Subsidiary,,India
Kissflow,"Chennai,Non-U.S.",45,2024-06-10,0.11,Other,Unknown,1,India
Copia,"Nairobi,Non-U.S.",1060,2024-06-06,,Retail,Series C,103,Kenya
Revel,New York City,1000,2024-06-06,,Transportation,Unknown,214,United States
Simpl,"Bengaluru,Non-U.S.",30,2024-06-06,,Finance,Series B,72,India
Oda,"Oslo,Non-U.S.",150,2024-06-05,,Food,Unknown,691,Norway
Pagaya,"Tel Aviv,Non-U.S.",100,2024-06-05,0.2,Finance,Post-IPO,2000,Israel
Aleph Farms,"Tel Aviv,Non-U.S.",30,2024-06-05,0.3,Food,Unknown,119,Israel
MoonPay,Dover,30,2024-06-05,0.1,Crypto,Unknown,651,United States
Yext,New York City,,2024-06-05,0.12,Marketing,Post-IPO,117,United States
Microsoft,Seattle,1000,2024-06-03,,Other,Post-IPO,1,United States
OrCam,"Jerusalem,Non-U.S.",100,2024-06-03,0.5,Healthcare,Unknown,86,Israel
Google,SF Bay Area,100,2024-05-31,,Consumer,Post-IPO,26,United States
Tropic,New York City,40,2024-05-31,,Finance,Series B,67,United States
Gro Intelligence,New York City,,2024-05-31,0.1,Food,Series B,118,United States
FlightStats,Portland,73,2024-05-30,,Travel,Acquired,3,United States
ICANN,Los Angeles,33,2024-05-30,0.07,Infrastructure,Unknown,,United States
Walnut,New York City,15,2024-05-29,0.2,Sales,Series B,56,United States
Glovo,"Madrid,Non-U.S.",22,2024-05-25,,Food,Acquired,1200,Spain
Lucid Motors,SF Bay Area,400,2024-05-24,0.06,Transportation,Post-IPO,8300,United States
Satellogic,"Montevideo,Non-U.S.",34,2024-05-24,0.13,Aerospace,Post-IPO,424,Uruguay
Foursquare,New York City,105,2024-05-23,0.25,Marketing,Series G,390,United States
Guild,Denver,300,2024-05-22,0.25,Education,Series F,643,United States
Cue Health,San Diego,180,2024-05-22,1.0,Healthcare,Post-IPO,899,United States
Silo,SF Bay Area,,2024-05-22,0.3,Food,Series C,272,United States
TikTok,Los Angeles,1000,2024-05-21,,Consumer,Acquired,,United States
Joonko,New York City,,2024-05-19,1.0,HR,Series B,38,United States
Toshiba,"Tokyo,Non-U.S.",4000,2024-05-16,,Manufacturing,Unknown,,Japan
Wefox,"Berlin,Non-U.S.",60,2024-05-16,,Finance,Series D,1300,Germany
Replit,SF Bay Area,30,2024-05-16,0.2,Product,Unknown,222,United States
Gopuff,Philadelphia,,2024-05-16,0.06,Food,Series H,3400,United States
Karhoo,"London,Non-U.S.",,2024-05-16,1.0,Transportation,Acquired,39,United Kingdom
SeekOut,Seattle,,2024-05-16,0.3,Recruiting,Series C,,United States
Atmosphere,Austin,100,2024-05-15,,Other,Series D,214,United States
Singularity 6,Los Angeles,36,2024-05-15,,Other,Series B,49,United States
Mainvest,Boston,,2024-05-14,1.0,Finance,Unknown,3,United States
Indeed,Austin,1000,2024-05-13,0.08,HR,Acquired,5,United States
Motional,Pittsburgh,550,2024-05-10,0.4,Transportation,Unknown,,United States
Rivian,Los Angeles,120,2024-05-10,,Transportation,Post-IPO,10700,United States
Google,SF Bay Area,57,2024-05-10,,Consumer,Post-IPO,26,United States
Vacasa,Portland,800,2024-05-09,0.13,Travel,Post-IPO,834,United States
Sight Diagnostics,"Tel Aviv,Non-U.S.",40,2024-05-09,0.3,Healthcare,Series D,124,Israel
PrepLadder,"New Delhi,Non-U.S.",145,2024-05-08,0.25,Education,Acquired,,India
Simpl,"Bengaluru,Non-U.S.",100,2024-05-08,0.15,Finance,Series B,72,India
Arkane Studios,Austin,96,2024-05-08,1.0,Consumer,Unknown,,United States
Brilliant,SF Bay Area,,2024-05-08,1.0,Hardware,Series B,64,United States
Kinaxis,"Ottawa,Non-U.S.",,2024-05-08,0.06,Other,Post-IPO,79,Canada
Enovix,SF Bay Area,170,2024-05-06,0.33,Energy,Post-IPO,516,United States
Cue Health,San Diego,230,2024-05-03,0.49,Healthcare,Post-IPO,899,United States
Rivian,Los Angeles,150,2024-05-03,0.01,Transportation,Post-IPO,10700,United States
Luminar,Orlando,140,2024-05-03,0.2,Transportation,Post-IPO,780,United States
Sprinklr,New York City,116,2024-05-03,0.03,Support,Post-IPO,429,United States
Bakkt,Atlanta,28,2024-05-03,,Crypto,Post-IPO,932,United States
Peloton,New York City,400,2024-05-02,0.15,Fitness,Post-IPO,1900,United States
Cabify,"Madrid,Non-U.S.",29,2024-05-02,,Transportation,Unknown,601,Spain
Google,SF Bay Area,200,2024-05-01,,Consumer,Post-IPO,26,United States
Assurance,Seattle,112,2024-05-01,1.0,Finance,Acquired,,United States
Sproutt,Hartford,,2024-05-01,1.0,Finance,Series B,38,United States
Tesla,Austin,500,2024-04-30,,Transportation,Post-IPO,20200,United States
RiseUp,"Tel Aviv,Non-U.S.",50,2024-04-30,0.5,Finance,Series B,30,Israel
Akili Interactive,Boston,,2024-04-30,0.46,Healthcare,Post-IPO,271,United States
Getir,"London,Non-U.S.",3300,2024-04-29,,Food,Series E,1800,United Kingdom
Ola,"Bengaluru,Non-U.S.",180,2024-04-29,0.1,Transportation,Series J,5000,India
Ninja Van,"Singapore,Non-U.S.",21,2024-04-29,0.1,Transportation,Series E,974,Singapore
ComplYant,Los Angeles,,2024-04-29,1.0,Finance,Seed,6,United States
HealthifyMe,"Bengaluru,Non-U.S.",150,2024-04-27,0.27,Healthcare,Series D,130,India
True Anomaly,Denver,30,2024-04-25,0.25,Aerospace,Series B,158,United States
Freenome,SF Bay Area,100,2024-04-23,0.2,Healthcare,Series E,1400,United States
Heureka Group,"Prague,Non-U.S.",100,2024-04-23,0.16,Retail,Acquired,,Czech Republic
OutSystems,Boston,150,2024-04-19,0.08,Product,Series G,802,United States
The Good Glamm Group,"New Delhi,Non-U.S.",150,2024-04-18,0.15,Retail,Unknown,180,India
Showpad,"Ghent,Non-U.S.",50,2024-04-18,0.1,Marketing,Series D,159,Belgium
Stability AI,"London,Non-U.S.",20,2024-04-18,,AI,Unknown,174,United Kingdom
Pax8,Denver,,2024-04-18,0.05,Infrastructure,Unknown,400,United States
Rivian,Detroit,,2024-04-17,0.01,Transportation,Post-IPO,10700,United States
Take-Two,New York City,579,2024-04-16,0.05,Consumer,Post-IPO,4100,United States
Tome,SF Bay Area,12,2024-04-16,0.25,AI,Series B,75,United States
Tesla,Austin,14000,2024-04-15,0.1,Transportation,Post-IPO,20200,United States
Criteo,"Paris,Non-U.S.",140,2024-04-12,0.04,Marketing,Post-IPO,61,France
Glovo,"Barcelona,Non-U.S.",25,2024-04-12,,Food,Acquired,1200,Spain
TikTok,"Dublin,Non-U.S.",250,2024-04-11,,Consumer,Acquired,,Ireland
Fabric,New York City,30,2024-04-11,0.15,Logistics,Series C,336,United States
Hinge Health,SF Bay Area,,2024-04-11,0.1,Healthcare,Series E,826,United States
Zoe,"London,Non-U.S.",,2024-04-11,0.2,Healthcare,Series B,89,United Kingdom
Cornershop,"Santiago,Non-U.S.",200,2024-04-10,,Food,Acquired,32,Chile
Scaler,"Bengaluru,Non-U.S.",150,2024-04-10,,Education,Series B,55,India
Checkr,SF Bay Area,382,2024-04-09,0.32,HR,Series D,679,United States
Intel,SF Bay Area,62,2024-04-09,,Hardware,Post-IPO,12,United States
Trendsales,"Copenhagen,Non-U.S.",79,2024-04-08,1.0,Retail,Acquired,,Denmark
Singularity 6,Los Angeles,49,2024-04-08,0.35,Other,Series B,49,United States
Fission,"Vancouver,Non-U.S.",,2024-04-07,1.0,Other,Unknown,,Canada
Bolt.Earth,"Bengaluru,Non-U.S.",70,2024-04-06,0.4,Energy,Series B,24,India
Apple,SF Bay Area,614,2024-04-04,,Hardware,Post-IPO,1200,United States
Lightspeed Commerce,"Montreal,Non-U.S.",280,2024-04-03,,Retail,Post-IPO,1200,Canada
Ghost Autonomy,SF Bay Area,100,2024-04-03,1.0,Transportation,Series E,247,United States
Vivian Health,SF Bay Area,13,2024-04-03,,Healthcare,Acquired,60,United States
Yummly,SF Bay Area,,2024-04-03,1.0,Food,Acquired,24,United States
Byju's,"Bengaluru,Non-U.S.",500,2024-04-02,0.03,Education,Private Equity,5500,India
Thepeer,"Lagos,Non-U.S.",,2024-04-02,1.0,Finance,Seed,2,Nigeria
Osso VR,SF Bay Area,67,2024-04-01,,Healthcare,Series C,109,United States
Identiq,"Tel Aviv,Non-U.S.",20,2024-04-01,0.44,Security,Series A,52,Israel
Ranger Insurance,New York City,,2024-04-01,1.0,Finance,Seed,5,United States
Rezi,New York City,,2024-04-01,1.0,Real Estate,Series B,230,United States
ChowNow,Los Angeles,60,2024-03-28,0.2,Food,Series C,64,United States
Synctera,SF Bay Area,17,2024-03-26,0.15,Finance,Series A,79,United States
GoPro,SF Bay Area,,2024-03-26,0.04,Consumer,Post-IPO,288,United States
Dell,Austin,6000,2024-03-25,0.05,Hardware,Post-IPO,,United States
ShopBack,"Singapore,Non-U.S.",195,2024-03-19,0.24,Retail,Series F,355,Singapore
Orbotech,"Yavne,Non-U.S.",100,2024-03-19,,Manufacturing,Acquired,,Israel
Airmeet,"Bengaluru,Non-U.S.",,2024-03-19,0.2,Marketing,Series B,50,India
Singular Genomics,San Diego,,2024-03-19,0.2,Healthcare,Post-IPO,176,United States
Longi,"Xi'an,Non-U.S.",,2024-03-18,0.05,Energy,Unknown,,China
Flock Freight,San Diego,54,2024-03-16,,Logistics,Series D,399,United States
Chipper Cash,SF Bay Area,20,2024-03-15,,Finance,Series C,302,United States
Blueboard,SF Bay Area,,2024-03-15,1.0,HR,Series A,16,United States
Ancestry,Lehi,81,2024-03-14,0.06,Consumer,Post-IPO,33,United States
Textio,Seattle,14,2024-03-14,0.16,Recruiting,Unknown,42,United States
Stash,New York City,80,2024-03-13,0.25,Finance,Unknown,480,United States
Phantom Auto,SF Bay Area,100,2024-03-12,1.0,Transportation,Unknown,86,United States
Deadspin,New York City,11,2024-03-11,1.0,Media,Acquired,,United States
Niche,Pittsburgh,24,2024-03-08,0.07,Education,Series C,44,United States
Inscribe,SF Bay Area,,2024-03-08,0.4,Finance,Series B,39,United States
Turnitin,SF Bay Area,15,2024-03-07,0.02,Education,Acquired,,United States
Sorare,New York City,22,2024-03-06,0.13,Crypto,Series B,739,United States
MessageBird,"Amsterdam,Non-U.S.",90,2024-03-05,0.2,Other,Series C,1100,Netherlands
Edgio,Phoenix,80,2024-03-04,0.1,Infrastructure,Post-IPO,462,United States
Melio,New York City,40,2024-03-04,0.07,Finance,Series D,504,United States
Our Next Energy,Detroit,40,2024-03-04,0.13,Transportation,Series B,390,United States
Project Ronin,SF Bay Area,150,2024-03-01,1.0,Healthcare,Unknown,,United States
Pristyn Care,"Gurugram,Non-U.S.",120,2024-03-01,0.07,Healthcare,Series E,177,India
Gro Intelligence,New York City,90,2024-03-01,0.6,Food,Series B,118,United States
Fisker,Los Angeles,,2024-02-29,0.15,Transportation,Post-IPO,1700,United States
Kevin,"Vilnius,Non-U.S.",,2024-02-29,0.14,Finance,Series A,79,Lithuania
Electronic Arts,SF Bay Area,670,2024-02-28,0.05,Consumer,Post-IPO,2,United States
Vacasa,Portland,320,2024-02-28,0.05,Travel,Post-IPO,834,United States
OrCam,"Jerusalem,Non-U.S.",50,2024-02-28,0.19,Healthcare,Unknown,86,Israel
Treasury Prime,SF Bay Area,40,2024-02-28,0.4,Finance,Series C,71,United States
Motional,Boston,,2024-02-28,0.05,Transportation,Unknown,,United States
Sony Interactive,SF Bay Area,900,2024-02-27,0.08,Consumer,Subsidiary,,United States
Bumble,Austin,350,2024-02-27,0.3,Consumer,Post-IPO,313,United States
PropertyGuru,"Singapore,Non-U.S.",79,2024-02-27,,Real Estate,Post-IPO,676,Singapore
Expedia,Seattle,1500,2024-02-26,0.08,Travel,Post-IPO,3300,United States
WayCool,"Chennai,Non-U.S.",70,2024-02-26,,Food,Unknown,363,India
Redesign Health,New York City,77,2024-02-23,,Healthcare,Series C,315,United States
Carbon Health,SF Bay Area,56,2024-02-23,,Healthcare,Series D,522,United States
Affirm,Pittsburgh,60,2024-02-21,,Finance,Post-IPO,1500,United States
Finder,"Sydney,Non-U.S.",60,2024-02-21,0.17,Retail,Unknown,30,Australia
BuzzFeed,New York City,,2024-02-21,0.16,Media,Post-IPO,696,United States
Rivian,Detroit,,2024-02-21,0.1,Transportation,Post-IPO,10700,United States
Aptiv,"Krakow,Non-U.S.",250,2024-02-20,,Transportation,Post-IPO,8,Poland
Tails.com,"London,Non-U.S.",55,2024-02-20,0.25,Retail,Series A,5,United Kingdom
KnownOrigin,"Manchester,Non-U.S.",,2024-02-20,0.3,Crypto,Acquired,3,United Kingdom
Meati,Boulder,,2024-02-20,0.3,Food,Series C,274,United States
Farfetch,"London,Non-U.S.",2000,2024-02-16,0.25,Retail,Acquired,1700,United Kingdom
Voi,"Stockholm,Non-U.S.",120,2024-02-16,0.12,Transportation,Series D,515,Sweden
Toast,Boston,550,2024-02-15,0.1,Food,Post-IPO,962,United States
Sonder,SF Bay Area,106,2024-02-15,0.17,Travel,Post-IPO,839,United States
LinkSquares,Boston,90,2024-02-15,,Legal,Series C,161,United States
Storytel,"Stockholm,Non-U.S.",80,2024-02-15,0.13,Consumer,Post-IPO,312,Sweden
Gro Intelligence,New York City,20,2024-02-15,0.1,Food,Series B,118,United States
CodeSee,SF Bay Area,,2024-02-15,1.0,Data,Seed,10,United States
May Mobility,Ann Arbor,,2024-02-15,0.13,Transportation,Series D,303,United States
Cisco,SF Bay Area,4250,2024-02-14,0.05,Infrastructure,Post-IPO,2,United States
Wint Wealth,"Nashik,Non-U.S.",19,2024-02-14,0.2,Finance,Series A,16,India
Away,New York City,,2024-02-14,0.25,Retail,Series D,181,United States
Instacart,SF Bay Area,250,2024-02-13,0.07,Food,Post-IPO,2900,United States
Redesign Health,New York City,77,2024-02-13,,Healthcare,Unknown,315,United States
Mozilla,SF Bay Area,60,2024-02-13,0.05,Consumer,Unknown,2,United States
Impinj,Seattle,50,2024-02-13,0.1,Other,Post-IPO,137,United States
Riskified,New York City,40,2024-02-13,0.06,Retail,Post-IPO,229,United States
Everybuddy,"Tel Aviv,Non-U.S.",,2024-02-13,1.0,Consumer,Series A,15,Israel
Wisense,"Tel Aviv,Non-U.S.",,2024-02-13,1.0,Transportation,Unknown,37,Israel
SiriusXM,New York City,160,2024-02-12,0.03,Media,Post-IPO,525,United States
Licious,"Bengaluru,Non-U.S.",80,2024-02-09,0.03,Food,Series F,490,India
BlissClub,"Bengaluru,Non-U.S.",21,2024-02-09,0.18,Retail,Series A,20,India
Pure Storage,SF Bay Area,275,2024-02-08,,Data,Post-IPO,529,United States
Otovo,"Oslo,Non-U.S.",65,2024-02-08,0.15,Energy,Post-IPO,247,Norway
Getaround,SF Bay Area,,2024-02-08,0.3,Transportation,Post-IPO,948,United States
Journera,Chicago,,2024-02-08,1.0,Travel,Series B,31,United States
Grammarly,SF Bay Area,230,2024-02-07,,Consumer,Unknown,400,United States
Fireblocks,New York City,20,2024-02-07,0.03,Crypto,Series E,1000,United States
Tenable,Baltimore,,2024-02-07,0.05,Security,Post-IPO,565,United States
Workfellow,"Espoo,Non-U.S.",,2024-02-07,1.0,HR,Seed,3,Finland
DocuSign,SF Bay Area,440,2024-02-06,0.06,Sales,Post-IPO,536,United States
Amazon,Seattle,400,2024-02-06,,Retail,Post-IPO,108,United States
Snap,Los Angeles,500,2024-02-05,0.1,Consumer,Post-IPO,4900,United States
Drizly,Boston,168,2024-02-05,1.0,Retail,Acquired,119,United States
BillGO,Fort Collins,80,2024-02-05,,Finance,Series B,119,United States
Impact.com,Los Angeles,40,2024-02-05,0.03,Sales,Private Equity,361,United States
Astrate Medical,Philadelphia,,2024-02-05,1.0,Healthcare,Series A,13,United States
Muvin,"Bengaluru,Non-U.S.",,2024-02-05,1.0,Finance,Seed,4,India
Cue Health,San Diego,245,2024-02-02,0.3,Healthcare,Post-IPO,899,United States
Top Hat,"Toronto,Non-U.S.",35,2024-02-02,0.07,Education,Series E,234,Canada
Cake Bikes,"Stockholm,Non-U.S.",,2024-02-02,1.0,Transportation,Unknown,74,Sweden
Small Robot Company,"Salisbury,Non-U.S.",,2024-02-02,1.0,Food,Unknown,10,United Kingdom
Twig,"London,Non-U.S.",,2024-02-02,1.0,Finance,Unknown,41,United Kingdom
Okta,SF Bay Area,400,2024-02-01,0.07,Security,Post-IPO,1200,United States
Zoom,SF Bay Area,150,2024-02-01,0.02,Other,Post-IPO,276,United States
Illumina,San Diego,111,2024-02-01,,Healthcare,Post-IPO,28,United States
Polygon,"Cayman Islands,Non-U.S.",60,2024-02-01,0.19,Crypto,Unknown,451,Cayman Islands
Proofpoint,SF Bay Area,280,2024-01-31,0.06,Security,Acquired,885,United States
Trove Recommerce,SF Bay Area,130,2024-01-31,,Retail,Series E,152,United States
CircleCI,SF Bay Area,100,2024-01-31,,Product,Series F,315,United States
Thinx,New York City,95,2024-01-31,,Retail,Acquired,26,United States
Innoviz,"Tel Aviv,Non-U.S.",60,2024-01-31,0.13,Transportation,Post-IPO,547,Israel
The Messenger,Miami,,2024-01-31,1.0,Media,Unknown,,United States
Zuora,SF Bay Area,,2024-01-31,0.08,Finance,Post-IPO,647,United States
PayPal,SF Bay Area,2500,2024-01-30,0.09,Finance,Post-IPO,216,United States
Block,SF Bay Area,1000,2024-01-30,0.1,Finance,Post-IPO,150,United States
Kiwi.com,"Brno,Non-U.S.",216,2024-01-30,0.18,Travel,Unknown,107,Czech Republic
Aurora Solar,SF Bay Area,111,2024-01-30,0.2,Energy,Series D,523,United States
Wattpad,"Toronto,Non-U.S.",20,2024-01-30,0.1,Media,Acquired,117,Canada
TechCrunch,SF Bay Area,7,2024-01-30,,Media,Acquired,,United States
Procore,Santa Barbara,,2024-01-30,0.04,Construction,Post-IPO,654,United States
iRobot,Boston,350,2024-01-29,0.31,Consumer,Post-IPO,30,United States
DispatchHealth,Denver,88,2024-01-29,,Healthcare,Series E,733,United States
Loopio,"Toronto,Non-U.S.",,2024-01-29,0.06,Sales,Private Equity,263,Canada
Salesforce,SF Bay Area,700,2024-01-26,0.01,Sales,Post-IPO,65,United States
Flexport,SF Bay Area,,2024-01-26,0.2,Logistics,Series E,2400,United States
Microsoft,Seattle,1900,2024-01-25,,Other,Post-IPO,1,United States
Swiggy,"Bengaluru,Non-U.S.",400,2024-01-25,0.07,Food,Unknown,3600,India
Veho,Boulder,65,2024-01-25,0.19,Logistics,Series B,299,United States
Amperity,Seattle,20,2024-01-25,,Marketing,Series D,187,United States
MVPindex,Austin,12,2024-01-25,0.3,Marketing,Series B,27,United States
Business Insider,New York City,,2024-01-25,0.08,Media,Acquired,56,United States
Cova,"Lagos,Non-U.S.",,2024-01-25,1.0,Finance,Unknown,,Nigeria
Jamf,Minneapolis,,2024-01-25,0.06,Other,Post-IPO,332,United States
Cult.fit,"Bengaluru,Non-U.S.",100,2024-01-24,,Fitness,Series F,635,India
Personio,"Munich,Non-U.S.",100,2024-01-24,,HR,Series E,724,Germany
Storytel,"Stockholm,Non-U.S.",80,2024-01-24,0.13,Media,Post-IPO,275,Sweden
Aurora,Pittsburgh,,2024-01-24,0.03,Transportation,Post-IPO,3700,United States
Desktop Metal,Boston,,2024-01-24,0.2,Other,Post-IPO,811,United States
SAP,"Walldorf,Non-U.S.",8000,2024-01-23,0.07,Other,Post-IPO,1300,Germany
eBay,SF Bay Area,1000,2024-01-23,0.09,Retail,Post-IPO,1200,United States
Vroom,New York City,800,2024-01-23,0.9,Transportation,Post-IPO,1300,United States
Brex,SF Bay Area,282,2024-01-23,0.2,Finance,Series D,1500,United States
Cure.fit,"Bengaluru,Non-U.S.",120,2024-01-23,,Fitness,Series F,625,India
GoStudent,"Vienna,Non-U.S.",100,2024-01-23,,Education,Series D,686,Austria
Jellysmack,"Paris,Non-U.S.",30,2024-01-23,,Media,Series C,22,France
GoTo,Boston,29,2024-01-23,,Other,Acquired,2,United States
Seedr,"London,Non-U.S.",15,2024-01-23,,Finance,Acquired,28,United Kingdom
Riot Games,Los Angeles,530,2024-01-22,0.11,Consumer,Acquired,21,United States
Xendit,"Jakarta,Non-U.S.",200,2024-01-22,,Finance,Series D,534,Indonesia
TikTok,Los Angeles,60,2024-01-22,,Consumer,Acquired,,United States
SolarEdge,"Tel Aviv,Non-U.S.",900,2024-01-21,0.16,Energy,Post-IPO,155,Israel
Wayfair,Boston,1650,2024-01-19,0.13,Retail,Post-IPO,1700,United States
Amazon,Seattle,30,2024-01-18,,Retail,Post-IPO,108,United States
YouTube,SF Bay Area,100,2024-01-17,,Media,Acquired,11,United States
Sirplus,"Berlin,Non-U.S.",60,2024-01-17,,Food,Seed,,Germany
SonderMind,Denver,49,2024-01-16,0.17,Healthcare,Series C,183,United States
First Mode,Seattle,48,2024-01-16,0.2,Transportation,Acquired,9,United States
ALI Technologies,"Tokyo,Non-U.S.",,2024-01-16,1.0,Transportation,Unknown,,Japan
Thursday,"London,Non-U.S.",,2024-01-16,0.7,Consumer,Seed,3,United Kingdom
Veeam,Columbus,300,2024-01-12,,Data,Acquired,500,United States
GrabCAD,"Tallinn,Non-U.S.",13,2024-01-12,,Other,Acquired,28,Estonia
Artifact,SF Bay Area,,2024-01-12,1.0,Media,Unknown,,United States
Dastgyr,"Karachi,Non-U.S.",,2024-01-12,0.8,Retail,Series A,41,Pakistan
New Work SE,"Hamburg,Non-U.S.",400,2024-01-11,,Consumer,Post-IPO,,Germany
Playtika,"Tel Aviv,Non-U.S.",300,2024-01-11,0.1,Consumer,Post-IPO,,Israel
Discord,SF Bay Area,170,2024-01-11,0.17,Consumer,Series H,995,United States
Inmobi,"Bengaluru,Non-U.S.",125,2024-01-11,0.05,Marketing,Unknown,320,India
Audible,New York City,100,2024-01-11,0.05,Media,Acquired,14,United States
7Shifts,"Saskatoon,Non-U.S.",68,2024-01-11,0.19,Food,Series C,131,Canada
Sisense,New York City,60,2024-01-11,0.13,Data,Series F,274,United States
Cloudflare,SF Bay Area,40,2024-01-11,,Security,Post-IPO,332,United States
Dextrous Robotics,Memphis,,2024-01-11,1.0,Logistics,Unknown,,United States
Citrix,Miami,1000,2024-01-10,0.12,Infrastructure,Acquired,20,United States
Google,SF Bay Area,1000,2024-01-10,,Consumer,Post-IPO,26,United States
IAC,New York City,330,2024-01-10,,Consumer,Post-IPO,,United States
FreshDirect,New York City,100,2024-01-10,0.03,Food,Acquired,280,United States
Beam Benefits,Columbus,74,2024-01-10,,Healthcare,Series E,168,United States
Instagram,SF Bay Area,60,2024-01-10,,Consumer,Acquired,57,United States
ChargePoint,SF Bay Area,,2024-01-10,0.12,Manufacturing,Unknown,1400,United States
SoFi,SF Bay Area,,2024-01-10,0.04,Finance,Post-IPO,3000,United States
Twitch,SF Bay Area,500,2024-01-09,0.35,Consumer,Acquired,35,United States
Branch,Columbus,85,2024-01-09,,Finance,Series C,229,United States
Nevro,SF Bay Area,63,2024-01-09,0.05,Healthcare,Post-IPO,556,United States
FullStory,Atlanta,50,2024-01-09,0.1,Marketing,Unknown,197,United States
Uber Freight,SF Bay Area,40,2024-01-09,,Logistics,Subsidiary,2700,United States
Rent the Runway,New York City,37,2024-01-09,0.1,Retail,Post-IPO,526,United States
Treasure Financial,SF Bay Area,14,2024-01-09,0.6,Finance,Series A,14,United States
Humane,SF Bay Area,10,2024-01-09,0.04,Hardware,Series C,230,United States
Trend Micro,"Tokyo,Non-U.S.",,2024-01-09,0.02,Security,Unknown,,Japan
Unity,SF Bay Area,1800,2024-01-08,0.25,Other,Post-IPO,1300,United States
Flipkart,"Bengaluru,Non-U.S.",1100,2024-01-08,0.05,Retail,Acquired,12900,India
NuScale Power,Corvallis,154,2024-01-08,0.28,Energy,Post-IPO,470,United States
Flexe,Seattle,99,2024-01-08,0.38,Logistics,Series D,263,United States
Pitch,"Berlin,Non-U.S.",80,2024-01-08,0.67,Other,Series B,138,Germany
BenchSci,"Toronto,Non-U.S.",70,2024-01-08,0.17,Healthcare,Series D,164,Canada
Here,Miami,,2024-01-08,1.0,Real Estate,Seed,5,United States
Ledger Investing,New York City,,2024-01-08,0.25,Finance,Series B,91,United States
MeridianLink,Los Angeles,,2024-01-08,0.09,Finance,Post-IPO,485,United States
NanoString Technologies,Seattle,50,2024-01-06,0.09,Healthcare,Post-IPO,826,United States
Cue Health,San Diego,94,2024-01-05,0.13,Healthcare,Post-IPO,899,United States
Trigo,"Tel Aviv,Non-U.S.",30,2024-01-04,0.15,Retail,Series C,199,Israel
InVision,New York City,,2024-01-04,1.0,Product,Series F,356,United States
VideoAmp,Los Angeles,,2024-01-04,0.2,Marketing,Series F,456,United States
Xerox,Norwalk,3000,2024-01-03,0.15,Hardware,Post-IPO,27200,United States
Lazada Group,"Singapore,Non-U.S.",100,2024-01-03,0.3,Retail,Acquired,7200,Singapore
Orca Security,"Tel Aviv,Non-U.S.",60,2024-01-03,0.15,Security,Series C,632,Israel
Frontdesk,Milwaukee,200,2024-01-02,1.0,Travel,Unknown,26,United States
The Messenger,New York City,24,2024-01-02,,Media,Unknown,,United States
Ocado,"London,Non-U.S.",1000,2023-12-31,,Food,Post-IPO,2000,United Kingdom
Bolt.Earth,"Bengaluru,Non-U.S.",,2023-12-29,0.2,Energy,Series B,24,India
Strake,Boulder,,2023-12-28,1.0,Infrastructure,Unknown,,United States
Paytm,"Noida,Non-U.S.",1000,2023-12-25,,Finance,Unknown,,India
Intel,Sacramento,311,2023-12-21,,Hardware,Post-IPO,12,United States
Hyperloop One,Los Angeles,,2023-12-21,1.0,Transportation,Unknown,368,United States
ShareChat,"Bengaluru,Non-U.S.",200,2023-12-20,0.15,Consumer,Series H,1700,India
InSightec,"Haifa,Non-U.S.",100,2023-12-19,0.2,Healthcare,Unknown,733,Israel
Kaspien,Seattle,,2023-12-19,1.0,Retail,Post-IPO,52,United States
Enphase Energy,SF Bay Area,350,2023-12-18,0.1,Energy,Post-IPO,116,United States
Udaan,"Bengaluru,Non-U.S.",100,2023-12-18,0.1,Retail,Unknown,1500,India
Checkout.com,"London,Non-U.S.",80,2023-12-18,,Finance,Series D,1800,United Kingdom
Arm Holdings,"Shanghai,Non-U.S.",70,2023-12-18,,Hardware,Post-IPO,,China
eBay,"Tel Aviv,Non-U.S.",20,2023-12-17,,Retail,Post-IPO,1200,Israel
Glowforge,Seattle,30,2023-12-15,,Manufacturing,Series E,133,United States
Cruise,SF Bay Area,900,2023-12-14,0.24,Transportation,Acquired,15000,United States
Solarisbank,"Berlin,Non-U.S.",20,2023-12-14,,Finance,Unknown,385,Germany
Bolt,SF Bay Area,,2023-12-14,0.29,Finance,Series E,1300,United States
Curalie,"Berlin,Non-U.S.",,2023-12-14,1.0,Healthcare,Unknown,,Germany
Stellar Pizza,Los Angeles,,2023-12-14,0.5,Food,Series A,25,United States
Invitae,SF Bay Area,235,2023-12-13,0.15,Healthcare,Post-IPO,2500,United States
Etsy,New York City,225,2023-12-13,0.11,Retail,Post-IPO,97,United States
Analog Devices,SF Bay Area,111,2023-12-13,,Manufacturing,Post-IPO,,United States
ForgeRock,SF Bay Area,109,2023-12-13,,Other,Acquired,234,United States
Flex,SF Bay Area,31,2023-12-13,,Manufacturing,Unknown,,United States
FourKites,Chicago,,2023-12-13,0.15,Logistics,Unknown,241,United States
Sojern,SF Bay Area,,2023-12-13,0.2,Marketing,Unknown,172,United States
TomTom,"Lodz,Non-U.S.",45,2023-12-12,,Transportation,Post-IPO,,Poland
Chipper Cash,SF Bay Area,15,2023-12-11,0.33,Finance,Series C,302,United States
SmileDirectClub,Nashville,,2023-12-09,1.0,Healthcare,Post-IPO,694,United States
Sunfolding,SF Bay Area,,2023-12-09,1.0,Energy,Series B,32,United States
Zulily,Seattle,839,2023-12-08,1.0,Retail,Acquired,194,United States
D2iQ,SF Bay Area,,2023-12-08,1.0,Infrastructure,Series D,247,United States
Simplilearn,"Bengaluru,Non-U.S.",200,2023-12-07,,Education,Acquired,76,India
Rivian,Detroit,20,2023-12-07,,Transportation,Post-IPO,10700,United States
Navan,SF Bay Area,145,2023-12-06,,Travel,Unknown,2200,United States
Tidal,New York City,40,2023-12-06,0.1,Consumer,Acquired,,United States
ZestMoney,"Bengaluru,Non-U.S.",150,2023-12-05,1.0,Finance,Series C,120,India
Navan,SF Bay Area,145,2023-12-05,0.05,Finance,Unknown,2200,United States
Incredibuild,"Tel Aviv,Non-U.S.",40,2023-12-05,0.2,Product,Series B,35,Israel
Bill.com,SF Bay Area,,2023-12-05,0.15,Finance,Post-IPO,280,United States
Course Hero,SF Bay Area,,2023-12-05,0.25,Education,Series C,477,United States
Pivo,"Abuja,Non-U.S.",,2023-12-05,1.0,Finance,Seed,3,Nigeria
Spotify,"Stockholm,Non-U.S.",1500,2023-12-04,0.17,Media,Post-IPO,2100,Sweden
TuSimple,San Diego,150,2023-12-04,,Transportation,Post-IPO,648,United States
Meow Wolf,Santa Fe,8,2023-12-04,,Media,Unknown,185,United States
DwellWell,Los Angeles,,2023-12-04,1.0,Real Estate,Seed,6,United States
Twilio,SF Bay Area,,2023-12-04,0.05,Other,Post-IPO,614,United States
Filmic,Seattle,,2023-12-01,1.0,Other,Acquired,,United States
Loco,"Mumbai,Non-U.S.",40,2023-11-30,0.36,Consumer,Acquired,52,India
Zepz,"London,Non-U.S.",30,2023-11-30,0.02,Finance,Series E,700,United Kingdom
Domo,Salt Lake City,,2023-11-30,0.07,Data,Post-IPO,689,United States
Vox Media,Washington D.C.,,2023-11-30,0.04,Media,Series F,307,United States
Unity,SF Bay Area,265,2023-11-28,0.04,Other,Post-IPO,1300,United States
Dataminr,New York City,150,2023-11-28,0.2,AI,Series F,1100,United States
Multiverse,"London,Non-U.S.",,2023-11-28,0.05,Education,Series D,414,United Kingdom
Tier Mobility,"Berlin,Non-U.S.",,2023-11-28,0.22,Transportation,Series D,646,Germany
VMware,SF Bay Area,2837,2023-11-27,,Infrastructure,Acquired,393,United States
Bytedance,"Shanghai,Non-U.S.",1000,2023-11-27,,Consumer,Unknown,9400,China
Our Next Energy,Detroit,128,2023-11-27,0.25,Transportation,Series B,390,United States
Veev,SF Bay Area,,2023-11-26,1.0,Construction,Series D,597,United States
Anar,"Mumbai,Non-U.S.",,2023-11-25,1.0,Marketing,Seed,6,India
Alerzo,"Ibadan,Non-U.S.",100,2023-11-21,,Retail,Series B,16,Nigeria
McMakler,"Berlin,Non-U.S.",60,2023-11-21,,Real Estate,Unknown,214,Germany
Tulip Retail,"Toronto,Non-U.S.",25,2023-11-21,,Retail,Series C,79,Canada
Jodo,"Bengaluru,Non-U.S.",100,2023-11-20,,Finance,Series A,19,India
Presto,SF Bay Area,,2023-11-20,0.17,Food,Post-IPO,167,United States
Physics Wallah,"Noida,Non-U.S.",120,2023-11-19,0.01,Education,Series A,100,India
NextGen Healthcare,St. Louis,84,2023-11-17,,Healthcare,Acquired,,United States
Buildertrend,Omaha,,2023-11-17,0.16,Construction,Unknown,,United States
Jane,Lehi,,2023-11-17,1.0,Retail,Series A,40,United States
Sierra Space,Boulder,115,2023-11-16,,Aerospace,Series B,1700,United States
Paystack,"Lagos,Non-U.S.",33,2023-11-16,,Finance,Acquired,10,Nigeria
Beamery,"London,Non-U.S.",,2023-11-16,0.25,HR,Series D,223,United Kingdom
FreshBooks,"Toronto,Non-U.S.",,2023-11-15,0.06,Finance,Unknown,331,Canada
Singular Genomics,San Diego,,2023-11-15,0.1,Healthcare,Post-IPO,176,United States
Uleet,Columbus,,2023-11-15,1.0,Healthcare,Unknown,,United States
Chewy,Miami,200,2023-11-14,,Retail,Post-IPO,451,United States
Sarcos,Pittsburgh,150,2023-11-14,,Aerospace,Post-IPO,316,United States
Cake Group,"Singapore,Non-U.S.",50,2023-11-14,0.3,Crypto,Unknown,,Singapore
Amazon,Seattle,180,2023-11-13,,Retail,Post-IPO,108,United States
TripAdvisor,Boston,125,2023-11-12,0.04,Travel,Post-IPO,3,United States
OSlash,"Bengaluru,Non-U.S.",,2023-11-09,1.0,Other,Seed,7,India
Snap,Los Angeles,20,2023-11-08,,Consumer,Post-IPO,4900,United States
BigCommerce,Austin,,2023-11-08,0.07,Retail,Post-IPO,224,United States
Oportun,SF Bay Area,185,2023-11-07,0.07,Finance,Post-IPO,766,United States
Zillow,Seattle,23,2023-11-07,,Real Estate,Post-IPO,97,United States
Nextdoor,SF Bay Area,,2023-11-07,0.25,Consumer,Post-IPO,736,United States
Zeus Living,SF Bay Area,,2023-11-07,1.0,Real Estate,Series C,151,United States
Ava Labs,New York City,,2023-11-06,0.12,Crypto,Unknown,640,United States
F5,Seattle,120,2023-11-03,0.02,Security,Post-IPO,,United States
NIO,"Shanghai,Non-U.S.",,2023-11-03,0.1,Transportation,Post-IPO,7200,China
OpenSea,New York City,,2023-11-03,0.5,Crypto,Series C,427,United States
Viasat,San Diego,800,2023-11-02,0.1,Other,Post-IPO,366,United States
Beyond Meat,Los Angeles,65,2023-11-02,0.08,Food,Post-IPO,122,United States
Sportradar,"St. Gallen,Non-U.S.",,2023-11-02,0.1,Data,Post-IPO,84,Switzerland
Informatica,SF Bay Area,545,2023-11-01,0.1,Data,Post-IPO,,United States
Splunk,SF Bay Area,500,2023-11-01,0.07,Data,Post-IPO,2400,United States
Faire,SF Bay Area,250,2023-11-01,0.2,Retail,Series G,1700,United States
Sana Benefits,Austin,73,2023-11-01,0.5,HR,Series B,106,United States
Olive,Columbus,,2023-10-31,1.0,Healthcare,Series H,856,United States
StepStone,"Berlin,Non-U.S.",215,2023-10-30,0.05,Recruiting,Acquired,,Germany
Hubilo,SF Bay Area,50,2023-10-30,,Other,Series B,153,United States
Hippo Insurance,SF Bay Area,120,2023-10-26,0.2,Finance,Post-IPO,1300,United States
Graphy,"Bengaluru,Non-U.S.",50,2023-10-26,0.2,Education,Subsidiary,,India
Salsify,Boston,110,2023-10-25,,Retail,Unknown,453,United States
F-Secure,"Helsinki,Non-U.S.",70,2023-10-25,,Security,Post-IPO,,Finland
Virgio,"Bengaluru,Non-U.S.",20,2023-10-25,0.33,Retail,Series A,,India
Exabeam,SF Bay Area,,2023-10-25,0.2,Security,Series F,391,United States
Slync,Dallas,,2023-10-25,1.0,Logistics,Series B,76,United States
SiFive,SF Bay Area,130,2023-10-24,0.2,Hardware,Series F,365,United States
Pebble,SF Bay Area,,2023-10-24,1.0,Consumer,Seed,1,United States
Shipt,Birmingham,,2023-10-24,0.03,Retail,Acquired,65,United States
Parity Technologies,"London,Non-U.S.",100,2023-10-23,0.3,Crypto,Unknown,,United Kingdom
Roblox China,"Shenzen,Non-U.S.",15,2023-10-23,,Consumer,Subsidiary,,China
Nomad Health,New York City,119,2023-10-20,0.17,Healthcare,Unknown,218,United States
Tropic,New York City,26,2023-10-20,,Finance,Series B,67,United States
Nomad Health,New York City,,2023-10-20,0.25,Healthcare,Unknown,218,United States
Convoy,Seattle,500,2023-10-19,1.0,Logistics,Series E,1100,United States
Bullhorn,Boston,140,2023-10-19,0.09,Sales,Acquired,32,United States
LegalZoom,Austin,100,2023-10-19,,Legal,Post-IPO,951,United States
StellarAlgo,"Calgary,Non-U.S.",21,2023-10-19,0.28,Data,Series A,16,Canada
ManoMano,"Paris,Non-U.S.",230,2023-10-18,0.25,Retail,Series F,705,France
Google,SF Bay Area,40,2023-10-18,,Consumer,Post-IPO,26,United States
WeTransfer,"Amsterdam,Non-U.S.",35,2023-10-18,0.1,Other,Series A,64,Netherlands
Plume,Denver,24,2023-10-18,,Healthcare,Series B,38,United States
Belora Paris,"Gurugram,Non-U.S.",,2023-10-18,1.0,Retail,Seed,,India
Made Renovation,SF Bay Area,,2023-10-18,1.0,Construction,Seed,9,United States
Volta Trucks,"Stockholm,Non-U.S.",,2023-10-18,1.0,Transportation,Series C,391,Sweden
Expedia,Seattle,100,2023-10-17,,Travel,Post-IPO,3300,United States
LinkedIn,SF Bay Area,660,2023-10-16,0.03,Recruiting,Acquired,154,United States
CityMall,"Gurugram,Non-U.S.",90,2023-10-16,,Retail,Series C,112,India
C2FO,Kansas City,80,2023-10-16,0.03,Finance,Series H,537,United States
Kayak / OpenTable,Stamford,80,2023-10-16,,Travel,Acquired,229,United States
Bandcamp,SF Bay Area,58,2023-10-16,0.5,Other,Acquired,,United States
Stack Overflow,New York City,,2023-10-16,0.28,Recruiting,Acquired,153,United States
Adda247,"Gurugram,Non-U.S.",300,2023-10-14,,Education,Series B,61,India
Flexport,SF Bay Area,,2023-10-13,0.2,Logistics,Series E,2400,United States
Qualcomm,San Diego,1258,2023-10-12,0.02,Hardware,Post-IPO,,United States
Lending Club,SF Bay Area,172,2023-10-12,0.14,Finance,Post-IPO,392,United States
MariaDB,SF Bay Area,84,2023-10-12,0.28,Data,Post-IPO,272,United States
Deepgram,SF Bay Area,20,2023-10-11,0.2,AI,Series B,86,United States
Neon,"Sao Paulo,Non-U.S.",180,2023-10-10,,Finance,Series D,727,Brazil
Stitch Fix,Dallas,558,2023-10-09,,Retail,Post-IPO,79,United States
Carbon Health,SF Bay Area,114,2023-10-09,0.05,Healthcare,Series D,522,United States
Blue Origin,Seattle,40,2023-10-09,,Aerospace,Unknown,167,United States
Braid,SF Bay Area,,2023-10-09,1.0,Finance,Unknown,,United States
Product Hunt,,,2023-10-09,0.6,Consumer,Acquired,,United States
VTrips,Jacksonville,75,2023-10-07,0.09,Travel,Private Equity,,United States
Juniper Networks,SF Bay Area,440,2023-10-06,0.04,Hardware,Post-IPO,39,United States
InvestCloud,Los Angeles,80,2023-10-06,0.05,Finance,Private Equity,54,United States
Brave,SF Bay Area,,2023-10-06,0.09,Consumer,Series B,42,United States
Dash,New York City,,2023-10-06,1.0,Finance,Unknown,86,United States
Shift,SF Bay Area,,2023-10-06,1.0,Transportation,Post-IPO,504,United States
Enovix,SF Bay Area,185,2023-10-05,,Energy,Post-IPO,516,United States
Bizongo,"Mumbai,Non-U.S.",50,2023-10-05,,Retail,Series E,315,India
SchoolMint,SF Bay Area,29,2023-10-05,0.14,Education,Acquired,8,United States
SeekOut,Seattle,16,2023-10-05,0.07,Recruiting,Series C,,United States
Arrival,"London,Non-U.S.",,2023-10-05,0.25,Transportation,Post-IPO,629,United Kingdom
Ledger,"Paris,Non-U.S.",,2023-10-05,0.12,Crypto,Series C,577,France
Qualtrics,Salt Lake City,780,2023-10-04,0.14,Other,Acquired,400,United States
Hopper,"Montreal,Non-U.S.",250,2023-10-04,0.3,Travel,Unknown,730,Canada
Chainalysis,New York City,150,2023-10-02,0.15,Crypto,Series F,536,United States
Synapse,SF Bay Area,86,2023-10-02,0.4,Finance,Series B,50,United States
Chia Network,SF Bay Area,26,2023-10-02,0.37,Crypto,Series D,70,United States
IronNet,Washington D.C.,,2023-10-02,1.0,Security,Post-IPO,428,United States
Cowbell,SF Bay Area,28,2023-09-29,0.12,Finance,Series B,123,United States
N26,"Berlin,Non-U.S.",14,2023-09-29,,Finance,Series E,1700,Germany
Andgo,"Saskatoon,Non-U.S.",9,2023-09-29,,HR,Series A,5,Canada
Epic Games,Raleigh,870,2023-09-28,0.16,Consumer,Unknown,6400,United States
Lululemon Studio,New York City,120,2023-09-28,,Fitness,Acquired,75,United States
Fit Analytics,"Berlin,Non-U.S.",,2023-09-28,1.0,Retail,Acquired,,
Snap,Los Angeles,170,2023-09-27,,Consumer,Post-IPO,4900,United States
Fi.Money,"Bengaluru,Non-U.S.",30,2023-09-27,0.1,Finance,Series C,137,India
Dunzo,"Bengaluru,Non-U.S.",150,2023-09-26,0.3,Food,Unknown,458,India
Flexe,Seattle,131,2023-09-26,0.33,Logistics,Series D,263,United States
Lucid Software,Salt Lake City,75,2023-09-25,0.07,Other,Series E,170,United States
Eat Just,SF Bay Area,40,2023-09-22,,Food,Unknown,465,United States
Roblox,New York City,30,2023-09-22,,Consumer,Post-IPO,857,United States
Recast,"Edinburgh,Non-U.S.",,2023-09-22,1.0,Media,Series A,14,United Kingdom
DealShare,"Bengaluru,Non-U.S.",130,2023-09-21,,Retail,Series E,390,India
Merative,"Dublin,Non-U.S.",100,2023-09-21,,Healthcare,Acquired,,Ireland
Akudo,"Bengaluru,Non-U.S.",,2023-09-20,1.0,Finance,Seed,4,India
Outreach,Seattle,,2023-09-20,0.12,Sales,Series G,489,United States
Nowadays,SF Bay Area,,2023-09-18,1.0,Food,Seed,10,United States
Cisco,SF Bay Area,350,2023-09-17,,Infrastructure,Post-IPO,2,United States
Hooray Foods,SF Bay Area,,2023-09-17,1.0,Food,Seed,7,United States
Sage Therapeutics copy,Boston,290,2023-09-15,,Healthcare,Post-IPO,438,United States
7shifts,"Saskatoon,Non-U.S.",30,2023-09-15,0.07,Food,Series C,131,Canada
Velocity,"Bengaluru,Non-U.S.",,2023-09-15,0.14,Finance,Series A,30,India
Airtable,SF Bay Area,237,2023-09-14,0.27,Product,Series F,1400,United States
Project44,Chicago,116,2023-09-14,,Logistics,Unknown,817,United States
VideoAmp,Los Angeles,40,2023-09-14,0.1,Marketing,Series F,456,United States
R3,New York City,,2023-09-14,0.2,Crypto,Series A,112,United States
Google,SF Bay Area,75,2023-09-13,,Consumer,Post-IPO,26,United States
Akili Labs,Boston,,2023-09-13,0.4,Healthcare,Post-IPO,301,United States
Evolve,Denver,175,2023-09-12,0.2,Travel,Series F,224,United States
Binance.US,SF Bay Area,100,2023-09-12,0.33,Crypto,Subsidiary,,United States
Paper,"Montreal,Non-U.S.",87,2023-09-12,0.03,Education,Series D,389,Canada
Homeday,"Berlin,Non-U.S.",40,2023-09-12,0.2,Real Estate,Unknown,71,Germany
At-Bay,SF Bay Area,27,2023-09-12,0.09,Security,Unknown,296,United States
Eurora,"Tallinn,Non-U.S.",111,2023-09-11,,Other,Series A,42,Estonia
Chargebee,SF Bay Area,100,2023-09-11,0.1,Finance,Series H,468,United States
Divvy Homes,SF Bay Area,94,2023-09-11,,Real Estate,Series B,180,United States
Grabango,SF Bay Area,34,2023-09-11,0.4,Food,Unknown,94,United States
ChargePoint,SF Bay Area,,2023-09-08,0.1,Manufacturing,Unknown,1400,United States
Drift,Boston,100,2023-09-07,0.25,Marketing,Acquired,107,United States
Roku,SF Bay Area,360,2023-09-06,0.1,Media,Post-IPO,208,United States
ForeScout,"Tel Aviv,Non-U.S.",40,2023-09-06,,Security,Acquired,125,Israel
iSpecimen,Boston,,2023-09-06,0.2,Healthcare,Post-IPO,31,United States
MaxMilhas,"Belo Horizonte,Non-U.S.",82,2023-09-05,0.18,Travel,Unknown,,Brazil
Absci,Portland,30,2023-09-05,0.15,Healthcare,Post-IPO,238,United States
Hodinkee,New York City,24,2023-09-05,0.2,Retail,Seed,40,United States
mPharma,"Accra,Non-U.S.",150,2023-09-04,,Healthcare,Series D,90,Ghana
Xolo,"Tallinn,Non-U.S.",24,2023-09-04,,Finance,Series A,11,Estonia
Nexar,New York City,17,2023-09-04,0.14,Transportation,Series D,149,United States
Khatabook,"Bengaluru,Non-U.S.",42,2023-09-01,,Finance,Series C,187,India
Clearcover,Chicago,,2023-09-01,0.28,Finance,Series D,304,United States
Gated,SF Bay Area,,2023-09-01,1.0,Other,Seed,3,United States
Lunchtime,"Brno,Non-U.S.",,2023-09-01,1.0,Food,Acquired,,Czech Republic
Pegasystems,Boston,240,2023-08-31,0.04,HR,Post-IPO,,United States
Biofourmis,Boston,120,2023-08-31,,Healthcare,Series D,464,United States
Malwarebytes,SF Bay Area,100,2023-08-31,,Security,Series B,80,United States
Productboard,SF Bay Area,,2023-08-31,0.1,Product,Series D,,United States
SkyKick,Seattle,140,2023-08-30,,Other,Unknown,198,United States
Omuni,"Bengaluru,Non-U.S.",60,2023-08-30,0.35,Retail,Acquired,10,India
Kenko Health,"Mumbai,Non-U.S.",50,2023-08-30,0.2,Healthcare,Series A,14,India
Huma,"London,Non-U.S.",45,2023-08-30,0.1,Healthcare,Unknown,217,United Kingdom
Zeplin,SF Bay Area,37,2023-08-30,0.35,Product,Seed,1,United States
Kenko Health,"Mumbai,Non-U.S.",50,2023-08-29,0.2,Healthcare,Unknown,14,India
Zebra Technologies,Chicago,700,2023-08-28,0.07,Manufacturing,Post-IPO,2000,United States
CoinSwitch,"Bengaluru,Non-U.S.",44,2023-08-28,,Crypto,Series C,301,India
Clockwork,Dallas,,2023-08-28,1.0,Crypto,Seed,4,United States
HackerRank,SF Bay Area,53,2023-08-27,,Recruiting,Series D,103,United States
Cuemath,"Bengaluru,Non-U.S.",100,2023-08-26,,Education,Unknown,121,India
Captiv8,SF Bay Area,8,2023-08-24,0.03,Marketing,Unknown,4,United States
Chingari,"Bengaluru,Non-U.S.",,2023-08-24,0.5,Media,Unknown,88,India
Atlas,Chicago,150,2023-08-23,0.3,HR,Series B,220,United States
Veriff,"Tallinn,Non-U.S.",101,2023-08-23,0.21,Security,Series C,192,Estonia
BlackLine,Los Angeles,95,2023-08-23,0.05,Finance,Post-IPO,220,United States
Rivos,SF Bay Area,24,2023-08-23,0.06,Hardware,Unknown,,United States
Cellulant,"Nairobi,Non-U.S.",,2023-08-23,0.2,Finance,Series C,54,Kenya
Getir,"London,Non-U.S.",2500,2023-08-22,0.11,Food,Series E,1800,United Kingdom
CoinDCX,"Mumbai,Non-U.S.",,2023-08-22,0.12,Crypto,Series D,247,India
Hypefast,"Jakarta,Non-U.S.",,2023-08-22,0.3,Retail,Series A,33,Indonesia
Twiga,"Nairobi,Non-U.S.",283,2023-08-20,0.33,Food,Series C,157,Kenya
Spartan Poker,"Kolkata,Non-U.S.",125,2023-08-19,0.4,Consumer,Unknown,,India
Times Internet,"Gurugram,Non-U.S.",100,2023-08-18,0.05,Media,Subsidiary,,India
Detectify,"Stockholm,Non-U.S.",30,2023-08-18,,Security,Unknown,42,Sweden
Zylo,Indianapolis,,2023-08-18,0.1,Other,Series C,72,United States
Illumina,San Diego,151,2023-08-17,,Healthcare,Post-IPO,28,United States
AppFolio,Santa Barbara,149,2023-08-17,0.09,Real Estate,Post-IPO,30,United States
Intel,SF Bay Area,140,2023-08-17,,Hardware,Post-IPO,12,United States
StreamElements,"Tel Aviv,Non-U.S.",60,2023-08-17,0.35,Media,Series B,111,Israel
FlexCar,Boston,20,2023-08-16,,Transportation,Unknown,297,United States
SecureWorks,Atlanta,300,2023-08-14,0.15,Security,Post-IPO,83,United States
Easee,"Sandnes,Non-U.S.",200,2023-08-14,0.57,Energy,Unknown,,Norway
Shutterfly,Minneapolis,246,2023-08-10,,Manufacturing,Post-IPO,50,United States
SHINE Technologies,Milwaukee,59,2023-08-10,,Other,Series C,672,United States
Hike,"New Delhi,Non-U.S.",55,2023-08-10,,Consumer,Unknown,261,India
Blend,SF Bay Area,150,2023-08-09,0.19,Finance,Post-IPO,665,United States
Niantic,Los Angeles,100,2023-08-09,,Other,Series D,770,United States
Babylon Health,"London,Non-U.S.",94,2023-08-09,,Healthcare,Post-IPO,1200,United Kingdom
Dealtale,"Tel Aviv,Non-U.S.",70,2023-08-09,1.0,Sales,Acquired,2,Israel
Quizy,"Gurugram,Non-U.S.",,2023-08-09,1.0,Consumer,Seed,,India
StyleSeat,SF Bay Area,,2023-08-09,0.17,Consumer,Series C,40,United States
Thoughtworks,Chicago,579,2023-08-08,0.05,Other,Post-IPO,748,United States
Rapid7,Boston,470,2023-08-08,0.18,Security,Post-IPO,89,United States
MPL,"Bengaluru,Non-U.S.",350,2023-08-08,,Consumer,Unknown,375,India
Doximity,SF Bay Area,100,2023-08-08,0.1,Healthcare,Post-IPO,82,United States
23andMe,SF Bay Area,71,2023-08-08,0.11,Healthcare,Post-IPO,1100,United States
Caliva,SF Bay Area,54,2023-08-08,,Retail,Series B,75,United States
Sendy,"Nairobi,Non-U.S.",,2023-08-08,1.0,Logistics,Series B,26,Kenya
Verse,"Barcelona,Non-U.S.",,2023-08-07,1.0,Finance,Acquired,38,Spain
Qomplx,Washington D.C.,60,2023-08-04,,AI,Series A,107,United States
CodeClan,"Edinburgh,Non-U.S.",57,2023-08-04,1.0,Education,Seed,,United Kingdom
Top Hat,"Toronto,Non-U.S.",42,2023-08-04,0.07,Education,Series E,234,Canada
Astra,SF Bay Area,,2023-08-04,0.25,Aerospace,Post-IPO,300,United States
Big Cabal Media,"Lagos,Non-U.S.",,2023-08-04,0.19,Media,Seed,3,Nigeria
Discord,SF Bay Area,37,2023-08-03,0.04,Consumer,Series H,995,United States
Bardee,"Melbourne,Non-U.S.",30,2023-08-03,,Food,Seed,5,Australia
Ayoconnect,"Jakarta,Non-U.S.",,2023-08-03,0.1,Finance,Series B,43,Indonesia
Spinny,"Gurugram,Non-U.S.",300,2023-08-02,0.05,Transportation,Series E,513,India
Tekion,"Bengaluru,Non-U.S.",300,2023-08-02,0.1,Other,Series D,435,India
BetterUp,SF Bay Area,100,2023-08-02,0.16,HR,Series E,567,United States
Augury,New York City,70,2023-08-02,0.18,Manufacturing,Series E,274,United States
Gem,SF Bay Area,70,2023-08-02,,Recruiting,Series C,148,United States
Gupy,"Sao Paulo,Non-U.S.",58,2023-08-02,0.08,HR,Series B,105,Brazil
Salesforce,"Dublin,Non-U.S.",50,2023-08-02,,Sales,Post-IPO,65,Ireland
FamPay,"Bengaluru,Non-U.S.",18,2023-08-02,,Finance,Series A,42,India
Actyv.ai,"Bengaluru,Non-U.S.",,2023-08-02,0.6,Finance,Seed,12,India
ConnectedH,"Gurugram,Non-U.S.",,2023-08-02,1.0,Healthcare,Seed,2,India
HackerOne,SF Bay Area,,2023-08-02,0.12,Security,Series E,159,United States
Silofit,"Montreal,Non-U.S.",,2023-08-02,1.0,Fitness,Series A,19,Canada
Vesttoo,"Tel Aviv,Non-U.S.",150,2023-08-01,0.75,Finance,Series C,110,Israel
Planet,SF Bay Area,117,2023-08-01,0.1,Aerospace,Post-IPO,574,United States
Paper,"Montreal,Non-U.S.",106,2023-08-01,0.04,Education,Series D,389,Canada
Archipelago,SF Bay Area,40,2023-08-01,0.3,Real Estate,Series B,57,United States
Increff,"Bengaluru,Non-U.S.",,2023-08-01,0.2,Retail,Series B,17,India
inDrive,SF Bay Area,,2023-08-01,0.1,Transportation,Unknown,387,United States
Outreach,Seattle,,2023-08-01,0.05,Sales,Series G,489,United States
Qoala,"Jakarta,Non-U.S.",80,2023-07-31,,Finance,Series B,89,Indonesia
Fable,"Toronto,Non-U.S.",13,2023-07-31,0.09,Other,Series A,12,Canada
Nexar,New York City,12,2023-07-31,,Transportation,Series D,149,United States
Kape Technologies,"London,Non-U.S.",200,2023-07-30,0.3,Security,Post-IPO,188,United Kingdom
Eroad,"Auckland,Non-U.S.",200,2023-07-28,0.31,Transportation,Unknown,46,New Zealand
Kape,"London,Non-U.S.",180,2023-07-28,,Security,Post-IPO,188,United Kingdom
Milkbasket,"Gurugram,Non-U.S.",400,2023-07-27,0.67,Food,Acquired,39,India
Wish,SF Bay Area,255,2023-07-27,0.34,Retail,Post-IPO,1600,United States
Point,SF Bay Area,61,2023-07-27,0.28,Real Estate,Series C,149,United States
Akseleran,"Jakarta,Non-U.S.",60,2023-07-27,,Finance,Series A,9,Indonesia
Verbit,New York City,60,2023-07-27,0.06,Data,Series E,569,United States
Datree,SF Bay Area,,2023-07-27,1.0,Other,Seed,11,United States
Copia,"Nairobi,Non-U.S.",350,2023-07-26,0.25,Retail,Series C,103,Kenya
Figure,SF Bay Area,90,2023-07-26,0.2,Crypto,Unknown,1500,United States
Calendly,Atlanta,60,2023-07-26,0.1,Other,Series B,351,United States
Myntra,"Bengaluru,Non-U.S.",50,2023-07-26,,Retail,Acquired,516,India
Kleos Space,"Luxembourg,Raleigh",,2023-07-26,1.0,Aerospace,Post-IPO,17,Luxembourg
Deep Instict,New York City,46,2023-07-25,0.15,Security,Unknown,322,United States
AppHarvest,Lexington,,2023-07-24,1.0,Food,Post-IPO,692,United States
PathAI,Boston,87,2023-07-21,,Healthcare,Series C,255,United States
Bundle Africa,"Lagos,Non-U.S.",,2023-07-21,1.0,Crypto,Seed,1,Nigeria
Viaplay,"Stockholm,Non-U.S.",450,2023-07-20,0.25,Media,Unknown,,Sweden
Stoa,Phoenix,80,2023-07-20,0.8,Real Estate,Unknown,,United States
AgentSync,Denver,67,2023-07-19,0.24,Finance,Series B,111,United States
Inspirato,Denver,50,2023-07-19,0.06,Travel,Post-IPO,179,United States
Tilia,SF Bay Area,28,2023-07-19,0.32,Finance,Unknown,32,United States
Blue Apron,New York City,,2023-07-19,0.2,Food,Post-IPO,422,United States
Microsoft,Seattle,1000,2023-07-18,,Other,Post-IPO,1,United States
Cameo,Chicago,80,2023-07-18,,Consumer,Unknown,165,United States
Sarcos,Salt Lake City,75,2023-07-17,0.25,Aerospace,Post-IPO,316,United States
Ezoic,San Diego,,2023-07-17,0.28,Infrastructure,Series A,39,United States
Binance,Cayman Islands,1000,2023-07-14,,Crypto,Unknown,,Cayman Islands
PayScale,Seattle,14,2023-07-14,0.02,HR,Acquired,33,United States
Navi Technologies,"Bengaluru,Non-U.S.",200,2023-07-13,,Finance,Unknown,659,India
Skill Lync,"Chennai,Non-U.S.",200,2023-07-13,,Education,Series A,17,India
Amazon,Seattle,80,2023-07-13,,Retail,Post-IPO,108,United States
AudioCodes,"Tel Aviv,Non-U.S.",80,2023-07-13,0.06,Other,Post-IPO,91,Israel
Tempo Automation,SF Bay Area,62,2023-07-13,,Other,Post-IPO,154,United States
Uber Freight,SF Bay Area,40,2023-07-13,,Logistics,Subsidiary,2700,United States
Deepwatch,Tampa Bay,30,2023-07-13,0.07,Security,Series C,256,United States
Centr,"Sydney,Non-U.S.",22,2023-07-13,,Fitness,Unknown,,Australia
Factorial,"Barcelona,Non-U.S.",20,2023-07-13,,HR,Series C,220,Spain
Peloton,New York City,11,2023-07-13,,Fitness,Post-IPO,1900,United States
Bark,New York City,,2023-07-13,0.08,Retail,Post-IPO,282,United States
Khoros,Austin,,2023-07-13,0.05,Sales,Private Equity,138,United States
Stitch Fix,Philadelphia,400,2023-07-12,,Retail,Post-IPO,79,United States
Dapper Labs,Vancouver,51,2023-07-12,,Crypto,Unknown,,Canada
DeepVerge,"Dublin,Non-U.S.",50,2023-07-12,1.0,Healthcare,Post-IPO,20,Ireland
Freightos,Miami,50,2023-07-12,0.13,Logistics,Post-IPO,118,United States
Duck Creek Technologies,Boston,,2023-07-12,0.09,Finance,Acquired,357,United States
WayCool,"Chennai,Non-U.S.",300,2023-07-11,0.12,Food,Unknown,363,India
Matterport,SF Bay Area,170,2023-07-11,0.3,Data,Post-IPO,409,United States
Everquote,Evansville,100,2023-07-11,,Finance,Post-IPO,53,United States
Sisense,New York City,100,2023-07-11,0.15,Data,Series F,274,United States
Butterfly Network copy,Boston,,2023-07-11,0.25,Healthcare,Post-IPO,530,United States
Shift,SF Bay Area,,2023-07-11,0.34,Transportation,Post-IPO,504,United States
Rad Power Bikes,Seattle,40,2023-07-10,,Transportation,Series D,329,United States
FrontRow,"Bengaluru,Non-U.S.",,2023-07-10,1.0,Education,Series A,17,India
Latch,New York City,,2023-07-10,0.59,Security,Post-IPO,342,United States
Motive,SF Bay Area,,2023-07-10,0.05,Transportation,Series F,567,United States
Medsaf,"Lagos,Non-U.S.",30,2023-07-07,1.0,Healthcare,Unknown,,Nigeria
Amdocs,St. Louis,2000,2023-07-06,0.06,Support,Post-IPO,,United States
FNZ,"London,Non-U.S.",1000,2023-07-06,0.15,Finance,Private Equity,1400,United Kingdom
Perfect Day,SF Bay Area,134,2023-07-06,0.15,Food,Series D,711,United States
Solidigm,Sacramento,98,2023-07-06,,Hardware,Unknown,,United States
TytoCare,New York City,20,2023-07-06,0.1,Healthcare,Series D,156,United States
Athennian,"Calgary,Non-U.S.",30,2023-07-05,,Legal,Series B,47,Canada
Vista Group,"Auckland,Non-U.S.",,2023-07-05,0.06,Data,Post-IPO,,New Zealand
Highsnobiety,"Berlin,Non-U.S.",24,2023-07-03,0.1,Media,Acquired,8,Germany
Zip,"Sydney,Non-U.S.",300,2023-07-02,0.2,Finance,Post-IPO,896,Australia
Buzzer,New York City,,2023-06-30,1.0,Consumer,Series A,24,United States
Lunya,Los Angeles,,2023-06-30,1.0,Retail,Unknown,,United States
MediaMath,New York City,,2023-06-30,1.0,Marketing,Private Equity,607,United States
Petal,New York City,,2023-06-30,0.2,Finance,Series D,704,United States
Niantic,SF Bay Area,230,2023-06-29,,Other,Series D,770,United States
Headspace,Los Angeles,181,2023-06-29,0.15,Healthcare,Unknown,216,United States
Artsy,New York City,35,2023-06-29,0.15,Retail,Series D,100,United States
Candy Digital,New York City,30,2023-06-29,,Crypto,Series A,138,United States
Xiaomi India,"Bengaluru,Non-U.S.",30,2023-06-29,,Other,Subsidiary,,India
Torii,"Ra'anana,Non-U.S.",28,2023-06-29,0.3,Other,Series B,65,Israel
Insider Intelligence,New York City,20,2023-06-29,,Media,Subsidiary,,United States
Merama,"Mexico City,Non-U.S.",,2023-06-29,0.1,Retail,Series B,445,Mexico
Qyuki,"Bengaluru,Non-U.S.",,2023-06-29,0.3,Other,Seed,19,India
Vowel,New York City,,2023-06-29,1.0,Other,Series A,18,United States
ClickUp,San Diego,90,2023-06-28,0.1,Other,Series C,537,United States
Ludia,"Montreal,Non-U.S.",55,2023-06-28,,Consumer,Acquired,1,
Karat,Seattle,47,2023-06-28,,HR,Unknown,169,United States
Plex,SF Bay Area,37,2023-06-28,0.2,Media,Unknown,81,United States
Starburst,Boston,,2023-06-28,0.15,Data,Series D,414,United States
Zapier,SF Bay Area,,2023-06-28,0.1,Other,Seed,1,United States
Selina,"London,Non-U.S.",350,2023-06-27,,Travel,Post-IPO,612,United Kingdom
New Relic,SF Bay Area,255,2023-06-27,0.1,Infrastructure,Post-IPO,214,United States
Tibber,"Førde,Non-U.S.",50,2023-06-27,,Energy,Series C,181,Norway
Eyowo,"Lagos,Non-U.S.",,2023-06-27,1.0,Finance,Unknown,,Nigeria
Honor,SF Bay Area,,2023-06-27,0.15,Healthcare,Unknown,625,United States
Loopio,"Toronto,Non-U.S.",,2023-06-27,0.09,Sales,Private Equity,263,Canada
Lordstown Motors,Detroit,,2023-06-27,1.0,Transportation,Post-IPO,1100,United States
Payoneer,New York City,200,2023-06-26,0.1,Finance,Post-IPO,,United States
Robinhood,SF Bay Area,150,2023-06-26,0.07,Finance,Post-IPO,5600,United States
Convoy,Seattle,30,2023-06-26,0.05,Logistics,Series E,1100,United States
Joonko,New York City,,2023-06-25,1.0,Recruiting,Series B,38,United States
IRL,SF Bay Area,,2023-06-23,1.0,Consumer,Series C,197,United States
Retool,SF Bay Area,,2023-06-22,0.09,Other,Series C,141,United States
Anaplan,SF Bay Area,300,2023-06-21,,Other,Acquired,300,United States
Uber,SF Bay Area,200,2023-06-21,,Transportation,Post-IPO,25200,United States
Tackle.io,Boise,75,2023-06-21,,Infrastructure,Series C,148,United States
Ritual,"Toronto,Non-U.S.",38,2023-06-21,0.4,Food,Series C,134,Canada
Mutiny,SF Bay Area,,2023-06-21,0.3,Marketing,Series B,69,United States
Grab,"Singapore,Non-U.S.",1000,2023-06-20,0.11,Transportation,Post-IPO,16500,Singapore
OLX Group,"Amsterdam,Non-U.S.",800,2023-06-20,,Marketing,Acquired,,Netherlands
AvantStay,Los Angeles,37,2023-06-20,,Travel,Private Equity,686,United States
Karakuki,"London,Non-U.S.",,2023-06-20,1.0,Food,Unknown,13,United Kingdom
Chingari,"Bengaluru,Non-U.S.",48,2023-06-19,0.2,Media,Unknown,88,India
Panther,Tampa Bay,,2023-06-19,1.0,HR,Seed,2,United States
Fuzzy,SF Bay Area,,2023-06-18,1.0,Healthcare,Series C,80,United States
Mojocare,"Bengaluru,Non-U.S.",170,2023-06-17,0.8,Healthcare,Series A,24,India
Nikola,Phoenix,270,2023-06-16,,Transportation,Post-IPO,3300,United States
Qualcomm,SF Bay Area,84,2023-06-16,,Hardware,Post-IPO,,United States
Pilot,SF Bay Area,45,2023-06-16,0.13,Finance,Unknown,116,United States
Karshare,"London,Non-U.S.",,2023-06-16,1.0,Transportation,Seed,4,United Kingdom
CareRev,Los Angeles,100,2023-06-15,0.33,Healthcare,Series A,51,United States
TADA,"Seoul,Non-U.S.",45,2023-06-15,0.6,Transportation,Subsidiary,,South Korea
FrontRow,"Bengaluru,Non-U.S.",,2023-06-15,0.9,Education,Series A,17,India
Bitwise,SF Bay Area,900,2023-06-14,1.0,Crypto,Series B,84,United States
Sonos,New York City,130,2023-06-14,0.07,Consumer,Post-IPO,455,United States
TrueCar,Los Angeles,102,2023-06-14,0.24,Transportation,Post-IPO,340,United States
Olo,New York City,81,2023-06-14,0.11,Food,Post-IPO,184,United States
Mamaearth,"Gurugram,Non-U.S.",80,2023-06-14,,Retail,Unknown,111,India
Synapse,SF Bay Area,,2023-06-14,0.18,Finance,Series B,50,United States
Western Digital,SF Bay Area,211,2023-06-13,,Hardware,Post-IPO,900,United States
JupiterOne,Raleigh,8,2023-06-13,,Security,Series C,119,United States
Grubhub,SF Bay Area,400,2023-06-12,0.15,Food,Acquired,284,United States
GoCardless,"London,Non-U.S.",150,2023-06-12,0.17,Finance,Series G,529,United Kingdom
Pendo,Raleigh,100,2023-06-12,0.12,Product,Series F,469,United States
Chegg,SF Bay Area,80,2023-06-12,0.04,Education,Post-IPO,227,United States
dot.LA,Los Angeles,,2023-06-12,1.0,Media,Seed,4,United States
TaxBit,SF Bay Area,80,2023-06-11,0.4,Crypto,Unknown,253,United States
Tiki,"Singapore,Non-U.S.",,2023-06-11,1.0,Consumer,Unknown,,Singapore
Trybe,"Sao Paulo,Non-U.S.",128,2023-06-09,0.35,Education,Series B,40,Brazil
23andMe,SF Bay Area,75,2023-06-09,0.09,Healthcare,Post-IPO,1100,United States
Expel,Washington D.C.,60,2023-06-09,0.1,Security,Series E,288,United States
Branch,Columbus,186,2023-06-08,,Finance,Series C,229,United States
Cityblock Health,New York City,155,2023-06-08,0.12,Healthcare,Series D,891,United States
Highspot,Seattle,140,2023-06-08,0.15,Sales,Series F,644,United States
Opora,SF Bay Area,,2023-06-08,1.0,Security,Seed,7,United States
Byju's,"Bengaluru,Non-U.S.",1000,2023-06-07,,Education,Private Equity,5500,India
Nubank,"Sao Paulo,Non-U.S.",296,2023-06-07,,Finance,Post-IPO,4100,Brazil
Sumo Logic,SF Bay Area,79,2023-06-07,,Data,Acquired,340,United States
Flatiron Health,New York City,39,2023-06-07,,Healthcare,Acquired,324,United States
HashiCorp,SF Bay Area,,2023-06-07,0.08,Infrastructure,Post-IPO,349,United States
Coherent,SF Bay Area,196,2023-06-06,,Manufacturing,Post-IPO,,United States
Edgio,Phoenix,134,2023-06-06,0.12,Infrastructure,Post-IPO,462,United States
Reddit,SF Bay Area,90,2023-06-06,0.05,Consumer,Series F,1300,United States
Linktree,"Melbourne,Non-U.S.",60,2023-06-06,0.27,Consumer,Unknown,165,Australia
Dragos,Baltimore,50,2023-06-06,0.09,Security,Series D,364,United States
Unity,SF Bay Area,50,2023-06-06,,Other,Post-IPO,1300,United States
Mara,"Nairobi,Non-U.S.",6,2023-06-06,,Crypto,Seed,23,Kenya
Bunnii,New York City,,2023-06-06,1.0,Healthcare,Unknown,,United States
Spotify,"Stockholm,Non-U.S.",200,2023-06-05,0.02,Media,Post-IPO,2100,Sweden
Meati Foods,Denver,,2023-06-03,0.05,Food,Series C,274,United States
ZoomInfo,Vancouver,120,2023-06-02,0.03,Sales,Post-IPO,7,United States
Staffbase,"Chemnitz,Non-U.S.",90,2023-06-02,,Other,Series E,307,Germany
Zume,SF Bay Area,,2023-06-02,1.0,Food,Unknown,423,United States
Haven Technologies,New York City,280,2023-06-01,0.7,Finance,Subsidiary,,United States
Mural,SF Bay Area,170,2023-06-01,,Product,Series C,192,United States
Glamyo Health,"New Delhi,Non-U.S.",160,2023-06-01,,Healthcare,Series B,9,India
Outbrain,New York City,90,2023-06-01,0.1,Marketing,Post-IPO,394,United States
CoachHub,"Berlin,Non-U.S.",,2023-06-01,0.1,HR,Series C,332,Germany
SentinelOne,SF Bay Area,,2023-06-01,0.05,Security,Post-IPO,696,United States
SmartAsset,New York City,,2023-06-01,0.19,Finance,Series D,161,United States
Zendesk,SF Bay Area,320,2023-05-31,0.08,Support,Acquired,85,United States
ZipRecruiter,Los Angeles,270,2023-05-31,0.2,Recruiting,Post-IPO,769,United States
Vendr,Boston,100,2023-05-31,0.25,Other,Series B,216,United States
McMakler,"Berlin,Non-U.S.",60,2023-05-31,,Real Estate,Unknown,214,Germany
Mux,SF Bay Area,40,2023-05-31,0.3,Infrastructure,Series D,173,United States
Away,New York City,22,2023-05-31,0.08,Retail,Series D,181,United States
Taxfix,"Berlin,Non-U.S.",120,2023-05-30,0.2,Finance,Series D,330,Germany
Mensa Brands,"Bengaluru,Non-U.S.",30,2023-05-30,,Retail,Unknown,254,India
Evolve,Denver,164,2023-05-29,0.14,Travel,Series F,224,United States
Project44,Chicago,130,2023-05-26,0.1,Logistics,Unknown,817,United States
DHI Group,New York City,53,2023-05-26,0.1,Recruiting,Post-IPO,,United States
BenevolentAI,"London,Non-U.S.",180,2023-05-25,,Healthcare,Private Equity,292,United Kingdom
Airmeet,"Bengaluru,Non-U.S.",75,2023-05-25,0.3,Marketing,Series B,50,India
Circus Kitchens,"Hamburg,Non-U.S.",35,2023-05-25,,Food,Seed,12,Germany
Jellysmack,"Paris,Non-U.S.",13,2023-05-25,,Media,Series C,22,France
Kabam,SF Bay Area,,2023-05-25,0.12,Consumer,Acquired,244,United States
Guild,Denver,172,2023-05-24,0.12,Education,Series F,643,United States
WillowTree,Charlottesville,120,2023-05-24,0.11,Marketing,Acquired,,United States
Flink,"Berlin,Non-U.S.",100,2023-05-24,0.16,Food,Series B,1000,Germany
Western Digital,"Kfar Saba,Non-U.S.",60,2023-05-24,0.07,Hardware,Post-IPO,900,Israel
Alibaba Cloud,"Hangzhou,Non-U.S.",,2023-05-24,0.07,Data,Subsidiary,,China
Brainly,"Krakow,Non-U.S.",,2023-05-24,0.3,Education,Series D,148,Poland
Reliance JioMart,"Mumbai,Non-U.S.",1000,2023-05-23,,Food,Subsidiary,,India
Qualcomm,"Haifa,Non-U.S.",30,2023-05-23,,Hardware,Post-IPO,,Israel
SoundCloud,"Berlin,Non-U.S.",,2023-05-23,0.08,Consumer,Unknown,542,Germany
AppFolio,Santa Barbara,62,2023-05-22,,Real Estate,Post-IPO,30,United States
Daylight,Los Angeles,,2023-05-22,1.0,Finance,Series A,20,United States
FemTech Health,Houston,,2023-05-22,1.0,Healthcare,Unknown,,United States
Moss,"Berlin,Non-U.S.",30,2023-05-19,,Finance,Series B,150,Germany
Pie Insurance,Washington D.C.,63,2023-05-18,0.14,Finance,Series D,621,United States
dbt Labs,Philadelphia,,2023-05-18,0.15,Data,Series D,414,United States
L1ght,"Tel Aviv,Non-U.S.",,2023-05-18,1.0,Other,Seed,15,Israel
TuSimple,San Diego,,2023-05-18,0.3,Transportation,Post-IPO,648,United States
Stash,New York City,40,2023-05-17,0.1,Finance,Unknown,480,United States
Formstack,Indianapolis,,2023-05-17,0.4,Other,Private Equity,425,United States
Cerner,Kansas City,3000,2023-05-16,0.11,Healthcare,Acquired,,United States
Zepz,"London,Non-U.S.",420,2023-05-16,0.26,Finance,Series E,700,United Kingdom
Lemonade,New York City,45,2023-05-16,0.03,Finance,Post-IPO,481,United States
Quanto,"Sao Paulo,Non-U.S.",,2023-05-16,0.85,Finance,Series A,20,Brazil
Cana,SF Bay Area,,2023-05-13,1.0,Food,Unknown,30,United States
Nuro,SF Bay Area,340,2023-05-12,0.3,Transportation,Series D,2100,United States
Telenav,"Cluj-Napoca,Non-U.S.",172,2023-05-12,,Transportation,Post-IPO,30,Romania
Happay,"Bengaluru,Non-U.S.",160,2023-05-12,0.35,Finance,Acquired,21,India
Slickdeals,Las Vegas,79,2023-05-12,0.33,Retail,Unknown,,United States
Toothsi,"Mumbai,Non-U.S.",20,2023-05-12,,Healthcare,Series C,87,India
Everlaw,SF Bay Area,,2023-05-12,0.1,Legal,Series D,298,United States
Tessera,New York City,,2023-05-12,1.0,Crypto,Series A,43,United States
Cornershop,"Santiago,Non-U.S.",250,2023-05-11,0.11,Food,Acquired,31,Chile
Varo,SF Bay Area,97,2023-05-11,,Finance,Series E,992,United States
CS Disco,Austin,,2023-05-11,0.08,Legal,Post-IPO,233,United States
Microsoft,Seattle,158,2023-05-10,,Other,Post-IPO,1,United States
Redbubble,"Melbourne,Non-U.S.",70,2023-05-10,0.23,Retail,Post-IPO,55,Australia
Similarweb,New York City,60,2023-05-10,0.06,Other,Post-IPO,235,United States
Stack Overflow,New York City,58,2023-05-10,0.1,Recruiting,Acquired,153,United States
Akamai,Boston,290,2023-05-09,0.03,Security,Post-IPO,35,United States
Sonatype,Baltimore,100,2023-05-09,0.14,Security,Acquired,154,United States
AudioCodes,"Tel Aviv,Non-U.S.",80,2023-05-09,0.06,Other,Post-IPO,91,Israel
Marqeta,SF Bay Area,,2023-05-09,0.15,Finance,Post-IPO,530,United States
LinkedIn,SF Bay Area,716,2023-05-08,0.04,Recruiting,Acquired,154,United States
Cuemath,"Bengaluru,Non-U.S.",100,2023-05-08,,Education,Unknown,121,India
Momentis Surgical,"Tel Aviv,Non-U.S.",70,2023-05-08,0.6,Healthcare,Series D,,Israel
Glean AI,New York City,5,2023-05-08,,Finance,Seed,11,United States
Everledger,"Brisbane,Non-U.S.",,2023-05-08,1.0,Crypto,Unknown,27,Australia
Twist Bioscience,SF Bay Area,270,2023-05-05,0.25,Healthcare,Post-IPO,503,United States
Meesho,"Bengaluru,Non-U.S.",251,2023-05-05,0.15,Retail,Series F,1100,India
Teachmint,"Bengaluru,Non-U.S.",70,2023-05-05,,Education,Series B,118,India
Eventus,Austin,,2023-05-05,0.33,Finance,Series B,45,United States
Shopify,"Ottawa,Non-U.S.",2300,2023-05-04,0.2,Retail,Post-IPO,122,Canada
Sabre,Dallas,1100,2023-05-04,0.15,Travel,Post-IPO,1700,United States
Scribe Media,Austin,90,2023-05-04,1.0,Marketing,Unknown,,United States
Autograph,Los Angeles,30,2023-05-04,0.33,Crypto,Series B,205,United States
Earnix,"Tel Aviv,Non-U.S.",30,2023-05-04,0.1,Finance,Unknown,100,Israel
Karma,"Tel Aviv,Non-U.S.",20,2023-05-04,0.28,Retail,Series A,34,Israel
Glassbox,"London,Non-U.S.",,2023-05-04,0.14,Data,Series C,70,United Kingdom
Unity,SF Bay Area,600,2023-05-03,0.08,Other,Post-IPO,1300,United States
Upwork,SF Bay Area,137,2023-05-03,0.15,Other,Post-IPO,168,United States
Cars24,"Jakarta,Non-U.S.",100,2023-05-03,,Transportation,Series G,1300,Indonesia
Brightcove,Boston,70,2023-05-03,0.1,Marketing,Post-IPO,145,United States
Healthy.io,"Tel Aviv,Non-U.S.",70,2023-05-03,0.33,Healthcare,Series D,185,Israel
Zymergen,SF Bay Area,27,2023-05-03,,Other,Acquired,974,United States
TheSkimm,New York City,22,2023-05-03,0.13,Media,Series C,28,United States
Brightline,SF Bay Area,,2023-05-03,0.2,Healthcare,Series C,212,United States
Bishop Fox,Phoenix,50,2023-05-02,0.13,Security,Series B,146,United States
Zoomo,"Sydney,Non-U.S.",27,2023-05-02,0.08,Transportation,Series B,105,Australia
Vallai,"Paris,Non-U.S.",,2023-05-02,1.0,Data,Seed,,France
SAS,Raleigh,250,2023-05-01,,Data,Unknown,,United States
Lev,New York City,34,2023-05-01,,Real Estate,Series B,114,United States
Vah Vah!,"Bengaluru,Non-U.S.",150,2023-04-30,,Education,Seed,2,India
Cogito,"New Delhi,Non-U.S.",177,2023-04-29,,Data,Unknown,,India
Cue Health,San Diego,326,2023-04-28,0.3,Healthcare,Post-IPO,899,United States
N26,"Berlin,Non-U.S.",71,2023-04-28,0.04,Finance,Series E,1700,Germany
Embark Vet,Boston,28,2023-04-28,,Healthcare,Series B,94,United States
Poparazzi,Los Angeles,,2023-04-28,1.0,Consumer,Series A,15,United States
Providoor,"Melbourne,Non-U.S.",,2023-04-28,1.0,Food,Unknown,,Australia
Dropbox,SF Bay Area,500,2023-04-27,0.16,Other,Post-IPO,1700,United States
Alteryx,Los Angeles,320,2023-04-27,0.11,Data,Post-IPO,613,United States
Vroom,New York City,120,2023-04-27,0.11,Transportation,Post-IPO,1300,United States
Greenhouse,New York City,100,2023-04-27,0.12,Recruiting,Private Equity,110,United States
Rebellion Defense,Washington D.C.,90,2023-04-27,,Data,Series B,150,United States
Poppulo,Denver,85,2023-04-27,,HR,Acquired,30,United States
Megaport,"Brisbane,Non-U.S.",50,2023-04-27,0.16,Infrastructure,Post-IPO,98,Australia
Airtasker,"Sydney,Non-U.S.",45,2023-04-27,0.2,Retail,Series C,26,Australia
Chief,New York City,43,2023-04-27,0.14,Other,Series B,140,United States
Tickertape,"Bengaluru,Non-U.S.",29,2023-04-27,0.29,Finance,Seed,5,India
Clubhouse,SF Bay Area,,2023-04-27,0.5,Consumer,Series C,110,United States
Oddle,"Singapore,Non-U.S.",,2023-04-27,0.25,Food,Series B,9,Singapore
Extramarks,"Noida,Non-U.S.",300,2023-04-26,,Education,Unknown,,India
Teampay,New York City,30,2023-04-26,0.33,Finance,Series B,79,United States
RenoRun,"Montreal,Non-U.S.",,2023-04-26,1.0,Construction,Series B,163,Canada
Skill Lync,"Chennai,Non-U.S.",400,2023-04-25,,Education,Series A,17,India
Rapid,SF Bay Area,115,2023-04-25,0.5,Finance,Series D,272,United States
Rapid,SF Bay Area,70,2023-04-25,0.3,Finance,Series D,272,United States
Flink,"Berlin,Non-U.S.",8000,2023-04-24,0.4,Food,Series B,1000,Germany
Red Hat,Raleigh,760,2023-04-24,0.04,Other,Acquired,,United States
BigPanda,SF Bay Area,40,2023-04-24,0.13,Infrastructure,Series E,337,United States
Lyft,SF Bay Area,1072,2023-04-21,0.26,Transportation,Post-IPO,4900,United States
Benchling,SF Bay Area,74,2023-04-21,0.09,Other,Series F,411,United States
BuzzFeed,New York City,180,2023-04-20,0.15,Media,Post-IPO,696,United States
Koo,"Bengaluru,Non-U.S.",78,2023-04-20,0.3,Consumer,Series B,50,India
Open,"Bengaluru,Non-U.S.",47,2023-04-20,,Finance,Series D,190,India
Gloat,New York City,35,2023-04-20,0.12,HR,Series D,192,United States
Insider,New York City,,2023-04-20,0.1,Media,Unknown,,United States
Iress,"Melbourne,Non-U.S.",,2023-04-20,0.1,Finance,Unknown,,Australia
F5,Seattle,623,2023-04-19,0.09,Security,Post-IPO,,United States
WalkMe,SF Bay Area,112,2023-04-19,0.1,Other,Post-IPO,307,United States
Opendoor,SF Bay Area,560,2023-04-18,0.22,Real Estate,Post-IPO,1900,United States
Noon,"Riyadh,Non-U.S.",340,2023-04-18,0.1,Retail,Unknown,,Saudi Arabia
Culture Amp,"Melbourne,Non-U.S.",90,2023-04-18,0.09,HR,Series F,257,Australia
TRM Labs,SF Bay Area,16,2023-04-18,0.09,Crypto,Series B,149,United States
CoLab,"Sydney,Non-U.S.",,2023-04-18,1.0,Food,Seed,3,Australia
Ten Square Games,"Wrocław,Non-U.S.",120,2023-04-17,0.25,Consumer,Seed,,Poland
Clearcover,Chicago,81,2023-04-17,0.15,Finance,Series D,304,United States
Paper,"Montreal,Non-U.S.",81,2023-04-17,0.03,Education,Series D,389,Canada
Ynsect,"Paris,Non-U.S.",17,2023-04-17,0.25,Food,Series D,579,France
Utopia Music,"Zug,Non-U.S.",,2023-04-17,0.15,Other,Series B,,Switzerland
Quadream,"Tel Aviv,Non-U.S.",,2023-04-16,1.0,Security,Unknown,,Israel
Drip Capital,SF Bay Area,75,2023-04-14,0.2,Finance,Series C,85,United States
Community Gaming,New York City,17,2023-04-14,0.17,Crypto,Series A,18,United States
Calibrate,New York City,,2023-04-14,0.18,Healthcare,Series B,127,United States
OpenClassrooms,"Paris,Non-U.S.",,2023-04-14,0.25,Education,Series C,150,France
Snyk,Boston,128,2023-04-13,,Security,Series F,849,United States
Astronomer,Cincinnati,100,2023-04-13,0.4,Data,Series C,282,United States
Bluepad,"Bengaluru,Non-U.S.",,2023-04-13,1.0,Media,Seed,,India
Heygo,"London,Non-U.S.",,2023-04-13,1.0,Travel,Series A,20,United Kingdom
Lazerpay,"Lagos,Non-U.S.",,2023-04-13,1.0,Crypto,Unknown,,Nigeria
Viasat,San Diego,300,2023-04-12,0.04,Other,Post-IPO,366,United States
Science 37,Los Angeles,140,2023-04-12,,Healthcare,Post-IPO,347,United States
Medtronic,SF Bay Area,59,2023-04-12,,Healthcare,Post-IPO,5900,United States
Milkrun,"Sydney,Non-U.S.",400,2023-04-11,1.0,Food,Series A,86,Australia
Redfin,Seattle,201,2023-04-11,0.04,Real Estate,Post-IPO,320,United States
Permutive,"London,Non-U.S.",80,2023-04-11,0.4,Marketing,Series C,105,United Kingdom
Examedi,"Santiago,Non-U.S.",45,2023-04-11,0.25,Healthcare,Unknown,19,Chile
Euler Motors,"New Delhi,Non-U.S.",,2023-04-11,0.1,Transportation,Series C,92,India
Flock Freight,San Diego,45,2023-04-10,0.08,Logistics,Series D,399,United States
Nori,Seattle,10,2023-04-10,0.37,Energy,Unknown,13,United States
Simpl,"Bengaluru,Non-U.S.",150,2023-04-09,0.25,Finance,Series B,71,India
Practo,"Bengaluru,Non-U.S.",41,2023-04-08,,Healthcare,Series D,222,India
Pear Therapeutics,Boston,170,2023-04-07,0.92,Healthcare,Post-IPO,409,United States
Workit Health,Ann Arbor,100,2023-04-07,,Healthcare,Series C,138,United States
ZestMoney,"Bengaluru,Non-U.S.",100,2023-04-07,0.2,Finance,Series C,120,India
Absolute Software,"Vancouver,Non-U.S.",40,2023-04-06,0.05,Security,Post-IPO,,Canada
Avocargo,"Berlin,Non-U.S.",16,2023-04-06,1.0,Transportation,Seed,,Germany
Dunzo,"Bengaluru,Non-U.S.",300,2023-04-05,0.3,Food,Unknown,382,India
Amplitude,SF Bay Area,99,2023-04-05,0.13,Data,Post-IPO,311,United States
Talent.com,"Montreal,Non-U.S.",86,2023-04-05,0.18,Recruiting,Series B,150,Canada
1K Kirana,"Gurugram,Non-U.S.",600,2023-04-04,0.4,Retail,Series B,,India
Foundation Medicine,Boston,135,2023-04-04,,Healthcare,Acquired,96,United States
Finder,"Sydney,Non-U.S.",40,2023-04-04,,Retail,Unknown,30,Australia
Boost,New York City,15,2023-04-04,0.2,Finance,Series B,37,United States
Hyland Software,Cleveland,1000,2023-04-03,0.2,Other,Acquired,,United States
View,SF Bay Area,170,2023-04-03,0.23,Other,Post-IPO,2300,United States
Guideline,SF Bay Area,48,2023-04-03,0.11,Finance,Series E,339,United States
Textio,Seattle,15,2023-04-03,0.12,Recruiting,Unknown,42,United States
Domestika,"Madrid,Non-U.S.",89,2023-03-31,0.45,Education,Series D,130,Spain
Hulu,"Beijing,Non-U.S.",200,2023-03-30,,Media,Acquired,683,China
Roku,SF Bay Area,200,2023-03-30,0.06,Media,Post-IPO,208,United States
LendingTree,Charlotte,150,2023-03-30,0.13,Finance,Post-IPO,,United States
FanClash,"Gurugram,Non-U.S.",100,2023-03-30,0.75,Consumer,Series B,50,India
Loop,Austin,19,2023-03-30,0.25,Finance,Series A,24,United States
Crossbeam,Philadelphia,17,2023-03-30,0.15,Sales,Series C,116,United States
Spotify,"Stockholm,Non-U.S.",15,2023-03-30,,Media,Post-IPO,2100,Sweden
AnswerLab,SF Bay Area,,2023-03-30,0.17,Marketing,Unknown,,United States
GoodWorker,"Singapore,Non-U.S.",,2023-03-30,0.9,Recruiting,Acquired,,Singapore
Nowports,"Monterrey,Non-U.S.",,2023-03-30,0.15,Logistics,Series C,,Mexico
Unacademy,"Bengaluru,Non-U.S.",,2023-03-30,0.12,Education,Series H,838,India
CoverMyMeds,Columbus,800,2023-03-29,,Healthcare,Acquired,5,United States
Electronic Arts,SF Bay Area,780,2023-03-29,0.06,Consumer,Post-IPO,2,United States
Seagate,SF Bay Area,480,2023-03-29,,Hardware,Post-IPO,,United States
Drizly,Boston,100,2023-03-29,,Retail,Acquired,119,United States
iCAD,Nashua,23,2023-03-29,0.28,Healthcare,Post-IPO,59,United States
Anyline,"Vienna,Non-U.S.",,2023-03-29,0.25,Other,Series B,37,Austria
Shift,SF Bay Area,,2023-03-29,0.3,Transportation,Post-IPO,504,United States
Lucid Motors,SF Bay Area,1300,2023-03-28,0.18,Transportation,Post-IPO,8300,United States
Blue Nile,Seattle,119,2023-03-28,,Retail,Acquired,62,United States
AEye,SF Bay Area,46,2023-03-28,0.33,Transportation,Post-IPO,314,United States
Rackspace,San Antonio,275,2023-03-27,,Data,Acquired,17,United States
Better Therapeutics,SF Bay Area,,2023-03-27,0.35,Healthcare,Post-IPO,143,United States
Aspiration,Los Angeles,170,2023-03-24,,Finance,Unknown,250,United States
Cimpress,"Paris,Non-U.S.",500,2023-03-23,,Retail,Post-IPO,300,France
Veeam,Columbus,200,2023-03-23,,Data,Acquired,500,United States
Glovo,"Barcelona,Non-U.S.",140,2023-03-23,,Food,Acquired,1200,Spain
TakeOff,"Kyiv,Non-U.S.",50,2023-03-23,,Retail,Unknown,146,Ukraine
Slite,"Paris,Non-U.S.",10,2023-03-23,0.25,Other,Series A,15,France
Indeed,Austin,2200,2023-03-22,0.15,HR,Acquired,5,United States
Logitech,"Geneva,Non-U.S.",300,2023-03-22,,Hardware,Post-IPO,,Switzerland
Glassdoor,SF Bay Area,140,2023-03-22,0.15,HR,Acquired,204,United States
Wejo,"Chester,Non-U.S.",40,2023-03-22,0.16,Transportation,Post-IPO,376,United Kingdom
Copper,"London,Non-U.S.",,2023-03-22,0.15,Crypto,Series C,281,United Kingdom
Roofstock,SF Bay Area,,2023-03-22,0.27,Real Estate,Series E,365,United States
Just Eat,"London,Non-U.S.",1700,2023-03-21,,Food,Acquired,,United Kingdom
Marvell,SF Bay Area,320,2023-03-21,0.04,Hardware,Post-IPO,,United States
Workhuman,"Dublin,Non-U.S.",130,2023-03-21,0.1,HR,Unknown,131,Ireland
FreshBooks,"Toronto,Non-U.S.",80,2023-03-21,0.1,Finance,Unknown,331,Canada
Xing,"Hamburg,Non-U.S.",68,2023-03-21,,HR,Series A,,Germany
Mr Yum,"Melbourne,Non-U.S.",40,2023-03-21,,Food,Series A,101,Australia
Smallcase,"Bengaluru,Non-U.S.",15,2023-03-21,0.04,Finance,Series C,62,India
Laybuy,"Auckland,Non-U.S.",,2023-03-21,0.1,Finance,Post-IPO,130,New Zealand
Amazon,Seattle,9000,2023-03-20,,Retail,Post-IPO,108,United States
Huuuge Games,"Warsaw,Non-U.S.",,2023-03-20,0.1,Consumer,Series C,57,Poland
Livspace,"Bengaluru,Non-U.S.",100,2023-03-17,0.02,Retail,Series F,431,India
Symend,"Calgary,Non-U.S.",50,2023-03-17,0.25,Other,Series C,148,Canada
Freshworks,SF Bay Area,114,2023-03-16,0.02,Support,Post-IPO,484,United States
Coherent,SF Bay Area,108,2023-03-16,,Manufacturing,Post-IPO,,United States
Runtastic,"Linz,Non-U.S.",70,2023-03-16,0.28,Fitness,Acquired,,Austria
Course Hero,SF Bay Area,42,2023-03-16,0.15,Education,Series C,477,United States
Leafly,Seattle,40,2023-03-16,0.21,Retail,Post-IPO,71,United States
Klaviyo,Boston,140,2023-03-15,,Marketing,Unknown,778,United States
Dukaan,"Bengaluru,Non-U.S.",56,2023-03-15,0.3,Retail,Series A,17,India
Boxed,New York City,32,2023-03-15,0.25,Retail,Post-IPO,365,United States
Nubank,"Sao Paulo,Non-U.S.",30,2023-03-15,,Finance,Post-IPO,4100,Brazil
TradeWindow,"Auckland,Non-U.S.",25,2023-03-15,0.3,Finance,Series B,24,New Zealand
Meta,SF Bay Area,10000,2023-03-14,,Consumer,Post-IPO,26000,United States
Fetch,Madison,100,2023-03-14,0.1,Retail,Series E,581,United States
Anchorage Digital,SF Bay Area,75,2023-03-14,0.2,Crypto,Series D,487,United States
Avidbots,"Kitchener,Non-U.S.",50,2023-03-14,0.14,Hardware,Series C,106,Canada
Samsung,SF Bay Area,30,2023-03-14,,Hardware,Post-IPO,,United States
Kaleidoscope,Minneapolis,15,2023-03-14,0.3,Finance,Series A,16,United States
GoTo Group,"Jakarta,Non-U.S.",600,2023-03-10,,Transportation,Post-IPO,1300,Indonesia
Cookpad,"Tokyo,Non-U.S.",80,2023-03-10,,Consumer,Unknown,,Japan
Xero,"Wellington,Non-U.S.",800,2023-03-09,0.15,Finance,Post-IPO,681,New Zealand
Shopee,"Jakarta,Non-U.S.",200,2023-03-09,,Food,Unknown,,Indonesia
Gopuff,Philadelphia,100,2023-03-09,0.02,Food,Series H,3400,United States
Wave Financial,"Toronto,Non-U.S.",50,2023-03-09,,Finance,Acquired,79,Canada
Morning Brew,New York City,40,2023-03-09,,Media,Acquired,,United States
Neoleukin Therapeutics,Seattle,,2023-03-09,0.7,Healthcare,Post-IPO,157,United States
Toucan,Los Angeles,,2023-03-09,1.0,Education,Series A,,United States
Wattpad,"Toronto,Non-U.S.",42,2023-03-08,0.15,Media,Acquired,117,Canada
Appcues,Boston,,2023-03-08,0.15,Data,Series B,52,United States
Pristyn Care,"Gurugram,Non-U.S.",300,2023-03-07,0.15,Healthcare,Series E,177,India
Zwift,Los Angeles,80,2023-03-07,0.15,Fitness,Series C,619,United States
Catch,New York City,,2023-03-07,1.0,Finance,Series A,18,United States
RDX Works,"London,Non-U.S.",,2023-03-07,0.25,Crypto,Unknown,6,United Kingdom
Atlassian,"Sydney,Non-U.S.",500,2023-03-06,0.05,Other,Post-IPO,210,Australia
SiriusXM,New York City,475,2023-03-06,0.08,Media,Post-IPO,525,United States
Alerzo,"Ibadan,Non-U.S.",400,2023-03-06,,Retail,Series B,16,Nigeria
UKG,Miami,265,2023-03-06,,HR,Unknown,,United States
UpGrad,"Mumbai,Non-U.S.",120,2023-03-06,,Education,Unknown,631,India
HomeLane,"Bengaluru,Non-U.S.",30,2023-03-06,,Retail,Series E,116,India
No Fluff Jobs,"Gydnia,Non-U.S.",13,2023-03-04,,HR,Acquired,,Poland
Loft,"Sao Paulo,Non-U.S.",340,2023-03-03,0.15,Real Estate,Unknown,788,Brazil
Embark Trucks,SF Bay Area,230,2023-03-03,0.7,Transportation,Post-IPO,317,United States
Lendi,"Sydney,Non-U.S.",100,2023-03-03,,Real Estate,Unknown,59,Australia
UserTesting,SF Bay Area,63,2023-03-03,,Marketing,Acquired,152,United States
Airbnb,SF Bay Area,30,2023-03-03,,Travel,Post-IPO,6400,United States
Zscaler,SF Bay Area,177,2023-03-02,0.03,Security,Post-IPO,148,United States
MasterClass,SF Bay Area,79,2023-03-02,,Education,Series E,461,United States
Ambev Tech,"Blumenau,Non-U.S.",50,2023-03-02,,Food,Acquired,,Brazil
Fittr,"Pune,Non-U.S.",30,2023-03-02,0.11,Fitness,Series A,13,India
CNET,SF Bay Area,12,2023-03-02,0.1,Media,Acquired,20,United States
Comparis,"Zurich,Non-U.S.",,2023-03-02,0.1,Finance,Unknown,,Switzerland
Kandela,Los Angeles,,2023-03-02,1.0,Consumer,Acquired,,United States
Thoughtworks,Chicago,500,2023-03-01,0.04,Other,Post-IPO,748,United States
iFood,"Sao Paulo,Non-U.S.",355,2023-03-01,0.06,Food,Subsidiary,2100,Brazil
Color Health,SF Bay Area,300,2023-03-01,,Healthcare,Series E,482,United States
Waymo,SF Bay Area,209,2023-03-01,0.08,Transportation,Subsidiary,5500,United States
PayFit,"Paris,Non-U.S.",200,2023-03-01,0.2,HR,Series E,495,France
Yellow.ai,SF Bay Area,200,2023-03-01,,Support,Series C,102,United States
Sonder,SF Bay Area,100,2023-03-01,0.14,Travel,Post-IPO,839,United States
Protego Trust Bank,Seattle,,2023-03-01,0.5,Crypto,Series A,70,United States
Electronic Arts,Baton Rouge,200,2023-02-28,,Consumer,Post-IPO,2,United States
Eventbrite,SF Bay Area,80,2023-02-28,0.08,Consumer,Post-IPO,557,United States
Ezoic,San Diego,10,2023-02-28,,Infrastructure,Series A,39,United States
DUX Education,"Bengaluru,Non-U.S.",,2023-02-28,1.0,Education,Unknown,,India
MeridianLink,Los Angeles,,2023-02-28,0.09,Finance,Post-IPO,485,United States
Sono Motors,"Munich,Non-U.S.",300,2023-02-27,,Transportation,Post-IPO,126,Germany
Cerebral,SF Bay Area,285,2023-02-27,0.15,Healthcare,Series C,462,United States
Amount,Chicago,130,2023-02-27,0.25,Finance,Unknown,283,United States
Palantir,Denver,75,2023-02-27,0.02,Data,Post-IPO,3000,United States
Outreach,Seattle,70,2023-02-27,0.07,Sales,Series G,489,United States
Stytch,SF Bay Area,19,2023-02-27,0.25,Security,Series B,126,United States
BitSight,"Tel Aviv,Non-U.S.",40,2023-02-26,,Security,Unknown,401,Israel
Twitter,SF Bay Area,200,2023-02-25,0.1,Consumer,Post-IPO,12900,United States
Ericsson,"Stockholm,Non-U.S.",8500,2023-02-24,0.08,Other,Post-IPO,663,Sweden
SAP Labs,"Bengaluru,Non-U.S.",300,2023-02-24,,Other,Subsidiary,1300,India
Velodyne Lidar,SF Bay Area,220,2023-02-24,,Transportation,Acquired,575,United States
Medallia,SF Bay Area,59,2023-02-24,,Support,Acquired,325,United States
Eat Just,SF Bay Area,40,2023-02-24,,Food,Unknown,465,United States
Lucira Health,SF Bay Area,26,2023-02-24,,Healthcare,Post-IPO,132,United States
Stax,Orlando,24,2023-02-24,,Finance,Series D,263,United States
EQRx,Boston,,2023-02-24,0.18,Healthcare,Post-IPO,1900,United States
Poshmark,SF Bay Area,,2023-02-24,0.02,Retail,Acquired,153,United States
Merative,Ann Arbor,200,2023-02-23,0.1,Healthcare,Acquired,,United States
OneFootball,"Berlin,Non-U.S.",150,2023-02-23,0.32,Marketing,Series D,442,Germany
The Iconic,"Sydney,Non-U.S.",69,2023-02-23,0.06,Retail,Unknown,,Australia
EVgo,Los Angeles,40,2023-02-23,,Transportation,Post-IPO,400,United States
StrongDM,SF Bay Area,40,2023-02-23,,Infrastructure,Series B,76,United States
Dapper Labs,"Vancouver,Non-U.S.",,2023-02-23,0.2,Crypto,Series D,607,Canada
Messari,New York City,,2023-02-23,0.15,Crypto,Series B,61,United States
Vibrent Health,Washington D.C.,,2023-02-23,0.13,Healthcare,Unknown,,United States
Synamedia,"London,Non-U.S.",200,2023-02-22,0.12,Media,Unknown,,United Kingdom
TaskUs,San Antonio,186,2023-02-22,,Support,Post-IPO,279,United States
Immutable,"Sydney,Non-U.S.",,2023-02-22,0.11,Crypto,Series C,279,Australia
Jounce Therapeutics,Boston,,2023-02-22,0.57,Healthcare,Acquired,194,United States
Locomation,Pittsburgh,,2023-02-22,1.0,Transportation,Seed,57,United States
Green Labs,"Seoul,Non-U.S.",350,2023-02-21,0.7,Food,Series C,214,South Korea
Polygon,"Bengaluru,Non-U.S.",100,2023-02-21,0.2,Crypto,Unknown,451,India
Crunchyroll,"Tokyo,Non-U.S.",85,2023-02-21,,Media,Unknown,26,Japan
Ethos Life,SF Bay Area,50,2023-02-21,,Finance,Series D,406,United States
Basis Technologies,Chicago,40,2023-02-21,0.04,Marketing,Series B,52,United States
Bolt,"Lagos,Non-U.S.",17,2023-02-21,,Transportation,Series F,,Nigeria
MyGate,"Bengaluru,Non-U.S.",200,2023-02-20,0.3,Other,Series B,79,India
Fireblocks,New York City,30,2023-02-20,0.05,Crypto,Series E,1000,United States
Kinde,"Sydney,Non-U.S.",8,2023-02-20,0.28,Other,Seed,10,Australia
Fipola,"Chennai,Non-U.S.",,2023-02-20,1.0,Food,Series A,9,India
HP,"Tel Aviv,Non-U.S.",100,2023-02-19,,Hardware,Post-IPO,4200,Israel
Micron,Boise,2400,2023-02-17,0.05,Hardware,Post-IPO,50,United States
Tencent,"Shenzen,Non-U.S.",300,2023-02-17,,Consumer,Post-IPO,12600,China
Evernote,SF Bay Area,129,2023-02-17,,Consumer,Acquired,290,United States
Chipper Cash,SF Bay Area,100,2023-02-17,0.33,Finance,Series C,302,United States
DocuSign,SF Bay Area,680,2023-02-16,0.1,Sales,Post-IPO,536,United States
Pico Interactive,SF Bay Area,400,2023-02-16,0.2,Other,Acquired,62,United States
The RealReal,SF Bay Area,230,2023-02-16,0.07,Retail,Post-IPO,356,United States
Smartsheet,Seattle,85,2023-02-16,0.03,Other,Post-IPO,152,United States
Wix,"Tel Aviv,Non-U.S.",370,2023-02-15,0.06,Marketing,Post-IPO,58,Israel
ServiceTitan,Los Angeles,221,2023-02-15,0.08,Sales,Series G,1100,United States
Neon,"Sao Paulo,Non-U.S.",210,2023-02-15,0.09,Finance,Series D,720,Brazil
Jellysmack,"Paris,Non-U.S.",208,2023-02-15,,Media,Series C,22,France
DigitalOcean,New York City,200,2023-02-15,0.11,Infrastructure,Post-IPO,491,United States
Sprinklr,New York City,100,2023-02-15,0.04,Support,Post-IPO,429,United States
Betterment,New York City,28,2023-02-15,,Finance,Series F,435,United States
Milkrun,"Sydney,Non-U.S.",,2023-02-15,0.2,Food,Series A,86,Australia
SurveyMonkey,SF Bay Area,,2023-02-15,0.14,Marketing,Post-IPO,1100,United States
Tackle,Boise,,2023-02-15,0.15,Other,Series C,148,United States
Vicarious Surgical,Boston,,2023-02-15,0.14,Healthcare,Post-IPO,185,United States
Blackbaud,Charleston,500,2023-02-14,0.14,Other,Post-IPO,,United States
CommerceHub,Albany,371,2023-02-14,0.31,Retail,Acquired,,United States
Dropp,"Berlin,Non-U.S.",60,2023-02-14,1.0,Retail,Unknown,2,Germany
HackerEarth,SF Bay Area,,2023-02-14,0.08,HR,Series B,11,United States
PhableCare,"Bengaluru,Non-U.S.",,2023-02-14,0.7,Healthcare,Series B,40,India
Udemy,SF Bay Area,,2023-02-14,0.1,Education,Post-IPO,311,United States
Twilio,SF Bay Area,1500,2023-02-13,0.17,Other,Post-IPO,614,United States
Electric,New York City,141,2023-02-13,0.25,Other,Series D,212,United States
EMX Digital,New York City,100,2023-02-13,1.0,Marketing,Unknown,,United States
PetLove,"Sao Paulo,Non-U.S.",94,2023-02-13,,Retail,Series C,225,Brazil
iRobot,Boston,85,2023-02-13,0.07,Consumer,Acquired,30,United States
Collective Health,SF Bay Area,54,2023-02-13,,Healthcare,Series F,719,United States
Magic Eden,SF Bay Area,22,2023-02-13,,Crypto,Series B,170,United States
Casavo,"Milan,Non-U.S.",,2023-02-13,0.3,Real Estate,Unknown,708,Italy
Moladin,"Jakarta,Non-U.S.",360,2023-02-12,0.11,Transportation,Series B,138,Indonesia
TripleLift,New York City,100,2023-02-10,0.2,Marketing,Acquired,16,United States
Titan Medical,"Toronto,Non-U.S.",48,2023-02-10,0.72,Healthcare,Post-IPO,278,Canada
TikTok India,"Mumbai,Non-U.S.",40,2023-02-10,,Consumer,Acquired,9400,India
Syft Technologies,"Auckland,Non-U.S.",30,2023-02-10,0.2,Manufacturing,Private Equity,,New Zealand
Rigetti Computing,SF Bay Area,,2023-02-10,0.28,Hardware,Post-IPO,298,United States
Yahoo,SF Bay Area,1600,2023-02-09,0.2,Consumer,Acquired,6,United States
Misfits Market,Philadelphia,649,2023-02-09,0.33,Food,Series C,526,United States
Deliveroo,"London,Non-U.S.",350,2023-02-09,0.09,Food,Post-IPO,1700,United Kingdom
Olive AI,Columbus,215,2023-02-09,0.35,Healthcare,Series H,856,United States
Oportun,SF Bay Area,155,2023-02-09,0.1,Finance,Post-IPO,566,United States
GitLab,SF Bay Area,130,2023-02-09,0.07,Product,Post-IPO,413,United States
Bark,New York City,126,2023-02-09,0.12,Retail,Post-IPO,,United States
Veriff,"Tallinn,Non-U.S.",66,2023-02-09,0.12,Security,Series C,192,Estonia
REE Automotive,"Tel Aviv,Non-U.S.",31,2023-02-09,0.11,Transportation,Post-IPO,317,Israel
GitHub,SF Bay Area,,2023-02-09,0.1,Product,Acquired,350,United States
WeTrade,"Bengaluru,Non-U.S.",,2023-02-09,1.0,Crypto,Unknown,,India
GoDaddy,Phoenix,530,2023-02-08,0.08,Marketing,Post-IPO,800,United States
Affirm,SF Bay Area,500,2023-02-08,0.19,Finance,Post-IPO,1500,United States
Gusto,SF Bay Area,126,2023-02-08,0.05,HR,Series E,746,United States
Gong,SF Bay Area,80,2023-02-08,0.07,Sales,Series E,583,United States
Beam Benefits,Columbus,31,2023-02-08,0.08,Healthcare,Series E,168,United States
Equitybee,SF Bay Area,24,2023-02-08,0.25,Finance,Series B,85,United States
Baraja,"Sydney,Non-U.S.",,2023-02-08,0.75,Transportation,Unknown,63,Australia
Koho,"Toronto,Non-U.S.",,2023-02-08,0.14,Finance,Series D,278,Canada
Medly,New York City,,2023-02-08,1.0,Healthcare,Series C,100,United States
Nearmap,"Sydney,Non-U.S.",,2023-02-08,0.2,Construction,Acquired,15,Australia
Zoom,SF Bay Area,1300,2023-02-07,0.15,Other,Post-IPO,276,United States
eBay,SF Bay Area,500,2023-02-07,0.04,Retail,Post-IPO,1200,United States
SecureWorks,Atlanta,212,2023-02-07,0.09,Security,Post-IPO,83,United States
Salesloft,Atlanta,100,2023-02-07,0.1,Sales,Acquired,245,United States
Openpay,"Melbourne,Non-U.S.",83,2023-02-07,1.0,Finance,Post-IPO,299,Australia
LearnUpon,"Dublin,Non-U.S.",27,2023-02-07,0.09,Education,Private Equity,56,Ireland
Sana Benefits,Austin,,2023-02-07,0.19,HR,Series B,106,United States
Dell,Austin,6650,2023-02-06,0.05,Hardware,Post-IPO,,United States
Loggi,"Sao Paulo,Non-U.S.",300,2023-02-06,0.07,Logistics,Series F,507,Brazil
Catch.com.au,"Melbourne,Non-U.S.",100,2023-02-06,,Retail,Acquired,80,Australia
VinFast US,Los Angeles,80,2023-02-06,,Transportation,Subsidiary,,United States
Drift,Boston,59,2023-02-06,,Marketing,Acquired,107,United States
Pocket Aces,"Mumbai,Non-U.S.",50,2023-02-06,0.25,Media,Unknown,19,India
Clari,SF Bay Area,20,2023-02-06,,Sales,Series F,496,United States
Daraz,"Singapore,Non-U.S.",,2023-02-06,0.11,Retail,Unknown,,Singapore
Kyruus,Boston,70,2023-02-05,,Healthcare,Unknown,183,United States
Lightico,"Tel Aviv,Non-U.S.",20,2023-02-05,0.25,Finance,Series B,42,Israel
Eightfold AI,SF Bay Area,90,2023-02-03,0.15,HR,Series E,396,United States
FarEye,"New Delhi,Non-U.S.",90,2023-02-03,,Logistics,Series E,150,India
Protocol Labs,SF Bay Area,89,2023-02-03,0.2,Crypto,Unknown,10,United States
Built Technologies copy,Nashville,,2023-02-03,0.08,Construction,Unknown,313,United States
Finder,"Sydney,Non-U.S.",,2023-02-03,0.15,Retail,Unknown,30,Australia
Byju's,"Bengaluru,Non-U.S.",1500,2023-02-02,,Education,Private Equity,5500,India
Okta,SF Bay Area,300,2023-02-02,0.05,Security,Post-IPO,1200,United States
Autodesk,SF Bay Area,250,2023-02-02,0.02,Other,Post-IPO,,United States
Mindstrong,SF Bay Area,127,2023-02-02,,Healthcare,Series C,160,United States
NCC Group,"Manchester,Non-U.S.",125,2023-02-02,0.07,Security,Post-IPO,,United Kingdom
Miro,SF Bay Area,119,2023-02-02,0.07,Other,Series C,476,United States
Getir,New York City,100,2023-02-02,,Food,Series E,1800,United States
Highspot,Seattle,100,2023-02-02,0.1,Sales,Series F,644,United States
Bittrex,Seattle,80,2023-02-02,,Crypto,Unknown,,United States
Snowplow,"London,Non-U.S.",40,2023-02-02,,Data,Series B,55,United Kingdom
Articulate,New York City,38,2023-02-02,,Education,Series A,1500,United States
Getaround,SF Bay Area,,2023-02-02,0.1,Transportation,Post-IPO,948,United States
NCSoft,"Seoul,Non-U.S.",,2023-02-02,0.2,Consumer,Post-IPO,240,South Korea
Splunk,SF Bay Area,325,2023-02-01,0.04,Data,Post-IPO,2400,United States
Pinterest,SF Bay Area,150,2023-02-01,,Consumer,Post-IPO,1500,United States
DraftKings,Boston,140,2023-02-01,0.04,Consumer,Post-IPO,719,United States
Cyren,Washington D.C.,121,2023-02-01,,Security,Post-IPO,161,United States
Workato,SF Bay Area,90,2023-02-01,0.1,Other,Series E,415,United States
VerticalScope,"Toronto,Non-U.S.",60,2023-02-01,0.22,Media,Post-IPO,,Canada
Wheel,Austin,56,2023-02-01,0.28,Healthcare,Series C,215,United States
Chainalysis,New York City,44,2023-02-01,0.05,Crypto,Series F,536,United States
Appgate,Miami,34,2023-02-01,0.08,Security,Post-IPO,,United States
Exterro,Portland,24,2023-02-01,0.03,Legal,Private Equity,100,United States
TheSkimm,New York City,17,2023-02-01,0.1,Media,Series C,28,United States
Bustle Digital Group,New York City,,2023-02-01,0.08,Media,Series E,80,United States
Frequency Therapeutics,Boston,,2023-02-01,0.5,Healthcare,Post-IPO,76,United States
MariaDB,"Helsinki,Non-U.S.",,2023-02-01,0.08,Data,Post-IPO,245,Finland
Match Group,New York City,,2023-02-01,0.08,Consumer,Post-IPO,,United States
Rivian,Detroit,,2023-02-01,0.06,Transportation,Post-IPO,10700,United States
PayPal,SF Bay Area,2000,2023-01-31,0.07,Finance,Post-IPO,216,United States
NetApp,SF Bay Area,960,2023-01-31,0.08,Data,Post-IPO,,United States
Workday,SF Bay Area,525,2023-01-31,0.03,HR,Post-IPO,230,United States
HubSpot,Boston,500,2023-01-31,0.07,Marketing,Post-IPO,100,United States
Upstart,SF Bay Area,365,2023-01-31,0.2,Finance,Post-IPO,144,United States
Software AG,"Frankfurt,Non-U.S.",200,2023-01-31,0.04,Data,Post-IPO,344,Germany
Wish,SF Bay Area,150,2023-01-31,0.17,Retail,Post-IPO,1600,United States
Wefox,"Berlin,Non-U.S.",100,2023-01-31,,Finance,Series D,1300,Germany
Tilting Point,New York City,60,2023-01-31,0.14,Consumer,Unknown,235,United States
Gokada,"Lagos,Non-U.S.",54,2023-01-31,,Transportation,Unknown,12,Nigeria
Nubank,"Sao Paulo,Non-U.S.",40,2023-01-31,,Finance,Post-IPO,4100,Brazil
AU10TIX,"Tel Aviv,Non-U.S.",19,2023-01-31,0.09,Security,Unknown,80,Israel
National Instruments,Austin,,2023-01-31,0.04,Hardware,Post-IPO,,United States
OpenText,"Waterloo,Non-U.S.",,2023-01-31,0.08,Data,Post-IPO,1100,Canada
Philips,"Amsterdam,Non-U.S.",6000,2023-01-30,0.13,Healthcare,Post-IPO,,Netherlands
OLX Group,"Amsterdam,Non-U.S.",1500,2023-01-30,0.15,Marketing,Acquired,,Netherlands
Arrival,"London,Non-U.S.",800,2023-01-30,0.5,Transportation,Post-IPO,629,United Kingdom
Groupon,Chicago,500,2023-01-30,,Retail,Post-IPO,1400,United States
Intel,SF Bay Area,343,2023-01-30,,Hardware,Post-IPO,12,United States
Glovo,"Barcelona,Non-U.S.",250,2023-01-30,0.06,Food,Acquired,1200,Spain
Delivery Hero,"Berlin,Non-U.S.",156,2023-01-30,0.04,Food,Post-IPO,9900,Germany
Impossible Foods copy,SF Bay Area,140,2023-01-30,0.2,Food,Series H,1900,United States
Chrono24,"Karlsruhe,Non-U.S.",65,2023-01-30,0.13,Retail,Series C,205,Germany
BM Technologies,Philadelphia,,2023-01-30,0.25,Finance,Post-IPO,,United States
Prime Trust,Las Vegas,,2023-01-30,0.33,Crypto,Series B,176,United States
Quantum SI,New Haven,,2023-01-30,0.12,Healthcare,Post-IPO,425,United States
Me Poupe,"Sao Paulo,Non-U.S.",60,2023-01-28,0.5,Finance,Unknown,,Brazil
CoinTracker,SF Bay Area,19,2023-01-28,,Crypto,Series A,101,United States
SSense,"Montreal,Non-U.S.",138,2023-01-27,0.07,Retail,Series A,,Canada
DealShare,"Bengaluru,Non-U.S.",100,2023-01-27,0.06,Retail,Series E,390,India
Ruggable,Los Angeles,100,2023-01-27,,Retail,Seed,,United States
Synopsys,SF Bay Area,100,2023-01-27,,Other,Post-IPO,,United States
Heycar,"Berlin,Non-U.S.",73,2023-01-27,,Transportation,Unknown,,Germany
Matrixport,"Singapore,Non-U.S.",29,2023-01-27,0.1,Crypto,Series C,100,Singapore
Shakepay,"Montreal,Non-U.S.",21,2023-01-27,0.25,Crypto,Series A,45,Canada
#Paid,"Toronto,Non-U.S.",19,2023-01-27,0.17,Marketing,Series B,21,Canada
Soundwide,"Berlin,Non-U.S.",,2023-01-27,0.08,Other,,,Germany
SAP,"Walldorf,Non-U.S.",3000,2023-01-26,0.03,Other,Post-IPO,1300,Germany
Confluent,SF Bay Area,221,2023-01-26,0.08,Data,Post-IPO,455,United States
Glisser,"London,Non-U.S.",25,2023-01-26,1.0,Travel,Unknown,1,United Kingdom
DriveWealth,Jersey City,,2023-01-26,0.2,Finance,Series D,550,United States
Mode Global,"London,Non-U.S.",,2023-01-26,1.0,Finance,Post-IPO,,United Kingdom
Plus One Robotics,San Antonio,,2023-01-26,0.1,Other,Series B,43,United States
IBM,New York City,3900,2023-01-25,0.02,Hardware,Post-IPO,,United States
Lam Research,SF Bay Area,1300,2023-01-25,0.07,Hardware,Post-IPO,,United States
Shutterfly,SF Bay Area,360,2023-01-25,,Retail,Acquired,50,United States
Luno,"London,Non-U.S.",330,2023-01-25,0.35,Crypto,Acquired,13,United Kingdom
Clear Capital,Reno,250,2023-01-25,0.25,Real Estate,Unknown,,United States
Guardant Health,SF Bay Area,130,2023-01-25,0.07,Healthcare,Post-IPO,550,United States
SirionLabs,Seattle,130,2023-01-25,0.15,Legal,Series D,171,United States
Tier Mobility,"Berlin,Non-U.S.",80,2023-01-25,0.07,Transportation,Series D,646,Germany
PagSeguro,"Sao Paulo,Non-U.S.",,2023-01-25,0.07,Finance,Post-IPO,,Brazil
Prosus,"Amsterdam,Non-U.S.",,2023-01-25,0.3,Other,Unknown,,Netherlands
Vacasa,Portland,1300,2023-01-24,0.17,Travel,Post-IPO,834,United States
Innovaccer,SF Bay Area,245,2023-01-24,0.15,Healthcare,Series E,379,United States
Bolt,SF Bay Area,50,2023-01-24,0.1,Finance,Series E,1300,United States
PartnerStack,"Toronto,Non-U.S.",40,2023-01-24,0.2,Sales,Series B,36,Canada
Gitpod,"Kiel,Non-U.S.",21,2023-01-24,0.28,Product,Series A,41,Germany
OFFOR Health,Columbus,16,2023-01-24,,Healthcare,Series A,14,United States
Venngage,"Toronto,Non-U.S.",11,2023-01-24,0.2,Marketing,Unknown,,Canada
CoachHub,"Berlin,Non-U.S.",,2023-01-24,0.1,HR,Series C,332,Germany
Corvus Insurance,Boston,,2023-01-24,0.14,Finance,Series C,160,United States
PagerDuty,SF Bay Area,,2023-01-24,0.07,Product,Post-IPO,173,United States
Scoro,"London,Non-U.S.",,2023-01-24,0.09,HR,Series B,23,United Kingdom
Spotify,"Stockholm,Non-U.S.",600,2023-01-23,0.06,Media,Post-IPO,2100,Sweden
Uber Freight,SF Bay Area,150,2023-01-23,0.03,Logistics,Subsidiary,2700,United States
Inmobi,"Bengaluru,Non-U.S.",50,2023-01-23,,Marketing,Unknown,320,India
Innovid,New York City,40,2023-01-23,0.1,Marketing,Post-IPO,295,United States
Booktopia,"Sydney,Non-U.S.",30,2023-01-23,,Retail,Series A,23,Australia
Ermetic,SF Bay Area,30,2023-01-23,0.17,Security,Series B,97,United States
Namogoo,"Tel Aviv,Non-U.S.",20,2023-01-23,0.15,Marketing,Series C,69,Israel
Camp K12,"Gurugram,Non-U.S.",,2023-01-23,0.7,Education,Series A,16,India
Gemini,New York City,,2023-01-23,0.1,Crypto,Unknown,423,United States
Yext,New York City,,2023-01-23,0.08,Marketing,Post-IPO,117,United States
Google,SF Bay Area,12000,2023-01-20,0.06,Consumer,Post-IPO,26,United States
Wayfair,Boston,1750,2023-01-20,0.1,Retail,Post-IPO,1700,United States
Swiggy,"Bengaluru,Non-U.S.",380,2023-01-20,0.06,Food,Unknown,3600,India
MediBuddy,"Bengaluru,Non-U.S.",200,2023-01-20,0.08,Healthcare,Acquired,192,India
Vox Media,Washington D.C.,130,2023-01-20,0.07,Media,Series F,307,United States
BitTorrent,SF Bay Area,92,2023-01-20,,Infrastructure,Acquired,,United States
Karat,Seattle,47,2023-01-20,,HR,Unknown,169,United States
Enjoei,"Sao Paulo,Non-U.S.",31,2023-01-20,0.1,Retail,Unknown,14,Brazil
Edifecs,Seattle,30,2023-01-20,,Healthcare,Unknown,1,United States
Citrine Informatics,SF Bay Area,22,2023-01-20,0.27,Data,Series C,64,United States
Cyteir Therapeutics,Boston,,2023-01-20,0.7,Healthcare,Series C,156,United States
Capital One,Washington D.C.,1100,2023-01-19,,Finance,Post-IPO,,United States
Proterra,SF Bay Area,300,2023-01-19,,Transportation,Post-IPO,1200,United States
WeWork,New York City,300,2023-01-19,,Real Estate,Post-IPO,22200,United States
Hubilo,SF Bay Area,115,2023-01-19,0.35,Other,Series B,153,United States
Saks.com,New York City,100,2023-01-19,0.05,Retail,Unknown,965,United States
CS Disco,Austin,62,2023-01-19,0.09,Legal,Post-IPO,233,United States
Riot Games,Los Angeles,46,2023-01-19,,Consumer,Acquired,21,United States
Hydrow,Boston,30,2023-01-19,,Fitness,Series D,269,United States
Earth Rides,Nashville,,2023-01-19,1.0,Transportation,Unknown,2,United States
Magnite,Los Angeles,,2023-01-19,0.06,Marketing,Post-IPO,400,United States
Mudafy,"Mexico City,Non-U.S.",,2023-01-19,0.7,Real Estate,Series A,13,Mexico
Personalis,SF Bay Area,,2023-01-19,0.3,Healthcare,Post-IPO,225,United States
Prisma,SF Bay Area,,2023-01-19,0.28,Data,Series B,56,United States
Wallbox,"Barcelona,Non-U.S.",,2023-01-19,0.15,Energy,Post-IPO,167,Spain
Microsoft,Seattle,10000,2023-01-18,0.05,Other,Post-IPO,1,United States
Sophos,"Oxford,Non-U.S.",450,2023-01-18,0.1,Security,Acquired,125,United Kingdom
Teladoc Health,New York City,300,2023-01-18,0.06,Healthcare,Post-IPO,172,United States
Vroom,New York City,275,2023-01-18,0.2,Transportation,Post-IPO,1300,United States
8x8,SF Bay Area,155,2023-01-18,0.07,Support,Post-IPO,253,United States
Pagaya,"Tel Aviv,Non-U.S.",140,2023-01-18,0.2,Finance,Post-IPO,571,Israel
Benevity,"Calgary,Non-U.S.",137,2023-01-18,0.14,Other,Unknown,69,Canada
Inspirato,Denver,109,2023-01-18,0.12,Travel,Post-IPO,179,United States
Jumpcloud,Boulder,100,2023-01-18,0.12,Security,Series F,416,United States
nCino,Wilmington,100,2023-01-18,0.07,Finance,Post-IPO,1100,United States
Starry,Boston,100,2023-01-18,0.24,Other,Post-IPO,260,United States
Hootsuite,"Vancouver,Non-U.S.",70,2023-01-18,0.07,Marketing,Series C,300,Canada
Clue,"Berlin,Non-U.S.",31,2023-01-18,0.31,Healthcare,Unknown,47,Germany
Addepar,SF Bay Area,20,2023-01-18,0.03,Finance,Series F,491,United States
80 Acres Farms,Cincinnati,,2023-01-18,0.1,Food,Unknown,275,United States
Aiven,"Helsinki,Non-U.S.",,2023-01-18,0.2,Infrastructure,Series D,420,Finland
Bally's Interactive,Providence,,2023-01-18,0.15,Consumer,Post-IPO,946,United States
Betterfly,"Santiago,Non-U.S.",,2023-01-18,0.3,Healthcare,Series C,204,Chile
Lucid Diagnostics,New York City,,2023-01-18,0.2,Healthcare,Post-IPO,,United States
Redbubble,"Melbourne,Non-U.S.",,2023-01-18,0.14,Retail,Post-IPO,55,Australia
Lightspeed Commerce,"Montreal,Non-U.S.",300,2023-01-17,0.1,Retail,Post-IPO,1200,Canada
Unity,SF Bay Area,284,2023-01-17,0.03,Other,Post-IPO,1300,United States
Britishvolt,"London,Non-U.S.",206,2023-01-17,1.0,Transportation,Unknown,2400,United Kingdom
Clutch,"Toronto,Non-U.S.",150,2023-01-17,,Transportation,Unknown,253,Canada
Exotel,"Bengaluru,Non-U.S.",142,2023-01-17,0.15,Support,Series D,87,India
Unico,"Sao Paulo,Non-U.S.",110,2023-01-17,0.1,Other,Series D,336,Brazil
Tul,"Bogota,Non-U.S.",100,2023-01-17,,Construction,Series B,218,Colombia
American Robotics,Boston,50,2023-01-17,0.65,Other,Acquired,92,United States
Luxury Presence,Los Angeles,44,2023-01-17,,Real Estate,Series B,31,United States
RingCentral,SF Bay Area,30,2023-01-17,,Other,Post-IPO,44,United States
GoMechanic,"Gurugram,Non-U.S.",,2023-01-17,0.7,Transportation,Series C,54,India
LiveVox,SF Bay Area,,2023-01-17,0.16,Support,Post-IPO,12,United States
PagBank,"Sao Paulo,Non-U.S.",500,2023-01-16,0.07,Finance,Post-IPO,,Brazil
ShareChat,"Bengaluru,Non-U.S.",500,2023-01-16,0.2,Consumer,Series H,1700,India
Gramophone,"Indore,Non-U.S.",75,2023-01-16,,Food,Series B,17,India
ClearCo,"Toronto,Non-U.S.",50,2023-01-16,0.3,Finance,Series C,698,Canada
Dunzo,"Bengaluru,Non-U.S.",,2023-01-16,0.03,Food,Unknown,382,India
Ignition,"Sydney,Non-U.S.",,2023-01-16,0.1,Finance,Series C,74,Australia
Rebel Foods,"Mumbai,Non-U.S.",,2023-01-16,0.02,Food,Unknown,548,India
Captain Fresh,"Bengaluru,Non-U.S.",120,2023-01-15,,Food,Series C,126,India
Snappy,New York City,100,2023-01-15,0.3,Marketing,Series C,104,United States
BharatAgri,"Mumbai,Non-U.S.",40,2023-01-15,0.43,Food,Series A,21,India
DeHaat,"Patna,Non-U.S.",,2023-01-15,0.05,Food,Series E,254,India
Black Shark,"Shenzen,Non-U.S.",900,2023-01-13,,Hardware,Unknown,,China
Ola,"Bengaluru,Non-U.S.",200,2023-01-13,,Transportation,Series J,5000,India
Bonterra,Austin,140,2023-01-13,0.1,Other,Unknown,,United States
Vial,SF Bay Area,40,2023-01-13,,Healthcare,Series B,101,United States
Arch Oncology,Brisbane,,2023-01-13,1.0,Healthcare,Series C,155,United States
Jellyfish,Boston,,2023-01-13,0.09,Product,Series C,114,United States
Lending Club,SF Bay Area,225,2023-01-12,0.14,Finance,Post-IPO,392,United States
SmartNews,"Tokyo,Non-U.S.",120,2023-01-12,0.4,Media,Series F,410,Japan
Skit.ai,"Bengaluru,Non-U.S.",115,2023-01-12,,Support,Series B,28,India
Pier,"Sao Paulo,Non-U.S.",111,2023-01-12,0.39,Finance,Series B,42,Brazil
Blockchain.com,"London,Non-U.S.",110,2023-01-12,0.28,Crypto,Series D,490,United Kingdom
Lattice,SF Bay Area,105,2023-01-12,0.15,HR,Series F,328,United States
Greenlight,Atlanta,104,2023-01-12,0.21,Finance,Series D,556,United States
Cashfree Payments,Bengaluru,100,2023-01-12,,Finance,Series B,41,India
Mapbox,Washington D.C.,64,2023-01-12,,Data,Unknown,334,United States
Definitive Healthcare,Boston,55,2023-01-12,0.06,Healthcare,Post-IPO,,United States
Akili Labs,Boston,46,2023-01-12,0.3,Healthcare,Post-IPO,301,United States
Career Karma,SF Bay Area,22,2023-01-12,,Education,Series B,51,United States
Crypto.com,"Singapore,Non-U.S.",,2023-01-12,0.2,Crypto,Unknown,,Singapore
Life360,SF Bay Area,,2023-01-12,0.14,Consumer,Post-IPO,158,United States
Rock Content,Miami,,2023-01-12,0.15,Marketing,Series B,34,United States
Flexport,SF Bay Area,640,2023-01-11,0.2,Logistics,Series E,2400,United States
Qualtrics,Salt Lake City,270,2023-01-11,0.05,Other,Post-IPO,400,United States
Verily,SF Bay Area,250,2023-01-11,0.15,Healthcare,Subsidiary,3500,United States
Tipalti,SF Bay Area,123,2023-01-11,0.11,Finance,Series F,565,United States
Jumio,SF Bay Area,100,2023-01-11,0.06,Security,Private Equity,205,United States
CoinDCX,Mumbai,80,2023-01-11,,Crypto,Series D,244,India
HashiCorp,SF Bay Area,69,2023-01-11,,Security,Post-IPO,349,United States
Embark Vet,Boston,41,2023-01-11,,Healthcare,Series B,94,United States
Intrinsic,SF Bay Area,40,2023-01-11,0.2,Other,Acquired,,United States
Citizen,New York City,33,2023-01-11,,Consumer,Series C,133,United States
Carta,SF Bay Area,,2023-01-11,0.1,HR,Series G,1100,United States
Limeade,Seattle,,2023-01-11,0.15,HR,Series C,33,United States
Paddle,"London,Non-U.S.",,2023-01-11,0.08,Finance,Series D,293,United Kingdom
Coinbase,SF Bay Area,950,2023-01-10,0.2,Crypto,Post-IPO,549,United States
Informatica,SF Bay Area,450,2023-01-10,0.07,Data,Post-IPO,,United States
Blend,SF Bay Area,340,2023-01-10,0.28,Finance,Post-IPO,665,United States
Till Payments,"Sydney,Non-U.S.",120,2023-01-10,,Finance,Series C,95,Australia
ConsenSys,New York City,100,2023-01-10,0.11,Crypto,Series D,726,United States
ForeScout,"Tel Aviv,Non-U.S.",100,2023-01-10,0.1,Security,Acquired,125,Israel
Thinkific,"Vancouver,Non-U.S.",76,2023-01-10,0.19,Education,Post-IPO,22,Canada
LEAD,"Mumbai,Non-U.S.",60,2023-01-10,,Education,Series E,190,India
Parler,Nashville,60,2023-01-10,0.75,Consumer,Series B,36,United States
GoBolt,"Toronto,Non-U.S.",55,2023-01-10,0.05,Logistics,Series C,178,Canada
Relevel,"Bengaluru,Non-U.S.",40,2023-01-10,0.2,HR,Unknown,,India
StreamElements,"Tel Aviv,Non-U.S.",40,2023-01-10,0.2,Media,Series B,111,Israel
Cart.com,Austin,25,2023-01-10,0.04,Retail,Unknown,383,United States
Beamery,"London,Non-U.S.",,2023-01-10,0.12,HR,Series D,223,United Kingdom
Citrix,Miami,,2023-01-10,0.15,Infrastructure,Acquired,20,United States
Esper,Seattle,,2023-01-10,0.21,Other,Series A,10,United States
WHOOP,Boston,,2023-01-10,0.04,Fitness,Series F,404,United States
Fate Therapeutics,San Diego,315,2023-01-09,0.57,Healthcare,Post-IPO,1200,United States
Editas Medicine,Boston,,2023-01-09,0.2,Healthcare,Post-IPO,656,United States
Scale AI,SF Bay Area,,2023-01-09,0.2,Data,Series E,602,United States
Minute Media,"London,Non-U.S.",50,2023-01-08,0.1,Media,Series I,160,United Kingdom
WalkMe,SF Bay Area,43,2023-01-08,0.03,Other,Post-IPO,307,United States
Huobi,"Beijing,Non-U.S.",275,2023-01-06,0.2,Crypto,Unknown,2,China
Carbon Health,SF Bay Area,200,2023-01-06,,Healthcare,Series D,522,United States
Bounce,"Bengaluru,Non-U.S.",40,2023-01-06,0.05,Transportation,Series D,214,India
Lantern,Grand Rapids,,2023-01-06,1.0,Retail,Seed,40,United States
Mojo Vision,SF Bay Area,,2023-01-06,0.75,Hardware,Series B,204,United States
SuperRare,Wilmington,,2023-01-06,0.3,Crypto,Series A,9,United States
Cue,San Diego,388,2023-01-05,,Healthcare,Post-IPO,999,United States
SoundHound,SF Bay Area,200,2023-01-05,0.5,Other,Post-IPO,326,United States
Socure,Reno,104,2023-01-05,0.19,Finance,Series E,646,United States
Genesis,New York City,60,2023-01-05,0.3,Crypto,Series A,,United States
Moglix,Singapore,40,2023-01-05,0.02,Retail,Series F,472,Singapore
Twitter,SF Bay Area,40,2023-01-05,,Consumer,Post-IPO,12900,United States
Everlane,SF Bay Area,30,2023-01-05,0.17,Retail,Unknown,176,United States
Pecan AI,"Tel Aviv,Non-U.S.",30,2023-01-05,0.25,Data,Series C,116,Israel
Personetics,New York City,30,2023-01-05,0.08,Support,Private Equity,178,United States
Twine Solutions,"Tel Aviv,Non-U.S.",30,2023-01-05,0.33,Hardware,Unknown,50,Israel
UpScalio,Gurugram,25,2023-01-05,0.15,Retail,Series B,62,India
Attentive,New York City,,2023-01-05,0.15,Marketing,Series E,863,United States
Stitch Fix,SF Bay Area,,2023-01-05,0.2,Retail,Post-IPO,79,United States
TCR2,Boston,,2023-01-05,0.4,Healthcare,Post-IPO,173,United States
Amazon,Seattle,8000,2023-01-04,0.02,Retail,Post-IPO,108,United States
Salesforce,SF Bay Area,8000,2023-01-04,0.1,Sales,Post-IPO,65,United States
Astronomer,Cincinnati,76,2023-01-04,0.2,Data,Series C,282,United States
Kaltura,New York City,75,2023-01-04,0.11,Media,Post-IPO,166,United States
Augury,New York City,20,2023-01-04,0.05,Manufacturing,Series E,274,United States
Butterfly Network,Boston,,2023-01-04,0.25,Healthcare,Post-IPO,530,United States
Vimeo,New York City,,2023-01-04,0.11,Consumer,Post-IPO,450,United States
Wyre,SF Bay Area,,2023-01-04,1.0,Crypto,Unknown,29,United States
Pegasystems,Boston,245,2023-01-03,0.04,HR,Post-IPO,,United States
Uniphore,SF Bay Area,76,2023-01-03,0.1,Support,Series E,620,United States
Harappa,"New Delhi,Non-U.S.",60,2023-01-03,0.3,Education,Acquired,,India
Bytedance,"Shanghai,Non-U.S.",,2023-01-03,0.1,Consumer,Unknown,9400,China
Amdocs,St. Louis,700,2023-01-02,0.03,Support,Post-IPO,,United States
Micron,Boise,4800,2023-01-01,0.1,Hardware,Post-IPO,50,United States
Ezoic,San Diego,35,2022-12-31,,Infrastructure,Series A,39,United States
Gousto,"London,Non-U.S.",,2022-12-31,0.14,Food,Unknown,675,United Kingdom
Bilibili,"Shanghai,Non-U.S.",,2022-12-27,0.3,Media,Post-IPO,3700,China
Octopus Network,"Beau Vallon,Non-U.S.",,2022-12-27,0.4,Crypto,Series A,8,Seychelles
PayU,"Amsterdam,Non-U.S.",150,2022-12-26,0.06,Finance,Acquired,,Netherlands
Element,"London,Non-U.S.",,2022-12-25,0.15,Other,Series B,96,United Kingdom
Willow,"Sydney,Non-U.S.",99,2022-12-23,0.22,Real Estate,Unknown,,Australia
Back Market,"Paris,Non-U.S.",93,2022-12-23,0.13,Retail,Series E,1000,France
Zoopla,"London,Non-U.S.",50,2022-12-23,,Real Estate,Series C,25,United Kingdom
Qualcomm,San Diego,153,2022-12-22,,Hardware,Post-IPO,,United States
TuSimple,San Diego,350,2022-12-21,0.25,Transportation,Post-IPO,648,United States
Lendis,"Berlin,Non-U.S.",,2022-12-21,0.5,Other,Series A,90,Germany
Chope,"Singapore,Non-U.S.",65,2022-12-20,0.24,Food,Series E,50,Singapore
Briza,"Toronto,Non-U.S.",26,2022-12-20,0.4,Finance,Series A,10,Canada
Zhihu,"Beijing,Non-U.S.",,2022-12-20,0.1,Consumer,Series F,892,China
Homebot,Denver,18,2022-12-19,0.13,Real Estate,Acquired,4,United States
YourGrocer,"Melbourne,Non-U.S.",,2022-12-19,1.0,Food,Unknown,2,Australia
Tomorrow,"Hamburg,Non-U.S.",30,2022-12-16,0.25,Finance,Unknown,29,Germany
Revelate,"Montreal,Non-U.S.",24,2022-12-16,0.3,Data,Series A,26,Canada
Improbable,"London,Non-U.S.",,2022-12-16,0.1,Other,Unknown,704,United Kingdom
Modern Treasury,SF Bay Area,,2022-12-16,0.18,Finance,Series C,183,United States
Reach,"Calgary,Non-U.S.",,2022-12-16,0.12,Retail,Series A,30,Canada
SonderMind,Denver,,2022-12-16,0.15,Healthcare,Series C,183,United States
BigCommerce,Austin,180,2022-12-15,0.13,Retail,Post-IPO,224,United States
Freshworks,SF Bay Area,90,2022-12-15,0.02,Support,Post-IPO,484,United States
LeafLink,New York City,80,2022-12-15,0.31,Other,Series C,379,United States
Workmotion,"Berlin,Non-U.S.",60,2022-12-15,0.2,HR,Series B,76,Germany
Apollo,SF Bay Area,,2022-12-15,0.15,Product,Series D,183,United States
JD.ID,"Jakarta,Non-U.S.",200,2022-12-14,0.3,Retail,Post-IPO,5100,Indonesia
GoStudent,"Vienna,Non-U.S.",100,2022-12-14,,Education,Series D,686,Austria
Quanergy Systems,SF Bay Area,72,2022-12-14,,Transportation,Post-IPO,175,United States
Headspace,Los Angeles,50,2022-12-14,0.04,Healthcare,Unknown,215,United States
ChowNow,Los Angeles,40,2022-12-14,0.1,Food,Series C,64,United States
Thumbtack,SF Bay Area,160,2022-12-13,0.14,Consumer,Series I,698,United States
Edgio,Phoenix,95,2022-12-13,0.1,Infrastructure,Post-IPO,462,United States
Komodo Health,SF Bay Area,78,2022-12-13,0.09,Healthcare,Series E,514,United States
Viant,Los Angeles,46,2022-12-13,0.13,Marketing,Post-IPO,,United States
Pluralsight,Salt Lake City,400,2022-12-12,0.2,Education,Acquired,192,United States
Freshly,Phoenix,329,2022-12-12,,Food,Acquired,107,United States
Balto,St. Louis,35,2022-12-12,,Sales,Series B,51,United States
Outschool,SF Bay Area,43,2022-12-10,0.25,Education,Series D,240,United States
Xentral,"Munich,Non-U.S.",20,2022-12-10,0.1,Product,Series B,94,Germany
Playtika,"Tel Aviv,Non-U.S.",600,2022-12-09,0.15,Consumer,Post-IPO,,Israel
Bol.com,"Utrecht,Non-U.S.",300,2022-12-09,0.1,Retail,Acquired,,Netherlands
Share Now,"Berlin,Non-U.S.",150,2022-12-09,0.36,Transportation,Acquired,,Germany
Alice,"Sao Paulo,Non-U.S.",113,2022-12-09,0.16,Healthcare,Series C,174,Brazil
Primer,"London,Non-U.S.",85,2022-12-09,0.33,Finance,Series B,73,United Kingdom
OneFootball,"Berlin,Non-U.S.",62,2022-12-09,0.12,Marketing,Series D,442,Germany
C2FO,Kansas City,20,2022-12-09,0.02,Finance,Series H,537,United States
Brodmann17,"Tel Aviv,Non-U.S.",,2022-12-09,1.0,Other,Series A,25,Israel
Digital Surge,"Brisbane,Non-U.S.",,2022-12-09,1.0,Crypto,Unknown,,Australia
ZenLedger,Seattle,,2022-12-09,0.1,Crypto,Series B,25,United States
Airtable,SF Bay Area,254,2022-12-08,0.2,Product,Series F,1400,United States
Swiggy,"Bengaluru,Non-U.S.",250,2022-12-08,0.03,Food,Unknown,3600,India
Glints,"Singapore,Non-U.S.",198,2022-12-08,0.18,HR,Series D,82,Singapore
Buser,"Sao Paulo,Non-U.S.",160,2022-12-08,0.3,Transportation,Series C,138,Brazil
BlackLine,Los Angeles,95,2022-12-08,0.05,Finance,Private Equity,220,United States
Chrono24,"Karlsruhe,Non-U.S.",80,2022-12-08,,Retail,Series C,205,Germany
Otonomo,"Tel Aviv,Non-U.S.",80,2022-12-08,0.5,Transportation,Post-IPO,231,Israel
TechTarget,Boston,60,2022-12-08,0.05,Marketing,Post-IPO,115,United States
Inscripta,Boulder,43,2022-12-08,,Healthcare,Series E,459,United States
CyCognito,SF Bay Area,30,2022-12-08,0.15,Security,Series C,153,United States
Armis,SF Bay Area,25,2022-12-08,0.04,Security,Private Equity,537,United States
Bakkt,Atlanta,,2022-12-08,0.15,Crypto,Post-IPO,932,United States
Blue Apron,New York City,,2022-12-08,0.1,Food,Post-IPO,352,United States
Nerdy,St. Louis,,2022-12-08,0.17,Education,Post-IPO,150,United States
Vanta,SF Bay Area,,2022-12-08,0.14,Security,Series B,203,United States
Vedantu,"Bengaluru,Non-U.S.",385,2022-12-07,,Education,Series E,292,India
Loft,"Sao Paulo,Non-U.S.",312,2022-12-07,0.12,Real Estate,Unknown,788,Brazil
Plaid,SF Bay Area,260,2022-12-07,0.2,Finance,Series D,734,United States
Motive,SF Bay Area,237,2022-12-07,0.06,Transportation,Series F,567,United States
Recur Forever,Miami,235,2022-12-07,,Crypto,Series A,55,United States
Relativity,Chicago,150,2022-12-07,0.1,Legal,Private Equity,125,United States
Voi,"Stockholm,Non-U.S.",130,2022-12-07,0.13,Transportation,Series D,515,Sweden
Integral Ad Science,New York City,120,2022-12-07,0.13,Marketing,Acquired,116,United States
Houzz,SF Bay Area,95,2022-12-07,0.08,Consumer,Series E,613,United States
Grover,"Berlin,Non-U.S.",40,2022-12-07,0.1,Retail,Unknown,2300,Germany
Lev,New York City,30,2022-12-07,0.3,Real Estate,Series B,114,United States
Lithic,New York City,27,2022-12-07,0.18,Finance,Series C,115,United States
CircleCI,SF Bay Area,,2022-12-07,0.17,Product,Series F,315,United States
Sayurbox,"Jakarta,Non-U.S.",,2022-12-07,0.05,Food,Series C,139,Indonesia
Doma,SF Bay Area,515,2022-12-06,0.4,Finance,Post-IPO,679,United States
Intel,SF Bay Area,201,2022-12-06,,Hardware,Post-IPO,12,United States
BuzzFeed,New York City,180,2022-12-06,0.12,Media,Post-IPO,696,United States
Weedmaps,Los Angeles,175,2022-12-06,0.25,Other,Acquired,,United States
Adobe,SF Bay Area,100,2022-12-06,,Marketing,Post-IPO,2,United States
Chipper Cash,SF Bay Area,50,2022-12-06,0.13,Finance,Series C,302,United States
Stash,New York City,32,2022-12-06,0.08,Finance,Unknown,480,United States
Perimeter 81,"Tel Aviv,Non-U.S.",20,2022-12-06,0.08,Security,Series C,165,Israel
Koinly,"London,Non-U.S.",16,2022-12-06,0.14,Crypto,Unknown,,United Kingdom
Bridgit,"Waterloo,Non-U.S.",13,2022-12-06,0.13,Construction,Series B,36,Canada
Nextiva,Phoenix,,2022-12-06,0.17,Other,Private Equity,200,United States
OneStudyTeam,Boston,,2022-12-06,0.25,Healthcare,Series D,479,United States
Zuora,SF Bay Area,,2022-12-06,0.11,Finance,Post-IPO,647,United States
Swyftx,"Brisbane,Non-U.S.",90,2022-12-05,0.4,Crypto,Unknown,,Australia
Aqua Security,Boston,65,2022-12-05,0.1,Security,Series E,265,United States
DataRails,"Tel Aviv,Non-U.S.",30,2022-12-05,0.18,Finance,Series B,103,Israel
OYO,"Gurugram,Non-U.S.",600,2022-12-03,,Travel,Series F,4000,India
HealthifyMe,Bengaluru,150,2022-12-03,,Fitness,Series C,100,India
Bybit,"Singapore,Non-U.S.",,2022-12-03,0.3,Crypto,Unknown,,Singapore
Cognyte,"Tel Aviv,Non-U.S.",100,2022-12-02,0.05,Security,Unknown,,Israel
ShareChat,"Bengaluru,Non-U.S.",100,2022-12-02,,Consumer,Unknown,1700,India
Polly,Burlington,47,2022-12-02,0.15,Finance,Series C,184,United States
Lora DiCarlo,Bend,,2022-12-02,1.0,Consumer,Unknown,9,United States
Carousell,"Singapore,Non-U.S.",110,2022-12-01,0.1,Retail,Private Equity,372,Singapore
Bizzabo,New York City,100,2022-12-01,0.37,Marketing,Series E,194,United States
BloomTech,SF Bay Area,88,2022-12-01,0.5,Education,Unknown,,United States
Netlify,SF Bay Area,48,2022-12-01,0.16,Product,Series D,212,United States
Springbig,Miami,37,2022-12-01,0.23,Sales,Post-IPO,32,United States
Podium,Lehi,,2022-12-01,0.12,Support,Series D,419,United States
SQZ Biotech,Boston,,2022-12-01,0.6,Healthcare,Post-IPO,229,United States
Strava,SF Bay Area,,2022-12-01,0.14,Fitness,Series F,151,United States
Synlogic,Boston,,2022-12-01,0.25,Healthcare,Post-IPO,321,United States
DoorDash,SF Bay Area,1250,2022-11-30,0.06,Food,Post-IPO,2500,United States
Kraken,SF Bay Area,1100,2022-11-30,0.3,Crypto,Unknown,134,United States
Happy Money,Los Angeles,158,2022-11-30,0.34,Finance,Series D,191,United States
Ula,"Jakarta,Non-U.S.",134,2022-11-30,0.23,Retail,Series B,140,Indonesia
Wonder,New York City,130,2022-11-30,0.07,Food,Series B,850,United States
StudySmarter,"Berlin,Non-U.S.",70,2022-11-30,,Education,Series A,64,Germany
Grin,Sacramento,60,2022-11-30,0.13,Marketing,Series B,145,United States
Ualá,"Buenos Aires,Non-U.S.",53,2022-11-30,0.03,Finance,Series D,544,Argentina
Teachmint,"Bengaluru,Non-U.S.",45,2022-11-30,0.05,Education,Series B,118,India
Etermax,"Buenos Aires,Non-U.S.",40,2022-11-30,,Other,Unknown,,Argentina
Thread,"London,Non-U.S.",30,2022-11-30,0.5,Retail,Acquired,40,United Kingdom
Nexar,New York City,25,2022-11-30,,Transportation,Series D,149,United States
Elastic,SF Bay Area,,2022-11-30,0.13,Data,Post-IPO,162,United States
Sana,Seattle,,2022-11-30,0.15,Healthcare,Series A,700,United States
Bitso,"Mexico City,Non-U.S.",100,2022-11-29,,Crypto,Series C,378,Mexico
Lyst,"London,Non-U.S.",50,2022-11-29,0.25,Retail,Unknown,144,United Kingdom
CoinJar,"Melbourne,Non-U.S.",10,2022-11-29,0.2,Crypto,Unknown,1,Australia
Bitfront,SF Bay Area,,2022-11-29,1.0,Crypto,Unknown,,United States
Codexis,SF Bay Area,,2022-11-29,0.18,Healthcare,Post-IPO,162,United States
Firework,SF Bay Area,,2022-11-29,0.1,Retail,Series B,269,United States
MessageBird,"Amsterdam,Non-U.S.",,2022-11-29,0.31,Other,Series C,1100,Netherlands
Plerk,"Guadalajara,Non-U.S.",,2022-11-29,0.4,Finance,Series A,13,Mexico
Infarm,"Berlin,Non-U.S.",500,2022-11-28,0.5,Other,Series D,604,Germany
Wildlife Studios,"Sao Paulo,Non-U.S.",300,2022-11-28,0.2,Consumer,Unknown,260,Brazil
Hirect,"Bengaluru,Non-U.S.",200,2022-11-28,0.4,Recruiting,Series A,,India
ApplyBoard,"Waterloo,Non-U.S.",90,2022-11-28,0.06,Education,Series D,483,Canada
Ajaib,"Jakarta,Non-U.S.",67,2022-11-28,0.08,Finance,Unknown,245,Indonesia
Candy Digital,New York City,33,2022-11-28,0.33,Crypto,Series A,100,United States
ResearchGate,"Berlin,Non-U.S.",25,2022-11-28,0.1,Other,Series D,87,Germany
BlockFi,New York City,,2022-11-28,1.0,Crypto,Series E,1000,United States
NCX,SF Bay Area,,2022-11-28,0.4,Energy,Series B,78,United States
Spora Health,SF Bay Area,,2022-11-28,1.0,Healthcare,Seed,4,United States
Change Invest,"Amsterdam,Non-U.S.",,2022-11-27,0.24,Finance,Unknown,22,Netherlands
VerSe Innovation,"Bengaluru,Non-U.S.",150,2022-11-25,0.05,Media,Series J,1700,India
Carwow,"London,Non-U.S.",70,2022-11-25,0.2,Transportation,Unknown,157,United Kingdom
Vendease,"Lagos,Non-U.S.",27,2022-11-25,0.09,Food,Series A,43,Nigeria
Lemon,"Buenos Aires,Non-U.S.",100,2022-11-24,0.38,Crypto,Series A,17,Argentina
Quidax,"Lagos,Non-U.S.",20,2022-11-24,0.2,Crypto,Unknown,3,Nigeria
Assure,Salt Lake City,,2022-11-23,1.0,Finance,Seed,2,United States
GoodGood,"Toronto,Non-U.S.",,2022-11-23,1.0,Retail,Seed,6,Canada
Muni Tienda,"Bogota,Non-U.S.",,2022-11-23,1.0,Other,Series A,20,Colombia
SWVL,"Cairo,Non-U.S.",,2022-11-23,0.5,Transportation,Post-IPO,264,Egypt
Western Digital,SF Bay Area,251,2022-11-22,,Hardware,Post-IPO,900,United States
SIRCLO,"Jakarta,Non-U.S.",160,2022-11-22,0.08,Retail,Series B,92,Indonesia
Movidesk,"Blumenau,Non-U.S.",118,2022-11-22,,Support,Acquired,11,Brazil
Trax,"Singapore,Non-U.S.",80,2022-11-22,0.08,Retail,Series E,1000,Singapore
Jumia,"Lagos,Non-U.S.",900,2022-11-21,0.2,Retail,Post-IPO,1200,Nigeria
Kitopi,"Dubai,Non-U.S.",93,2022-11-21,0.1,Food,Series C,804,UAE
Devo,Boston,,2022-11-21,0.15,Security,Series F,481,United States
GloriFi,Dallas,,2022-11-21,1.0,Finance,Unknown,,United States
Zomato,"Gurugram,Non-U.S.",100,2022-11-19,0.04,Food,Series J,914,India
Carvana,Phoenix,1500,2022-11-18,0.08,Transportation,Post-IPO,1600,United States
Nuro,SF Bay Area,300,2022-11-18,0.2,Transportation,Series D,2100,United States
Synthego,SF Bay Area,105,2022-11-18,0.2,Healthcare,Series E,459,United States
Splyt,"London,Non-U.S.",57,2022-11-18,,Transportation,Series B,34,United Kingdom
Capitolis,New York City,,2022-11-18,0.25,Finance,Series D,281,United States
StoryBlocks,Washington D.C.,,2022-11-18,0.25,Media,Acquired,18,United States
Unchained Capital,Austin,,2022-11-18,0.15,Crypto,Series A,33,United States
Roku,SF Bay Area,200,2022-11-17,0.07,Media,Post-IPO,208,United States
Orchard,New York City,180,2022-11-17,,Real Estate,Series D,472,United States
Homepoint,Phoenix,113,2022-11-17,,Real Estate,Post-IPO,,United States
Juni,"Gothenburg,Non-U.S.",72,2022-11-17,0.33,Finance,Unknown,281,Sweden
Chili Piper,New York City,58,2022-11-17,,Sales,Series B,54,United States
Capitolis,New York City,37,2022-11-17,0.25,Finance,Series D,281,United States
TealBook,"Toronto,Non-U.S.",34,2022-11-17,0.19,Other,Series B,73,Canada
Koho,"Toronto,Non-U.S.",15,2022-11-17,0.04,Finance,Series D,278,Canada
&Open,"Dublin,Non-U.S.",9,2022-11-17,0.09,Marketing,Series A,35,Ireland
Kandji,San Diego,,2022-11-17,0.17,Other,Series C,188,United States
Morning Brew,New York City,,2022-11-17,0.14,Media,Acquired,,United States
Symend,"Calgary,Non-U.S.",,2022-11-17,0.13,Other,Series C,148,Canada
Amazon,Seattle,10000,2022-11-16,0.03,Retail,Post-IPO,108,United States
Cisco,SF Bay Area,4100,2022-11-16,0.05,Infrastructure,Post-IPO,2,United States
Twiga,"Nairobi,Non-U.S.",211,2022-11-16,0.21,Food,Series C,157,Kenya
Wayflyer,"Dublin,Non-U.S.",200,2022-11-16,0.4,Marketing,Unknown,889,Ireland
Similarweb,New York City,120,2022-11-16,0.1,Other,Post-IPO,235,United States
Salsify,Boston,90,2022-11-16,0.11,Retail,Series F,452,United States
Lokalise,Dover,76,2022-11-16,0.23,Other,Series B,56,United States
Yotpo,New York City,70,2022-11-16,0.09,Marketing,Unknown,436,United States
Pear Therapeutics,Boston,59,2022-11-16,0.22,Healthcare,Post-IPO,409,United States
D2L,"Waterloo,Non-U.S.",,2022-11-16,0.05,Education,Post-IPO,168,Canada
Dance,"Berlin,Non-U.S.",,2022-11-16,0.16,Transportation,Unknown,63,Germany
Homeward,Austin,,2022-11-16,0.25,Real Estate,Unknown,501,United States
Hopin,"London,Non-U.S.",,2022-11-16,0.17,Other,Series D,1000,United Kingdom
Kite,SF Bay Area,,2022-11-16,1.0,Product,Series A,21,United States
UiPath,New York City,241,2022-11-15,0.06,Data,Post-IPO,2000,United States
Asana,SF Bay Area,180,2022-11-15,0.09,Other,Post-IPO,453,United States
OwnBackup,New York City,170,2022-11-15,0.17,Security,Series E,507,United States
Deliveroo Australia,"Melbourne,Victoria",120,2022-11-15,1.0,Food,Post-IPO,1700,Australia
Productboard,SF Bay Area,100,2022-11-15,0.2,Product,Series D,,United States
Properly,"Toronto,Non-U.S.",71,2022-11-15,,Real Estate,Series B,154,Canada
Protocol,SF Bay Area,60,2022-11-15,1.0,Media,Acquired,,United States
Jimdo,"Hamburg,Non-U.S.",50,2022-11-15,0.16,Other,Unknown,28,Germany
The Zebra,Austin,50,2022-11-15,,Finance,Series D,256,United States
Viber,"Luxembourg,Non-U.S.",45,2022-11-15,0.08,Consumer,Acquired,,Luxembourg
CaptivateIQ,SF Bay Area,31,2022-11-15,0.1,Sales,Series C,164,United States
Apollo Insurance,"Vancouver,Non-U.S.",,2022-11-15,0.25,Finance,Series B,11,Canada
Nirvana Money,Miami,,2022-11-15,1.0,Finance,Unknown,,United States
OfferUp,Seattle,,2022-11-15,0.19,Retail,Unknown,381,United States
Outside,Boulder,,2022-11-15,0.12,Media,Series B,174,United States
Rubicon Technologies,Lexington,,2022-11-15,0.11,Other,Post-IPO,382,United States
Whispir,"Melbourne,Non-U.S.",,2022-11-15,0.3,Other,Post-IPO,68,Australia
Illumina,San Diego,500,2022-11-14,0.05,Healthcare,Post-IPO,28,United States
Sema4,Stamford,500,2022-11-14,,Healthcare,Post-IPO,791,United States
iFit,Logan,300,2022-11-14,0.2,Fitness,Private Equity,200,United States
Ribbon,New York City,170,2022-11-14,0.85,Real Estate,Series C,405,United States
Pipedrive,"Tallinn,Non-U.S.",143,2022-11-14,0.15,Sales,Private Equity,90,Estonia
Intercom,SF Bay Area,124,2022-11-14,0.13,Support,Series D,240,United States
Science 37,Los Angeles,90,2022-11-14,,Healthcare,Post-IPO,347,United States
Pear Therapeutics,Boston,59,2022-11-14,0.22,Healthcare,Post-IPO,409,United States
Cardlytics,Atlanta,51,2022-11-14,,Marketing,Post-IPO,212,United States
Cloudinary,SF Bay Area,40,2022-11-14,0.08,Media,Unknown,100,United States
Nestcoin,"Lagos,Non-U.S.",30,2022-11-14,,Crypto,Seed,6,Nigeria
Gokada,"Lagos,Non-U.S.",20,2022-11-14,,Transportation,Unknown,12,Nigeria
Tricida,SF Bay Area,,2022-11-14,0.57,Healthcare,Post-IPO,624,United States
Veev,SF Bay Area,100,2022-11-11,0.3,Real Estate,Series D,597,United States
Forto,"Berlin,Non-U.S.",60,2022-11-11,0.08,Logistics,Series D,593,Germany
Offerpad,Phoenix,,2022-11-11,0.07,Real Estate,Post-IPO,355,United States
GoTo Group,"Jakarta,Non-U.S.",1300,2022-11-10,0.12,Transportation,Post-IPO,1300,Indonesia
Juul,SF Bay Area,400,2022-11-10,0.3,Consumer,Unknown,1500,United States
Blend,SF Bay Area,100,2022-11-10,0.06,Finance,Post-IPO,665,United States
InfluxData,SF Bay Area,65,2022-11-10,0.27,Data,Series D,119,United States
Coinbase,SF Bay Area,60,2022-11-10,,Crypto,Post-IPO,549,United States
SoundHound,SF Bay Area,45,2022-11-10,0.1,Other,Post-IPO,326,United States
Wistia,Boston,40,2022-11-10,,Marketing,Unknown,18,United States
Ocavu,Lehi,20,2022-11-10,0.48,Crypto,Series A,11,United States
Avast,Phoenix,,2022-11-10,0.25,Security,Unknown,,United States
SendCloud,"Eindhoven,Non-U.S.",,2022-11-10,0.1,Logistics,Series C,200,Netherlands
Wavely,SF Bay Area,,2022-11-10,1.0,HR,Unknown,,United States
Meta,SF Bay Area,11000,2022-11-09,0.13,Consumer,Post-IPO,26000,United States
Redfin,Seattle,862,2022-11-09,0.13,Real Estate,Post-IPO,320,United States
Flyhomes,Seattle,300,2022-11-09,0.4,Real Estate,Series C,310,United States
AvantStay,Los Angeles,144,2022-11-09,0.22,Travel,Private Equity,686,United States
Root Insurance,Columbus,137,2022-11-09,0.2,Finance,Post-IPO,527,United States
Liftoff,SF Bay Area,130,2022-11-09,0.15,Marketing,Acquired,6,United States
Cameo,Chicago,80,2022-11-09,,Consumer,Unknown,165,United States
Plum,"Bengaluru,Non-U.S.",36,2022-11-09,0.1,Healthcare,Series A,20,India
Kabam,SF Bay Area,35,2022-11-09,0.07,Consumer,Acquired,244,United States
HighRadius,"Bengaluru,Non-U.S.",25,2022-11-09,,Finance,Series C,475,India
Namogoo,"Tel Aviv,Non-U.S.",25,2022-11-09,0.15,Marketing,Series C,69,Israel
CloudFactory,"Nairobi,Non-U.S.",,2022-11-09,0.12,Data,Private Equity,78,Kenya
Faze Medicines,Boston,,2022-11-09,1.0,Healthcare,Series B,81,United States
RingCentral,SF Bay Area,,2022-11-09,0.1,Other,Post-IPO,44,United States
EverBridge,Boston,200,2022-11-08,,Other,Post-IPO,476,United States
Repertoire Immune Medicines,Boston,65,2022-11-08,0.5,Healthcare,Series B,257,United States
Astra,SF Bay Area,,2022-11-08,0.16,Aerospace,Post-IPO,300,United States
NanoString,Seattle,,2022-11-08,0.1,Healthcare,Post-IPO,731,United States
SADA,Los Angeles,,2022-11-08,0.11,Other,Acquired,,United States
Salesforce,SF Bay Area,1000,2022-11-07,0.01,Sales,Post-IPO,65,United States
Unacademy,"Bengaluru,Non-U.S.",350,2022-11-07,0.1,Education,Series H,838,India
Zendesk,SF Bay Area,350,2022-11-07,0.05,Support,Acquired,85,United States
Dock,"Sao Paulo,Non-U.S.",190,2022-11-07,0.12,Finance,Private Equity,280,Brazil
Code42,Minneapolis,,2022-11-07,0.15,Security,Unknown,137,United States
Domino Data Lab,SF Bay Area,,2022-11-07,0.25,Data,Series F,223,United States
Varonis,New York City,110,2022-11-06,0.05,Security,Post-IPO,30,United States
Brainly,"Krakow,Non-U.S.",25,2022-11-06,,Education,Series D,148,Poland
Twitter,SF Bay Area,3700,2022-11-04,0.5,Consumer,Post-IPO,12900,United States
Udaan,"Bengaluru,Non-U.S.",350,2022-11-04,,Retail,Unknown,1500,India
Planetly,"Berlin,Non-U.S.",200,2022-11-04,1.0,Other,Acquired,5,Germany
KoinWorks,"Jakarta,Non-U.S.",70,2022-11-04,0.08,Finance,Unknown,180,Indonesia
Exodus,Nebraska City,59,2022-11-04,0.22,Crypto,Unknown,60,United States
Benitago Group,New York City,,2022-11-04,0.14,Retail,Series A,380,United States
Mythical Games,Los Angeles,,2022-11-04,0.1,Crypto,Series C,260,United States
Stripe,SF Bay Area,1000,2022-11-03,0.14,Finance,Series H,2300,United States
Lyft,SF Bay Area,700,2022-11-03,0.13,Transportation,Post-IPO,4900,United States
LendingTree,Charlotte,200,2022-11-03,,Finance,Post-IPO,,United States
Pleo,"Copenhagen,Non-U.S.",150,2022-11-03,0.15,Finance,Series C,428,Denmark
Delivery Hero,"Berlin,Non-U.S.",100,2022-11-03,,Food,Post-IPO,8300,Germany
Shippo,SF Bay Area,60,2022-11-03,0.2,Logistics,Series E,154,United States
Affirm,SF Bay Area,,2022-11-03,0.01,Finance,Post-IPO,1500,United States
LiveRamp,SF Bay Area,,2022-11-03,0.1,Marketing,Post-IPO,16,United States
Rubius,Boston,,2022-11-03,0.82,Healthcare,Post-IPO,445,United States
Snapdocs,SF Bay Area,,2022-11-03,0.15,Real Estate,Series D,253,United States
Opendoor,SF Bay Area,550,2022-11-02,0.18,Real Estate,Post-IPO,1900,United States
Chime,SF Bay Area,156,2022-11-02,0.12,Finance,Series G,2300,United States
Chargebee,SF Bay Area,142,2022-11-02,0.1,Finance,Series H,468,United States
Dapper Labs,"Vancouver,Non-U.S.",134,2022-11-02,0.22,Crypto,Series D,607,Canada
Checkmarx,"Tel Aviv,Non-U.S.",100,2022-11-02,0.1,Security,Series C,92,Israel
Smava,"Berlin,Non-U.S.",100,2022-11-02,0.15,Finance,Unknown,188,Germany
Iron Ox,SF Bay Area,50,2022-11-02,0.5,Food,Series C,103,United States
Digital Currency Gruop,Stamford,10,2022-11-02,0.13,Crypto,Unknown,,United States
BitMEX,Non-U.S.,,2022-11-02,0.3,Crypto,Seed,0,Seychelles
Argo AI,SF Bay Area,259,2022-11-01,,Transportation,Unknown,3600,United States
Booking.com,Grand Rapids,226,2022-11-01,,Travel,Acquired,,United States
Oracle,SF Bay Area,200,2022-11-01,,Other,Post-IPO,,United States
Upstart,SF Bay Area,140,2022-11-01,0.07,Finance,Post-IPO,144,United States
Gem,SF Bay Area,100,2022-11-01,0.33,Recruiting,Series C,148,United States
Oda,"Oslo,Non-U.S.",70,2022-11-01,0.18,Food,Unknown,377,Sweden
Oda,"Oslo,Non-U.S.",70,2022-11-01,0.18,Food,Unknown,477,Norway
Oda,"Oslo,Non-U.S.",70,2022-11-01,0.06,Food,Unknown,479,Norway
Hootsuite,"Vancouver,Non-U.S.",50,2022-11-01,0.05,Marketing,Series C,300,Canada
Drop,"Toronto,Non-U.S.",24,2022-11-01,,Marketing,Series B,56,Canada
Tapps Games,"Sao Paulo,Non-U.S.",10,2022-11-01,,Consumer,Unknown,,Brazil
Brightline,SF Bay Area,,2022-11-01,0.2,Healthcare,Series C,212,United States
Kry,"Stockholm,Non-U.S.",300,2022-10-31,0.1,Healthcare,Series D,568,Sweden
Notarize,Boston,60,2022-10-31,,Legal,Series D,213,United States
EquityZen,New York City,30,2022-10-31,0.27,Finance,Series B,11,United States
Equitybee,SF Bay Area,25,2022-10-31,0.2,Finance,Series B,85,United States
Dukaan,"Bengaluru,Non-U.S.",23,2022-10-31,,Retail,Series A,17,India
Doubtnut,"Gurugram,Non-U.S.",,2022-10-31,0.3,Education,Series B,49,India
Amazon,Seattle,150,2022-10-28,,Retail,Post-IPO,108,United States
Fifth Season,Pittsburgh,100,2022-10-28,1.0,Food,Series B,35,United States
Advata,Seattle,32,2022-10-28,0.21,Healthcare,,,United States
Springlane,"Düsseldorf,Non-U.S.",,2022-10-28,0.35,Food,Series C,11,Germany
RenoRun,"Montreal,Non-U.S.",210,2022-10-27,0.43,Construction,Series B,163,Canada
Recharge,Los Angeles,84,2022-10-27,0.17,Finance,Series B,277,United States
Lattice,SF Bay Area,13,2022-10-27,,HR,Series F,328,United States
GoNuts,"Mumbai,Non-U.S.",,2022-10-27,1.0,Media,Seed,,India
Seagate,SF Bay Area,3000,2022-10-26,0.08,Hardware,Post-IPO,,United States
MindBody,San Luis Obispo,400,2022-10-26,0.15,Fitness,Post-IPO,114,United States
Zillow,Seattle,300,2022-10-26,0.05,Real Estate,Post-IPO,97,United States
Cybereason,Boston,200,2022-10-26,0.17,Security,Series F,750,United States
Argo AI,Pittsburgh,173,2022-10-26,,Transportation,Unknown,3600,United States
GoFundMe,SF Bay Area,94,2022-10-26,0.12,Finance,Series A,,United States
Fundbox,SF Bay Area,150,2022-10-25,0.42,Finance,Series D,553,United States
Embroker,SF Bay Area,30,2022-10-25,0.12,Finance,Series C,142,United States
Vee,"Tel Aviv,Non-U.S.",17,2022-10-25,0.5,HR,Seed,15,Israel
Callisto Media,SF Bay Area,,2022-10-25,0.35,Media,Series D,,United States
Philips,"Amsterdam,Non-U.S.",4000,2022-10-24,0.05,Healthcare,Post-IPO,,Netherlands
Cerebral,SF Bay Area,400,2022-10-24,0.2,Healthcare,Series C,462,United States
Snyk,Boston,198,2022-10-24,0.14,Security,Series F,849,United States
McMakler,"Berlin,Non-U.S.",100,2022-10-24,,Real Estate,Unknown,214,Germany
Unico,"Sao Paulo,Non-U.S.",50,2022-10-24,0.04,Other,Series D,336,Brazil
OrCam,"Jerusalem,Non-U.S.",62,2022-10-23,0.16,Healthcare,Unknown,86,Israel
Antidote Health,"Tel Aviv,Non-U.S.",23,2022-10-23,0.38,Healthcare,Unknown,36,Israel
Khoros,Austin,120,2022-10-21,0.1,Sales,Private Equity,138,United States
F5,Seattle,100,2022-10-21,0.01,Security,Post-IPO,,United States
Elinvar,"Berlin,Non-U.S.",43,2022-10-21,0.33,Finance,Unknown,30,Germany
Synapsica,"New Delhi,Non-U.S.",30,2022-10-21,0.3,Healthcare,Series A,4,India
Volta,SF Bay Area,,2022-10-21,0.54,Transportation,Post-IPO,575,United States
Hotmart,"Belo Horizonte,Non-U.S.",227,2022-10-20,0.12,Marketing,Series C,127,Brazil
Zeus Living,SF Bay Area,64,2022-10-20,0.46,Real Estate,Series C,151,United States
Loom,SF Bay Area,23,2022-10-20,0.11,Product,Series C,203,United States
Sales Boomerang,Baltimore,20,2022-10-20,,Sales,Private Equity,5,United States
Roofstock,SF Bay Area,,2022-10-20,0.2,Real Estate,Series E,365,United States
Starry,Boston,,2022-10-20,0.5,Other,Post-IPO,260,United States
Gopuff,Philadelphia,250,2022-10-19,,Food,Series H,3400,United States
AtoB,SF Bay Area,32,2022-10-19,0.3,Finance,Series B,177,United States
InfoSum,"London,Non-U.S.",20,2022-10-19,0.12,Security,Series B,88,United Kingdom
Faire,SF Bay Area,84,2022-10-18,0.07,Retail,Series G,1700,United States
Leafly,Seattle,56,2022-10-18,0.21,Retail,Post-IPO,71,United States
Ada Health,"Berlin,Non-U.S.",50,2022-10-17,,Healthcare,Series B,189,Germany
Tiendanube,Buenos Aires,50,2022-10-17,0.05,Marketing,Unknown,,Argentina
Nuri,"Berlin,Non-U.S.",,2022-10-17,1.0,Crypto,Series B,42,Germany
Flipboard,SF Bay Area,24,2022-10-16,0.21,Media,Unknown,235,United States
Clear Capital,Reno,378,2022-10-14,0.27,Real Estate,Unknown,,United States
Flux Systems,"London,Non-U.S.",,2022-10-14,1.0,Finance,Unknown,9,United Kingdom
Qin1,"Noida,Non-U.S.",,2022-10-14,1.0,Education,Seed,,India
Salesforce,SF Bay Area,90,2022-10-13,,Sales,Post-IPO,65,United States
Playdots,New York City,65,2022-10-13,1.0,Consumer,Acquired,10,United States
Byju's,"Bengaluru,Non-U.S.",2500,2022-10-12,0.05,Education,Private Equity,5500,India
6sense,SF Bay Area,150,2022-10-12,0.1,Sales,Series E,426,United States
Sinch,"Stockholm,Non-U.S.",150,2022-10-12,,Other,Post-IPO,1500,Sweden
FrontRow,"Bengaluru,Non-U.S.",130,2022-10-12,0.75,Education,Series A,17,India
Noom,New York City,500,2022-10-11,0.1,Healthcare,Series F,657,United States
MX,Lehi,200,2022-10-11,,Finance,Series C,450,United States
Brex,SF Bay Area,136,2022-10-11,0.11,Finance,Series D,1500,United States
Pacaso,SF Bay Area,100,2022-10-11,0.3,Real Estate,Series C,217,United States
Sketch,"The Hague,Non-U.S.",80,2022-10-11,,Other,Series A,20,Netherlands
Udacity,SF Bay Area,55,2022-10-11,0.13,Education,Unknown,235,United States
Linkfire,"Copenhagen,Non-U.S.",35,2022-10-11,0.35,Marketing,Seed,2,Denmark
HelloFresh,SF Bay Area,611,2022-10-10,,Food,Post-IPO,367,United States
SurveyMonkey,SF Bay Area,180,2022-10-10,0.11,Marketing,Post-IPO,1100,United States
Pavilion Data,SF Bay Area,96,2022-10-10,0.96,Infrastructure,Series D,103,United States
Redesign Health,New York City,67,2022-10-10,0.2,Healthcare,Series C,315,United States
Nyriad,Austin,,2022-10-10,0.33,Infrastructure,Unknown,58,United States
Collage.com,Detroit,,2022-10-09,1.0,Retail,Acquired,,United States
BioMarin,SF Bay Area,120,2022-10-07,0.04,Healthcare,Post-IPO,585,United States
Rev.com,Austin,85,2022-10-07,,Data,Series D,30,United States
Crypto.com,"Singapore,Non-U.S.",2000,2022-10-06,0.3,Crypto,Unknown,156,Singapore
Peloton,New York City,500,2022-10-06,0.12,Fitness,Post-IPO,1900,United States
Landing,Birmingham,110,2022-10-06,,Real Estate,Series C,347,United States
Turnitin,SF Bay Area,51,2022-10-06,0.05,Education,Acquired,,United States
Impossible Foods,SF Bay Area,50,2022-10-06,0.06,Food,Series H,1900,United States
Foresight Insurance,SF Bay Area,,2022-10-06,0.4,Finance,Series B,58,United States
Built In,Chicago,50,2022-10-05,0.25,Recruiting,Series C,29,United States
TwinStrand,Seattle,,2022-10-05,0.5,Healthcare,Series B,73,United States
8x8,SF Bay Area,200,2022-10-04,0.09,Support,Post-IPO,253,United States
Zoomo,"Sydney,Non-U.S.",65,2022-10-04,0.16,Transportation,Series B,105,Australia
Homie,Salt Lake City,40,2022-10-04,0.13,Real Estate,Series B,35,United States
Fivetran,SF Bay Area,,2022-10-04,0.05,Data,Series D,,United States
Xendit,"Jakarta,Non-U.S.",,2022-10-04,0.05,Finance,Series D,534,Indonesia
ActiveCampaign,Chicago,,2022-10-03,0.15,Marketing,Series C,360,United States
WazirX,"Mumbai,Non-U.S.",60,2022-10-02,0.4,Crypto,Acquired,,India
Spin,SF Bay Area,78,2022-09-30,0.1,Transportation,Acquired,8,United States
Carsome,"Kuala Lumpur,Non-U.S.",,2022-09-30,0.1,Transportation,Series E,607,Malaysia
Pastel,SF Bay Area,,2022-09-30,1.0,Food,Unknown,,United States
Westwing,"Munich,Non-U.S.",125,2022-09-29,,Retail,Post-IPO,237,Germany
Mux,SF Bay Area,40,2022-09-29,0.2,Infrastructure,Series D,173,United States
Solarisbank,"Berlin,Non-U.S.",,2022-09-29,0.1,Finance,Unknown,385,Germany
DocuSign,SF Bay Area,671,2022-09-28,0.09,Sales,Post-IPO,536,United States
Volta,SF Bay Area,,2022-09-28,0.1,Transportation,Post-IPO,575,United States
Divvy Homes,SF Bay Area,40,2022-09-27,0.12,Real Estate,Series B,180,United States
Konfio,"Mexico City,Non-U.S.",180,2022-09-23,,Finance,Series E,706,Mexico
Moss,"Berlin,Non-U.S.",70,2022-09-23,0.15,Finance,Series B,150,Germany
Foxtrot,Chicago,26,2022-09-23,0.04,Food,Series C,166,United States
Truiloo,"Vancouver,Non-U.S.",24,2022-09-23,0.05,Security,Series D,474,Canada
Pesto,SF Bay Area,,2022-09-23,1.0,Other,Seed,6,United States
NYDIG,New York City,110,2022-09-22,0.33,Crypto,Private Equity,1400,United States
Klarna,"Stockholm,Non-U.S.",100,2022-09-22,,Finance,Unknown,3700,Sweden
Made.com,"London,Non-U.S.",,2022-09-22,0.35,Retail,Series D,136,United Kingdom
Kitty Hawk,SF Bay Area,100,2022-09-21,1.0,Aerospace,Unknown,1,United States
Compass,New York City,271,2022-09-20,,Real Estate,Post-IPO,1600,United States
Curative,Los Angeles,109,2022-09-20,,Healthcare,Seed,8,United States
Ada,"Toronto,Non-U.S.",78,2022-09-20,0.16,Support,Series C,190,Canada
99,"Sao Paulo,Non-U.S.",75,2022-09-20,0.02,Transportation,Acquired,244,Brazil
Ouster,SF Bay Area,,2022-09-20,0.1,Transportation,Post-IPO,282,United States
Zappos,Las Vegas,,2022-09-20,0.04,Retail,Acquired,62,United States
Ola,"Bengaluru,Non-U.S.",200,2022-09-19,,Transportation,Series J,5000,India
Vesalius Therapeutics,Boston,29,2022-09-19,0.43,Healthcare,Series B,75,United States
VideoAmp,Los Angeles,,2022-09-19,0.02,Marketing,Series F,456,United States
Clear,"Bengaluru,Non-U.S.",190,2022-09-16,0.2,Finance,Series C,140,India
TrueLayer,"London,Non-U.S.",40,2022-09-16,0.1,Finance,Series E,271,United Kingdom
LivePerson,New York City,193,2022-09-15,0.11,Support,Post-IPO,42,United States
Acast,"Stockholm,Non-U.S.",70,2022-09-15,0.15,Media,Post-IPO,126,Sweden
WorkRamp,SF Bay Area,35,2022-09-15,0.2,HR,Series C,67,United States
NextRoll,SF Bay Area,,2022-09-15,0.07,Marketing,Unknown,108,United States
Twilio,SF Bay Area,800,2022-09-14,0.11,Other,Post-IPO,614,United States
Pitch,"Berlin,Non-U.S.",59,2022-09-14,0.3,Marketing,Series B,137,Germany
Infarm,"Berlin,Non-U.S.",50,2022-09-14,0.05,Other,Series D,604,Germany
Netflix,SF Bay Area,30,2022-09-14,,Media,Post-IPO,121900,United States
Bitrise,"Budapest,Non-U.S.",,2022-09-14,0.14,Infrastructure,Series C,83,Hungary
Rubius,Boston,160,2022-09-13,0.75,Healthcare,Post-IPO,445,United States
Checkout.com,"London,Non-U.S.",100,2022-09-13,0.05,Finance,Series D,1800,United Kingdom
Taboola,New York City,100,2022-09-13,0.06,Marketing,Post-IPO,445,United States
Patreon,SF Bay Area,80,2022-09-13,0.17,Media,Series F,413,United States
FullStory,Atlanta,,2022-09-13,0.12,Marketing,Unknown,197,United States
Propzy,"Ho Chi Minh City,Non-U.S.",,2022-09-13,1.0,Real Estate,Series A,33,Vietnam
Quicko,"Sao Paulo,Non-U.S.",60,2022-09-12,,Transportation,Acquired,28,Brazil
Mode Analytics,SF Bay Area,25,2022-09-12,,Data,Series D,81,United States
Compete,Tel Aviv,11,2022-09-12,0.28,HR,Series A,17,Israel
Karbon,SF Bay Area,,2022-09-12,0.23,Other,Series B,91,United States
Rent the Runway,New York City,,2022-09-12,0.24,Retail,Post-IPO,526,United States
SkipTheDishes,"Winnipeg,Non-U.S.",350,2022-09-09,,Food,Acquired,6,Canada
Brighte,"Sydney,Non-U.S.",58,2022-09-09,,Energy,Series C,145,Australia
Patreon,SF Bay Area,5,2022-09-09,,Media,Series F,413,United States
Amber Group,"Hong Kong,Non-U.S.",,2022-09-09,0.1,Crypto,Series B,328,Hong Kong
CommonBond,New York City,,2022-09-09,1.0,Finance,Series D,125,United States
Flowhub,Denver,,2022-09-09,0.15,Retail,Unknown,45,United States
Lido Learning,"Mumbai,Non-U.S.",,2022-09-09,1.0,Education,Series C,20,India
GoStudent,"Vienna,Non-U.S.",200,2022-09-08,,Education,Series D,686,Austria
Pomelo Fashion,"Bangkok,Non-U.S.",55,2022-09-08,0.08,Retail,Unknown,120,Thailand
Genome Medical,SF Bay Area,23,2022-09-08,,Healthcare,Series C,120,United States
BigBear.ai,Baltimore,,2022-09-08,0.07,Data,Post-IPO,200,United States
Simple Feast,"Copenhagen,Non-U.S.",150,2022-09-07,1.0,Food,Unknown,173,Denmark
Foodpanda,"Singapore,Non-U.S.",60,2022-09-07,,Food,Acquired,749,Singapore
Uber,"Vilnius,Non-U.S.",60,2022-09-07,,Transportation,Post-IPO,24700,Lithuania
Rupeek,"Bengaluru,Non-U.S.",50,2022-09-07,,Finance,Unknown,172,India
Intercom,SF Bay Area,49,2022-09-07,0.05,Support,Series D,240,United States
Pendo,Raleigh,45,2022-09-07,0.05,Product,Series F,469,United States
Demandbase,SF Bay Area,27,2022-09-07,0.03,Sales,Series H,143,United States
Medly,New York City,,2022-09-07,0.5,Healthcare,Series C,100,United States
Brave Care,Portland,40,2022-09-06,0.33,Healthcare,Series B,42,United States
Lawgeex,"Tel Aviv,Non-U.S.",30,2022-09-06,0.33,Legal,Series C,41,Israel
Juniper Square,SF Bay Area,,2022-09-06,0.14,Real Estate,Series C,108,United States
Medium,SF Bay Area,,2022-09-06,0.25,Media,Unknown,163,United States
Kuda,"Lagos,Non-U.S.",23,2022-09-02,0.05,Finance,Series B,91,Nigeria
2TM,"Sao Paulo,Non-U.S.",100,2022-09-01,0.15,Crypto,Unknown,250,Brazil
Innovaccer,SF Bay Area,90,2022-09-01,0.08,Healthcare,Series E,379,United States
Shopify,"Ottawa,Non-U.S.",70,2022-09-01,,Retail,Post-IPO,122,Canada
Urban Sports Club,"Berlin,Non-U.S.",55,2022-09-01,0.15,Fitness,Unknown,95,Germany
Hedvig,"Stockholm,Non-U.S.",12,2022-09-01,,Finance,Series B,67,Sweden
Snap,Los Angeles,1280,2022-08-31,0.2,Consumer,Post-IPO,4900,United States
GoodRx,Los Angeles,140,2022-08-31,0.16,Healthcare,Post-IPO,910,United States
Smava,"Berlin,Non-U.S.",100,2022-08-31,0.1,Finance,Unknown,188,Germany
Hippo Insurance,SF Bay Area,70,2022-08-31,0.1,Finance,Post-IPO,1300,United States
Clari,SF Bay Area,45,2022-08-31,,Sales,Series F,496,United States
Koo,"Bengaluru,Non-U.S.",40,2022-08-31,,Consumer,Series B,44,India
TCR2,Boston,30,2022-08-31,0.2,Healthcare,Post-IPO,173,United States
Apartment List,SF Bay Area,29,2022-08-31,0.1,Real Estate,Series D,169,United States
Artnight,"Berlin,Non-U.S.",26,2022-08-31,0.36,Retail,Unknown,,Germany
The Wing,New York City,,2022-08-31,1.0,Real Estate,Series C,117,United States
Electric,New York City,81,2022-08-30,,Other,Series D,212,United States
Immersive Labs,"Bristol,Non-U.S.",38,2022-08-30,0.1,Security,Series C,123,United Kingdom
Nate,New York City,30,2022-08-30,,Retail,Series A,47,United States
Meesho,"Bengaluru,Non-U.S.",300,2022-08-29,,Retail,Series F,1100,India
54gene,Washington D.C.,95,2022-08-29,0.3,Healthcare,Series B,44,United States
Zymergen,SF Bay Area,80,2022-08-26,,Other,Acquired,974,United States
Okta,SF Bay Area,24,2022-08-26,,Security,Post-IPO,1200,United States
Argyle,New York City,20,2022-08-26,0.07,Finance,Series B,78,United States
FreshDirect,Philadelphia,40,2022-08-25,,Food,Acquired,280,United States
Loja Integrada,"Sao Paulo,Non-U.S.",25,2022-08-25,0.1,Retail,Acquired,,Brazil
Impact.com,Los Angeles,,2022-08-25,0.1,Marketing,Private Equity,361,United States
ShipBob,Chicago,,2022-08-25,0.07,Logistics,Series E,330,United States
Reali,SF Bay Area,140,2022-08-24,1.0,Real Estate,Series B,117,United States
Loop,Washington D.C.,15,2022-08-24,0.2,Finance,Series A,24,United States
Tier Mobility,"Berlin,Non-U.S.",180,2022-08-23,0.16,Transportation,Series D,646,Germany
Packable,New York City,138,2022-08-23,0.2,Retail,Unknown,472,United States
Q4,"Toronto,Non-U.S.",50,2022-08-23,0.08,Other,Series C,91,Canada
Skedulo,SF Bay Area,31,2022-08-23,0.08,HR,Series C,114,United States
Plato,SF Bay Area,29,2022-08-23,0.5,HR,Seed,3,United States
DataRobot,Boston,,2022-08-23,0.26,Data,Series G,1000,United States
Mr. Yum,"Melbourne,Non-U.S.",,2022-08-22,0.17,Food,Series A,73,Australia
ShopX,"Bengaluru,Non-U.S.",,2022-08-22,1.0,Retail,Unknown,56,India
NSO,"Tel Aviv,Non-U.S.",100,2022-08-21,0.14,Security,Seed,1,Israel
Tufin,Boston,55,2022-08-21,0.1,Security,Acquired,21,United States
Amperity,Seattle,13,2022-08-20,0.03,Marketing,Series D,187,United States
Wayfair,Boston,870,2022-08-19,0.05,Retail,Post-IPO,1700,United States
Stripe,SF Bay Area,50,2022-08-19,,Finance,Series H,2300,United States
Hodlnaut,"Singapore,Non-U.S.",40,2022-08-19,0.8,Crypto,Unknown,,Singapore
New Relic,SF Bay Area,110,2022-08-18,0.05,Infrastructure,Post-IPO,214,United States
Wheel,Austin,35,2022-08-18,0.17,Healthcare,Series C,215,United States
Petal,New York City,,2022-08-18,0.1,Finance,Series D,704,United States
Thirty Madison,New York City,,2022-08-18,0.1,Healthcare,Series C,209,United States
Vendasta,"Saskatoon,Non-U.S.",,2022-08-18,0.05,Marketing,Series D,178,Canada
Malwarebytes,SF Bay Area,125,2022-08-17,0.14,Security,Series B,80,United States
Fluke,"Sao Paulo,Non-U.S.",83,2022-08-17,0.82,Other,Seed,,Brazil
Swyftx,"Brisbane,Non-U.S.",74,2022-08-17,0.21,Crypto,Unknown,,Australia
Tempo Automation,SF Bay Area,54,2022-08-17,,Other,Series C,74,United States
Genesis,New York City,52,2022-08-17,0.2,Crypto,Series A,,United States
Warren,"Porto Alegre,Non-U.S.",50,2022-08-17,,Finance,Series C,104,Brazil
AlayaCare,Montreal,80,2022-08-16,0.14,Healthcare,Series D,293,Canada
Pliops,"Tel Aviv,Non-U.S.",12,2022-08-16,0.09,Data,Series D,205,Israel
Woven,Indianapolis,5,2022-08-16,0.15,HR,Series A,11,United States
Edmodo,SF Bay Area,,2022-08-16,1.0,Education,Acquired,77,United States
Snapdocs,SF Bay Area,,2022-08-16,0.1,Real Estate,Series D,253,United States
Sema4,Stamford,250,2022-08-15,0.13,Healthcare,Post-IPO,791,United States
Blend,SF Bay Area,220,2022-08-15,0.12,Finance,Post-IPO,665,United States
ContraFect,New York City,16,2022-08-15,0.37,Healthcare,Post-IPO,380,United States
ThredUp,Chicago,,2022-08-15,0.15,Retail,Post-IPO,305,United States
Anywell,"Tel Aviv,Non-U.S.",11,2022-08-14,,Real Estate,Series A,15,Israel
Peloton,New York City,784,2022-08-12,0.13,Fitness,Post-IPO,1900,United States
Core Scientific,Austin,,2022-08-12,0.1,Crypto,Post-IPO,169,United States
Truepill,SF Bay Area,175,2022-08-11,0.33,Healthcare,Series D,255,United States
Calm,SF Bay Area,90,2022-08-11,0.2,Healthcare,Series C,218,United States
FourKites,Chicago,60,2022-08-11,0.08,Logistics,Series D,201,United States
Marketforce,"Nairobi,Non-U.S.",54,2022-08-11,0.09,Retail,Series A,42,Kenya
Betterfly,"Santiago,Non-U.S.",30,2022-08-11,,Healthcare,Series C,204,Chile
Expert360,"Sydney,Non-U.S.",7,2022-08-11,,Recruiting,Series C,26,Australia
Guidewire,SF Bay Area,,2022-08-11,0.02,Finance,Post-IPO,24,United States
Trybe,"Sao Paulo,Non-U.S.",47,2022-08-10,0.1,Education,Series B,40,Brazil
Permutive,"London,Non-U.S.",30,2022-08-10,0.12,Marketing,Series C,105,United Kingdom
Homeward,Austin,,2022-08-10,0.2,Real Estate,Series B,160,United States
Pollen,"London,Non-U.S.",,2022-08-10,1.0,Marketing,Series C,238,United Kingdom
Vedanta Biosciences,Boston,,2022-08-10,0.2,Healthcare,Series D,301,United States
GoHealth,Chicago,800,2022-08-09,0.2,Healthcare,Post-IPO,75,United States
Hootsuite,"Vancouver,Non-U.S.",400,2022-08-09,0.3,Marketing,Series C,300,Canada
Nutanix,SF Bay Area,270,2022-08-09,0.04,Infrastructure,Post-IPO,1100,United States
Quanterix,Boston,130,2022-08-09,0.25,Healthcare,Post-IPO,533,United States
Wix,"Tel Aviv,Non-U.S.",100,2022-08-09,,Marketing,Post-IPO,58,Israel
MadeiraMadeira,"Curitiba,Non-U.S.",60,2022-08-09,0.03,Retail,Series E,338,Brazil
Melio,New York City,60,2022-08-09,,Finance,Series D,504,United States
Linktree,"Melbourne,Non-U.S.",50,2022-08-09,0.17,Consumer,Unknown,165,Australia
Shogun,SF Bay Area,48,2022-08-09,0.3,Retail,Series C,114,United States
Absci,"Vancouver,Non-U.S.",40,2022-08-09,,Healthcare,Post-IPO,237,Canada
Dooly,"Vancouver,Non-U.S.",12,2022-08-09,,Sales,Series B,102,Canada
Berkeley Lights,SF Bay Area,,2022-08-09,0.12,Healthcare,Post-IPO,272,United States
DailyPay,New York City,,2022-08-09,0.15,Finance,Unknown,814,United States
Haus,SF Bay Area,,2022-08-09,1.0,Food,Seed,7,United States
Kaltura,New York City,,2022-08-09,0.1,Media,Post-IPO,166,United States
Groupon,Chicago,500,2022-08-08,0.15,Retail,Post-IPO,1400,United States
Loggi,"Sao Paulo,Non-U.S.",500,2022-08-08,0.15,Logistics,Series F,507,Brazil
Vroom,New York City,337,2022-08-08,,Transportation,Post-IPO,1300,United States
Warby Parker,New York City,63,2022-08-08,,Consumer,Post-IPO,535,United States
Labelbox,SF Bay Area,36,2022-08-08,,Data,Series D,188,United States
Perion,"Tel Aviv,Non-U.S.",20,2022-08-08,0.05,Marketing,Post-IPO,76,Israel
Daily Harvest,New York City,,2022-08-08,0.15,Food,Series D,120,United States
iRobot,Boston,140,2022-08-05,0.1,Consumer,Acquired,30,United States
Mejuri,"Toronto,Non-U.S.",50,2022-08-05,0.1,Retail,Series B,28,Canada
Uberflip,"Toronto,Non-U.S.",31,2022-08-05,0.17,Marketing,Series A,42,Canada
Doma,SF Bay Area,250,2022-08-04,0.13,Finance,Post-IPO,679,United States
Article,"Vancouver,Non-U.S.",216,2022-08-04,0.17,Retail,Series B,,Canada
Jam City,Los Angeles,200,2022-08-04,0.17,Consumer,Unknown,652,United States
10X Genomics,SF Bay Area,100,2022-08-04,0.08,Healthcare,Post-IPO,242,United States
LEAD,"Mumbai,Non-U.S.",80,2022-08-04,0.04,Education,Series E,166,India
Zendesk,SF Bay Area,80,2022-08-04,,Support,Acquired,85,United States
On Deck,SF Bay Area,73,2022-08-04,0.33,Education,Series A,20,United States
RenoRun,"Montreal,Non-U.S.",70,2022-08-04,0.12,Construction,Series B,163,Canada
RingCentral,SF Bay Area,50,2022-08-04,,Support,Post-IPO,44,United States
Medly,New York City,,2022-08-04,0.16,Healthcare,Series C,100,United States
Nomad,"Sao Paulo,Non-U.S.",,2022-08-04,0.2,Finance,Series B,290,Brazil
Weedmaps,Los Angeles,,2022-08-04,0.1,Other,Acquired,,United States
Zenius,"Jakarta,Non-U.S.",,2022-08-04,0.3,Education,Series B,20,Indonesia
Healthcare.com,Miami,149,2022-08-03,,Healthcare,Series C,244,United States
Unbounce,"Vancouver,Non-U.S.",47,2022-08-03,0.2,Marketing,Series A,39,Canada
Beyond Meat,Los Angeles,40,2022-08-03,0.04,Food,Post-IPO,122,United States
The Org,"New Delhi,New York City",13,2022-08-03,,HR,Series B,39,United States
Puppet,Portland,,2022-08-03,0.15,Infrastructure,Acquired,189,United States
SoundCloud,"Berlin,Non-U.S.",,2022-08-03,0.2,Consumer,Unknown,542,Germany
Talkwalker,"Luxembourg,Non-U.S.",,2022-08-03,0.15,Marketing,Private Equity,9,Luxembourg
Robinhood,SF Bay Area,713,2022-08-02,0.23,Finance,Post-IPO,5600,United States
Latch,New York City,115,2022-08-02,0.37,Security,Post-IPO,342,United States
Vedantu,"Bengaluru,Non-U.S.",100,2022-08-02,,Education,Series E,292,India
Seegrid,Pittsburgh,90,2022-08-02,,Logistics,Unknown,107,United States
Nylas,SF Bay Area,80,2022-08-02,0.25,Product,Series C,175,United States
Outreach,Seattle,60,2022-08-02,0.05,Sales,Series G,489,United States
Sendy,"Nairobi,Non-U.S.",54,2022-08-02,0.2,Logistics,Series B,26,Kenya
The Predictive Index,Boston,40,2022-08-02,,HR,Acquired,71,United States
Sendy,"Nairobi,Non-U.S.",30,2022-08-02,0.1,Logistics,Series B,26,Kenya
Stedi,Boulder,23,2022-08-02,0.3,Product,Series B,75,United States
Glossier,New York City,19,2022-08-02,0.08,Retail,Series E,266,United States
Butterfly Network,New Haven,,2022-08-02,0.1,Healthcare,Post-IPO,530,United States
Hash,"Sao Paulo,Non-U.S.",58,2022-08-01,0.5,Finance,Series C,58,Brazil
Perceptive Automata,Boston,,2022-08-01,1.0,Transportation,Series A,20,United States
Metigy,"Sydney,Non-U.S.",75,2022-07-31,1.0,Marketing,Series B,18,Australia
Vee,"Tel Aviv,Non-U.S.",16,2022-07-31,0.32,HR,Seed,15,Israel
Gatherly,Atlanta,,2022-07-31,0.5,Marketing,,,United States
Ola,"Bengaluru,Non-U.S.",1000,2022-07-29,,Transportation,Series J,5000,India
Clearco,"Toronto,Non-U.S.",125,2022-07-29,0.25,Finance,Series C,681,Canada
Imperfect Foods,SF Bay Area,50,2022-07-29,,Food,Series D,229,United States
Shelf Engine,Seattle,43,2022-07-29,,Food,Series B,58,United States
Quantcast,SF Bay Area,40,2022-07-29,0.06,Marketing,Series C,65,United States
Sherpa,"Toronto,Non-U.S.",22,2022-07-29,,Travel,Unknown,11,Canada
Yabonza,"Sydney,Non-U.S.",,2022-07-29,1.0,Real Estate,Unknown,6,Australia
Ribbon,New York City,136,2022-07-28,,Real Estate,Series C,405,United States
Career Karma,SF Bay Area,60,2022-07-28,0.33,Education,Series B,51,United States
Metromile,SF Bay Area,60,2022-07-28,0.2,Finance,Acquired,510,United States
Laybuy,Auckland,45,2022-07-28,,Finance,Post-IPO,130,New Zealand
Allbirds,SF Bay Area,23,2022-07-28,,Retail,Post-IPO,202,United States
TextNow,"Waterloo,Non-U.S.",22,2022-07-28,,Consumer,Seed,1,Canada
2U,Washington D.C.,,2022-07-28,0.2,Education,Post-IPO,426,United States
Change.org,SF Bay Area,,2022-07-28,0.19,Other,Series D,72,United States
Turntide,SF Bay Area,,2022-07-28,0.2,Energy,Unknown,491,United States
Rivian,Detroit,840,2022-07-27,0.06,Transportation,Post-IPO,10700,United States
Vox Media,Washington D.C.,39,2022-07-27,0.02,Media,Series F,307,United States
Coinsquare,"Toronto,Non-U.S.",30,2022-07-27,0.24,Crypto,Unknown,98,Canada
Skai,"Tel Aviv,Non-U.S.",30,2022-07-27,0.04,Marketing,Series E,60,Israel
Shopify,"Ottawa,Non-U.S.",1000,2022-07-26,0.1,Retail,Post-IPO,122,Canada
McMakler,"Berlin,Non-U.S.",90,2022-07-26,,Real Estate,Unknown,214,Germany
Fiverr,"Tel Aviv,Non-U.S.",60,2022-07-26,0.08,Other,Post-IPO,111,Israel
InDebted,"Sydney,Non-U.S.",40,2022-07-26,0.17,Finance,Series B,41,Australia
Outbrain,New York City,38,2022-07-26,0.03,Marketing,Post-IPO,394,United States
Dover,SF Bay Area,23,2022-07-26,0.3,Recruiting,Series A,22,United States
Immutable,"Sydney,Non-U.S.",20,2022-07-26,0.06,Crypto,Series C,279,Australia
Zymergen,SF Bay Area,80,2022-07-25,,Other,Acquired,974,United States
Pear Therapeutics,Boston,25,2022-07-25,0.09,Healthcare,Post-IPO,409,United States
Included Health,SF Bay Area,,2022-07-25,0.06,Healthcare,Series E,272,United States
Soluto,"Tel Aviv,Non-U.S.",120,2022-07-24,1.0,Support,Acquired,18,Israel
Eucalyptus,"Sydney,Non-U.S.",50,2022-07-22,0.2,Healthcare,Series C,69,Australia
Workstream,SF Bay Area,45,2022-07-22,,HR,Series B,58,United States
Quanto,"Sao Paulo,Non-U.S.",28,2022-07-22,0.22,Finance,Series A,15,Brazil
Clarify Health,SF Bay Area,15,2022-07-22,0.05,Healthcare,Series D,328,United States
Boosted Commerce,Los Angeles,,2022-07-22,0.05,Retail,Series B,137,United States
Blockchain.com,"London,Non-U.S.",150,2022-07-21,0.25,Crypto,Series D,490,United Kingdom
Callisto Media,SF Bay Area,140,2022-07-21,0.35,Media,Series D,,United States
AppGate,Miami,130,2022-07-21,0.22,Security,Post-IPO,,United States
WHOOP,Boston,95,2022-07-21,0.15,Fitness,Series F,404,United States
Rad Power Bikes,Seattle,63,2022-07-21,0.1,Transportation,Series D,329,United States
Lunchbox,New York City,60,2022-07-21,0.33,Food,Series B,72,United States
RealSelf,Seattle,11,2022-07-21,0.05,Healthcare,Series B,42,United States
98point6,Seattle,,2022-07-21,0.1,Healthcare,Series E,247,United States
InVision,New York City,,2022-07-21,0.5,Product,Series F,356,United States
Just Eat Takeaway,"Amsterdam,Non-U.S.",390,2022-07-20,,Food,Post-IPO,2800,Netherlands
Flyhomes,Seattle,200,2022-07-20,0.2,Real Estate,Series C,310,United States
Varo,SF Bay Area,75,2022-07-20,,Finance,Series E,992,United States
BlueStacks,SF Bay Area,60,2022-07-20,,Other,Series C,48,United States
Lyft,SF Bay Area,60,2022-07-20,0.02,Transportation,Post-IPO,4900,United States
Introhive,"Ferdericton,Non-U.S.",57,2022-07-20,0.16,Sales,Series C,125,Canada
Zencity,"Tel Aviv,Non-U.S.",30,2022-07-20,0.2,Other,Unknown,51,Israel
Splice,New York City,23,2022-07-20,,Media,Series D,159,United States
Forma.ai,"Toronto,Non-U.S.",15,2022-07-20,0.09,Sales,Series B,58,Canada
Arc,SF Bay Area,13,2022-07-20,,HR,Seed,1,United States
Invitae,SF Bay Area,1000,2022-07-19,,Healthcare,Post-IPO,2000,United States
Olive,Columbus,450,2022-07-19,0.31,Healthcare,Series H,856,United States
M1,Chicago,38,2022-07-19,,Finance,Series E,323,United States
SellerX,"Berlin,Non-U.S.",28,2022-07-19,,Retail,Unknown,766,Germany
Stint,"London,Non-U.S.",28,2022-07-19,0.2,HR,Unknown,,United Kingdom
Capsule,New York City,,2022-07-19,0.13,Healthcare,Series D,570,United States
PACT Pharma,SF Bay Area,94,2022-07-18,,Healthcare,Series C,200,United States
Gemini,New York City,68,2022-07-18,0.07,Crypto,Unknown,423,United States
Lusha,New York City,30,2022-07-18,0.1,Marketing,Series B,245,United States
Freshly,New York City,,2022-07-18,0.25,Food,Acquired,107,United States
Hydrow,Boston,,2022-07-18,0.35,Fitness,Series D,269,United States
Vimeo,New York City,,2022-07-18,0.06,Consumer,Post-IPO,450,United States
Bright Money,"Bengaluru,Non-U.S.",100,2022-07-15,0.5,Finance,Series A,31,India
Project44,Chicago,63,2022-07-15,0.05,Logistics,Unknown,817,United States
Heroes,"London,Non-U.S.",24,2022-07-15,0.2,Retail,Unknown,265,United Kingdom
Aspire,SF Bay Area,23,2022-07-15,,Marketing,Series A,27,United States
StyleSeat,SF Bay Area,,2022-07-15,0.17,Consumer,Series C,40,United States
Zego,"London,Non-U.S.",85,2022-07-14,0.17,Finance,Series C,202,United Kingdom
The Mom Project,Chicago,54,2022-07-14,0.15,HR,Series C,115,United States
Unstoppable Domains,SF Bay Area,42,2022-07-14,0.25,Crypto,Series B,7,United States
Kiavi,SF Bay Area,39,2022-07-14,0.07,Real Estate,Series E,240,United States
OpenSea,New York City,,2022-07-14,0.2,Crypto,Series C,427,United States
Wave,"Dakar,Non-U.S.",300,2022-07-13,0.15,Finance,Series A,292,Senegal
Tonal,SF Bay Area,262,2022-07-13,0.35,Fitness,Series E,450,United States
Fabric,New York City,120,2022-07-13,0.4,Logistics,Series C,336,United States
Bryter,"Berlin,Non-U.S.",100,2022-07-13,0.3,Product,Series B,89,Germany
ChowNow,Los Angeles,100,2022-07-13,0.2,Food,Series C,64,United States
Involves,"Florianópolis,Non-U.S.",70,2022-07-13,0.18,Retail,Unknown,23,Brazil
100 Thieves,Los Angeles,12,2022-07-13,,Consumer,Series C,120,United States
Nuro,SF Bay Area,7,2022-07-13,,Transportation,Series D,2100,United States
Arrival,"London,Non-U.S.",,2022-07-13,0.3,Transportation,Post-IPO,629,United Kingdom
Papa,Miami,,2022-07-13,0.15,Other,Series D,241,United States
Gopuff,Philadelphia,1500,2022-07-12,0.1,Food,Series H,3400,United States
Fraazo,"Mumbai,Non-U.S.",150,2022-07-12,,Food,Series B,63,India
Babylon,"London,Non-U.S.",100,2022-07-12,,Healthcare,Post-IPO,1100,United Kingdom
Hubilo,SF Bay Area,45,2022-07-12,0.12,Marketing,Series B,153,United States
Airlift,"Lahore,Non-U.S.",,2022-07-12,1.0,Logistics,Series B,109,Pakistan
Hopin,"London,Non-U.S.",242,2022-07-11,0.29,Other,Series D,1000,United Kingdom
Alice,"Sao Paulo,Non-U.S.",63,2022-07-11,,Healthcare,Series C,174,Brazil
SundaySky,New York City,24,2022-07-11,0.13,Marketing,Series D,74,United States
Forward,SF Bay Area,,2022-07-11,0.05,Healthcare,Series D,225,United States
Ignite,SF Bay Area,,2022-07-11,0.5,Crypto,Series A,9,United States
PuduTech,"Shenzen,Non-U.S.",1500,2022-07-08,,Other,Series C,184,China
Butler Hospitality,New York City,1000,2022-07-08,1.0,Food,Series B,50,United States
Calibrate,New York City,156,2022-07-08,0.24,Healthcare,Series B,127,United States
NextRoll,SF Bay Area,,2022-07-08,0.03,Marketing,Unknown,108,United States
Argo AI,Pittsburgh,150,2022-07-07,0.05,Transportation,Unknown,3600,United States
Next Insurance,SF Bay Area,150,2022-07-07,0.17,Finance,Series E,881,United States
Adwerx,Durham,40,2022-07-07,,Marketing,Unknown,20,United States
Emotive,Los Angeles,30,2022-07-07,0.18,Marketing,Series B,78,United States
Cedar,New York City,,2022-07-07,0.24,Healthcare,Series D,351,United States
Remote,SF Bay Area,100,2022-07-06,0.09,HR,Series C,496,United States
Shopify,"Ottawa,Non-U.S.",50,2022-07-06,,Retail,Post-IPO,122,Canada
Anodot,"Tel Aviv,Non-U.S.",35,2022-07-06,0.27,Data,Series C,64,Israel
SQream,New York City,30,2022-07-06,0.18,Data,Series B,77,United States
Anodot,"Tel Aviv,Non-U.S.",15,2022-07-06,0.2,Data,Series C,64,Israel
Loft,"Sao Paulo,Non-U.S.",384,2022-07-05,0.12,Real Estate,Unknown,788,Brazil
Bizzabo,New York City,120,2022-07-05,0.3,Marketing,Series E,194,United States
eToro,"Tel Aviv,Non-U.S.",100,2022-07-05,0.06,Finance,Unknown,322,Israel
Verbit,New York City,80,2022-07-05,0.1,Data,Series E,569,United States
Outschool,SF Bay Area,31,2022-07-05,0.18,Education,Series D,240,United States
Bullish,"Hong Kong,Non-U.S.",30,2022-07-05,0.08,Crypto,Unknown,300,Hong Kong
Transmit Security,Boston,27,2022-07-05,0.07,Security,Series A,583,United States
Thimble,New York City,20,2022-07-05,0.33,Finance,Series A,28,United States
Syte,"Tel Aviv,Non-U.S.",13,2022-07-05,0.08,Retail,Series C,71,Israel
Lightricks,"Jerusalem,Non-U.S.",80,2022-07-04,0.12,Consumer,Series D,335,Israel
Chessable,"London,Non-U.S.",29,2022-07-04,,Consumer,Acquired,0,United Kingdom
Sendle,"Sydney,Non-U.S.",27,2022-07-04,0.12,Logistics,Series C,69,Australia
Lendis,"Berlin,Non-U.S.",18,2022-07-04,0.15,Other,Series A,90,Germany
Gorillas,"Berlin,Non-U.S.",540,2022-07-03,,Food,Series C,1300,Germany
Celsius,New York City,150,2022-07-03,0.25,Crypto,Series B,864,United States
Zepto,"Brisbane,Non-U.S.",,2022-07-02,0.1,Finance,Series A,25,Australia
WanderJaunt,SF Bay Area,85,2022-07-01,1.0,Travel,Series B,26,United States
Canoo,Los Angeles,58,2022-07-01,0.06,Transportation,Post-IPO,300,United States
Bamboo Health,Louisville,52,2022-07-01,,Healthcare,Unknown,,United States
Teleport,SF Bay Area,15,2022-07-01,0.06,Infrastructure,Series C,169,United States
Enjoy,SF Bay Area,400,2022-06-30,0.18,Retail,Post-IPO,310,United States
Crejo.Fun,"Bengaluru,Non-U.S.",170,2022-06-30,1.0,Education,Seed,3,India
Stash Financial,New York City,40,2022-06-30,0.08,Finance,Unknown,480,United States
Nate,New York City,30,2022-06-30,0.2,Retail,Series A,47,United States
Snyk,Boston,30,2022-06-30,,Security,Series F,849,United States
Stream,Boulder,20,2022-06-30,0.12,Product,Series B,58,United States
Finleap Connect,"Hamburg,Non-U.S.",14,2022-06-30,0.1,Finance,Series A,22,Germany
Abra,SF Bay Area,12,2022-06-30,0.05,Crypto,Series C,106,United States
Gavelytics,Los Angeles,,2022-06-30,1.0,Legal,Seed,5,United States
Sundae,SF Bay Area,,2022-06-30,0.15,Real Estate,Series C,135,United States
Toppr,"Mumbai,Non-U.S.",350,2022-06-29,,Education,Acquired,112,India
Unity,SF Bay Area,200,2022-06-29,0.04,Other,Post-IPO,1300,United States
Niantic,SF Bay Area,85,2022-06-29,0.08,Consumer,Series D,770,United States
AvantStay,Los Angeles,80,2022-06-29,,Travel,Unknown,811,United States
Qumulo,Seattle,80,2022-06-29,0.19,Data,Series E,347,United States
Clutch,"Toronto,Non-U.S.",76,2022-06-29,0.22,Transportation,Series B,153,Canada
Parallel Wireless,Nashua,60,2022-06-29,,Infrastructure,Unknown,8,United States
Oye Rickshaw,"New Delhi,Non-U.S.",40,2022-06-29,0.2,Transportation,Unknown,13,India
Rows,"Berlin,Non-U.S.",18,2022-06-29,0.3,Other,Series B,25,Germany
Baton,SF Bay Area,16,2022-06-29,0.25,Transportation,Series A,13,United States
Substack,SF Bay Area,13,2022-06-29,0.14,Media,Series B,82,United States
Degreed,SF Bay Area,,2022-06-29,0.15,Education,Series D,411,United States
HomeLight,SF Bay Area,,2022-06-29,0.19,Real Estate,Series D,743,United States
Volt Bank,"Sydney,Non-U.S.",,2022-06-29,1.0,Finance,Series E,90,Australia
Huobi,"Beijing,Non-U.S.",300,2022-06-28,0.3,Crypto,Unknown,2,China
WhiteHat Jr,"Mumbai,Non-U.S.",300,2022-06-28,,Education,Acquired,11,India
StockX,Detroit,120,2022-06-28,0.08,Retail,Series E,690,United States
Sidecar Health,Los Angeles,110,2022-06-28,0.4,Healthcare,Series C,163,United States
StockX,Detroit,80,2022-06-28,,Retail,Series E,690,United States
Vezeeta,"Dubai,Non-U.S.",50,2022-06-28,0.1,Healthcare,Series D,71,United Arab Emirates
Bright Machines,SF Bay Area,30,2022-06-28,0.08,Data,Unknown,250,Israel
HealthMatch,"Sydney,Non-U.S.",18,2022-06-28,0.5,Healthcare,Series B,20,Australia
Nova Benefits,"Bengaluru,Non-U.S.",,2022-06-28,0.3,Healthcare,Series B,41,India
Una Brands,"Singapore,Non-U.S.",,2022-06-28,0.1,Retail,Series A,55,Singapore
AppLovin,SF Bay Area,300,2022-06-27,0.12,Marketing,Post-IPO,1600,United States
UiPath,New York City,210,2022-06-27,0.05,Data,Post-IPO,2000,United States
Udaan,"Bengaluru,Non-U.S.",180,2022-06-27,0.04,Retail,Unknown,1500,India
Cue,San Diego,170,2022-06-27,,Healthcare,Post-IPO,999,United States
Banxa,"Melbourne,Non-U.S.",70,2022-06-27,0.3,Crypto,Post-IPO,13,Australia
SafeGraph,SF Bay Area,27,2022-06-27,0.25,Data,Series B,61,United States
Amount,Chicago,,2022-06-27,0.18,Finance,Unknown,283,United States
Postscript,SF Bay Area,43,2022-06-26,,Marketing,Series C,106,United States
Bitpanda,"Vienna,Non-U.S.",270,2022-06-24,0.27,Crypto,Series C,546,Austria
Sunday,Atlanta,90,2022-06-24,0.23,Finance,Series A,124,United States
Bestow,Dallas,41,2022-06-24,0.14,Finance,Series C,137,United States
Ethos Life,SF Bay Area,40,2022-06-24,0.12,Finance,Series D,406,United States
Netflix,SF Bay Area,300,2022-06-23,0.03,Media,Post-IPO,121900,United States
Aura,Boston,70,2022-06-23,0.09,Security,Series F,500,United States
Pipl,Spokane,22,2022-06-23,0.13,Security,Unknown,19,United States
Vouch,SF Bay Area,15,2022-06-23,0.07,Finance,Series C,159,United States
Voyage SMS,Los Angeles,8,2022-06-23,0.13,Marketing,Unknown,10,United States
Esper,Seattle,,2022-06-23,0.12,Other,Series A,10,United States
Kune,"Nairobi,Non-U.S.",,2022-06-23,1.0,Food,Seed,1,Kenya
Orchard,New York City,,2022-06-23,0.1,Real Estate,Series D,472,United States
Ro,New York City,,2022-06-23,0.18,Healthcare,Unknown,1000,United States
StreamElements,"Tel Aviv,Non-U.S.",,2022-06-23,0.2,Media,Series B,111,Israel
MasterClass,SF Bay Area,120,2022-06-22,0.2,Education,Series E,461,United States
IronNet,Washington D.C.,90,2022-06-22,0.35,Security,Post-IPO,410,United States
Bungalow,SF Bay Area,70,2022-06-22,,Real Estate,Series C,171,United States
IronNet,Washington D.C.,55,2022-06-22,0.17,Security,Post-IPO,410,United States
Sprinklr,New York City,50,2022-06-22,,Support,Post-IPO,429,United States
Superpedestrian,Boston,35,2022-06-22,0.07,Transportation,Series C,261,United States
Voi,"Stockholm,Non-U.S.",35,2022-06-22,0.1,Transportation,Series D,515,Sweden
Balto,St. Louis,30,2022-06-22,,Sales,Series B,51,United States
Ritual,"Toronto,Non-U.S.",23,2022-06-22,0.16,Food,Series C,134,Canada
Voly,"Sydney,Non-U.S.",,2022-06-22,0.5,Food,Seed,13,Australia
Ebanx,"Curitiba,Non-U.S.",340,2022-06-21,0.2,Finance,Series B,460,Brazil
TaskUs,Los Angeles,52,2022-06-21,0.0,Support,Post-IPO,279,United States
Community,Los Angeles,40,2022-06-21,0.3,Marketing,Unknown,40,United States
Sourcegraph,SF Bay Area,24,2022-06-21,0.08,Product,Series D,248,United States
Frubana,"Bogota,Non-U.S.",,2022-06-21,0.03,Food,Series C,202,Colombia
SuperLearn,"Bengaluru,Non-U.S.",,2022-06-21,1.0,Education,Seed,0,India
Tray.io,SF Bay Area,,2022-06-21,0.1,Data,Series C,109,United States
Bybit,"Singapore,Non-U.S.",600,2022-06-20,0.3,Crypto,Unknown,,Singapore
SummerBio,SF Bay Area,101,2022-06-20,1.0,Healthcare,Unknown,7,United States
Trax,"Singapore,Non-U.S.",100,2022-06-20,0.12,Retail,Series E,1000,Singapore
Aqgromalin,"Chennai,Non-U.S.",80,2022-06-20,0.3,Food,Unknown,12,India
Bonsai,"Toronto,Non-U.S.",30,2022-06-20,0.55,Retail,Series A,27,Canada
Brighte,"Sydney,Non-U.S.",30,2022-06-20,0.15,Energy,Series C,145,Australia
Buzzer,New York City,,2022-06-20,0.2,Media,Unknown,32,United States
CityMall,"Gurugram,Non-U.S.",191,2022-06-19,0.3,Retail,Series C,112,India
BitOasis,"Dubai,Non-U.S.",9,2022-06-19,0.05,Crypto,Series B,30,United Arab Emirates
Unacademy,"Bengaluru,Non-U.S.",150,2022-06-18,0.03,Education,Series H,838,India
Bytedance,"Shanghai,Non-U.S.",150,2022-06-17,,Consumer,Unknown,9400,China
Socure,Reno,69,2022-06-17,0.13,Finance,Series E,646,United States
Finite State,Columbus,16,2022-06-17,0.2,Security,Series B,49,United States
JOKR,New York City,50,2022-06-16,0.05,Food,Series B,430,United States
Zumper,SF Bay Area,45,2022-06-16,0.15,Real Estate,Series D,178,United States
PharmEasy,"Mumbai,Non-U.S.",40,2022-06-16,,Healthcare,Unknown,1600,India
Circulo Health,Columbus,,2022-06-16,0.5,Healthcare,Series A,50,United States
Swappie,"Helsinki,Non-U.S.",250,2022-06-15,0.17,Retail,Series C,169,Finland
Wealthsimple,"Toronto,Non-U.S.",159,2022-06-15,0.13,Finance,Unknown,900,Canada
Weee!,SF Bay Area,150,2022-06-15,0.1,Food,Series E,863,United States
Notarize,Boston,110,2022-06-15,0.25,Legal,Series D,213,United States
Elementor,"Tel Aviv,Non-U.S.",60,2022-06-15,0.15,Media,Unknown,65,Israel
Tonkean,SF Bay Area,23,2022-06-15,0.23,Other,Series B,83,United States
Airtame,"Copenhagen,Non-U.S.",15,2022-06-15,,Consumer,Unknown,7,Denmark
OpenWeb,"Tel Aviv,Non-U.S.",14,2022-06-15,0.05,Media,Series E,223,Israel
Swyft,"Toronto,Non-U.S.",10,2022-06-15,0.3,Logistics,Series A,20,Canada
JetClosing,Seattle,,2022-06-15,1.0,Real Estate,Series B,44,United States
Coinbase,SF Bay Area,1100,2022-06-14,0.18,Crypto,Post-IPO,549,United States
Redfin,Seattle,470,2022-06-14,0.08,Real Estate,Post-IPO,319,United States
Compass,New York City,450,2022-06-14,0.1,Real Estate,Post-IPO,1600,United States
Sami,"Sao Paulo,Non-U.S.",75,2022-06-14,0.15,Healthcare,Unknown,36,Brazil
Breathe,"New Delhi,Non-U.S.",50,2022-06-14,0.33,Healthcare,Series A,6,India
Hunty,"Bogota,Non-U.S.",30,2022-06-14,,HR,Seed,6,Colombia
TIFIN,Boulder,24,2022-06-14,0.1,Crypto,Series D,204,United States
BlockFi,New York City,250,2022-06-13,0.2,Crypto,Series E,1000,United States
Wave Sports and Entertainment,Los Angeles,56,2022-06-13,0.33,Media,Series B,65,United States
Studio,SF Bay Area,33,2022-06-13,0.4,Education,Series B,50,United States
Desktop Metal,Boston,,2022-06-13,0.12,Other,Post-IPO,811,United States
Crypto.com,"Singapore,Non-U.S.",260,2022-06-10,0.05,Crypto,Unknown,156,Singapore
FarEye,"New Delhi,Non-U.S.",250,2022-06-10,0.3,Logistics,Series E,150,India
Berlin Brands Group,"Berlin,Non-U.S.",100,2022-06-10,0.1,Retail,Unknown,1000,Germany
Sanar,"Sao Paulo,Non-U.S.",60,2022-06-10,0.2,Healthcare,Unknown,11,Brazil
Freetrade,"London,Non-U.S.",45,2022-06-10,0.15,Finance,Unknown,133,United Kingdom
Albert,Los Angeles,20,2022-06-10,0.08,Finance,Series C,175,United States
Ziroom,"Beijing,Non-U.S.",,2022-06-10,0.2,Real Estate,Unknown,2100,China
OneTrust,Atlanta,950,2022-06-09,0.25,Security,Series C,926,United States
Stitch Fix,SF Bay Area,330,2022-06-09,0.15,Retail,Post-IPO,79,United States
Daniel Wellington,"Stockholm,Non-U.S.",200,2022-06-09,0.15,Retail,Unknown,,Sweden
Convoy,Seattle,90,2022-06-09,0.07,Logistics,Series E,1100,United States
Hologram,Chicago,80,2022-06-09,0.4,Infrastructure,Series B,82,United States
Boozt,"Malmo,Non-U.S.",70,2022-06-09,0.05,Retail,Post-IPO,56,Sweden
The Grommet,Boston,40,2022-06-09,1.0,Retail,Acquired,5,United States
Stashaway,"Singapore,Non-U.S.",31,2022-06-09,0.14,Finance,Series D,61,Singapore
Preply,Boston,26,2022-06-09,0.05,Education,Series C,100,United States
Jellysmack,New York City,,2022-06-09,0.08,Media,Series C,22,United States
Starship,SF Bay Area,,2022-06-09,0.11,Transportation,Series B,197,United States
Sonder,SF Bay Area,250,2022-06-08,0.21,Travel,Post-IPO,839,United States
Kavak,"Sao Paulo,Non-U.S.",150,2022-06-08,,Transportation,Series E,1600,Brazil
Truepill,SF Bay Area,150,2022-06-08,0.15,Healthcare,Series D,255,United States
iPrice Group,Kuala Lumpur,50,2022-06-08,0.2,Retail,Unknown,26,Malaysia
Memmo,"Stockholm,Non-U.S.",,2022-06-08,0.4,Consumer,Unknown,24,Sweden
Rupeek,"Bengaluru,Non-U.S.",180,2022-06-07,0.15,Finance,Unknown,172,India
Lummo,"Jakarta,Non-U.S.",150,2022-06-07,,Marketing,Series C,149,Indonesia
Bird,Los Angeles,138,2022-06-07,0.23,Transportation,Post-IPO,783,United States
ID.me,Washington D.C.,130,2022-06-07,,Security,Unknown,275,United States
KiwiCo,SF Bay Area,40,2022-06-07,,Retail,Unknown,11,United States
Propzy,"Ho Chi Minh City,Non-U.S.",,2022-06-07,0.5,Real Estate,Series A,33,Vietnam
Clearco,"Toronto,Non-U.S.",60,2022-06-06,,Finance,Series C,681,Canada
Dutchie,Bend,50,2022-06-06,0.07,Other,Series D,603,United States
Deep Instinct,New York City,,2022-06-06,0.1,Security,Series D,259,United States
Sendoso,SF Bay Area,,2022-06-06,0.14,Marketing,Series C,152,United States
Eruditus,"Mumbai,Non-U.S.",40,2022-06-04,,Education,Series E,1200,India
Afterverse,"Brasilia,Non-U.S.",60,2022-06-03,0.2,Consumer,Unknown,,Brazil
Superhuman,SF Bay Area,23,2022-06-03,0.22,Consumer,Series C,108,United States
Food52,New York City,21,2022-06-03,0.15,Food,Acquired,176,United States
5B Solar,"Sydney,Non-U.S.",,2022-06-03,0.25,Energy,Series A,12,Australia
Tesla,Austin,,2022-06-03,0.1,Transportation,Post-IPO,20200,United States
Carbon Health,SF Bay Area,250,2022-06-02,0.08,Healthcare,Series D,522,United States
Favo,"Sao Paulo,Non-U.S.",170,2022-06-02,,Food,Series A,31,Brazil
PolicyGenius,New York City,170,2022-06-02,0.25,Finance,Series E,286,United States
Yojak,"Gurugram,Non-U.S.",140,2022-06-02,0.5,Construction,Seed,3,India
Envato,"Melbourne,Non-U.S.",100,2022-06-02,,Marketing,Unknown,,Australia
Gemini,New York City,100,2022-06-02,0.1,Crypto,Unknown,423,United States
Stord,Atlanta,59,2022-06-02,0.08,Logistics,Series D,325,United States
Gather,SF Bay Area,30,2022-06-02,0.33,Consumer,Series B,76,United States
Shef,SF Bay Area,29,2022-06-02,,Food,Series A,28,United States
IRL,SF Bay Area,25,2022-06-02,0.25,Consumer,Series C,197,United States
Kaodim,"Selangor,Non-U.S.",,2022-06-02,1.0,Consumer,Series B,17,Malaysia
TomTom,"Amsterdam,Non-U.S.",500,2022-06-01,0.1,Transportation,Post-IPO,,Netherlands
Cybereason,Boston,100,2022-06-01,0.06,Security,Series F,750,United States
Udayy,"Gurugram,Non-U.S.",100,2022-06-01,1.0,Education,Seed,2,India
2TM,"Sao Paulo,Non-U.S.",90,2022-06-01,0.12,Crypto,Unknown,250,Brazil
Curve,"London,Non-U.S.",65,2022-06-01,0.1,Finance,Series C,182,United Kingdom
Loom,SF Bay Area,34,2022-06-01,0.14,Product,Series C,203,United States
Skillshare,New York City,31,2022-06-01,,Education,Unknown,136,United States
Impala,"London,Non-U.S.",30,2022-06-01,0.35,Travel,Series B,32,United Kingdom
Eaze,SF Bay Area,25,2022-06-01,,Consumer,Series D,202,United States
Side,SF Bay Area,,2022-06-01,0.1,Real Estate,Unknown,313,United States
Truck It In,"Karachi,Non-U.S.",,2022-06-01,0.3,Logistics,Seed,17,Pakistan
Playtika,"Tel Aviv,Non-U.S.",250,2022-05-31,0.06,Consumer,Post-IPO,,Israel
Replicated,Los Angeles,50,2022-05-31,,Infrastructure,Series C,85,United States
Tomo,Stamford,44,2022-05-31,0.33,Finance,Series A,110,United States
Getta,"Tel Aviv,Non-U.S.",30,2022-05-31,,Transportation,Series A,49,Israel
BookClub,Salt Lake City,12,2022-05-31,0.25,Education,Series A,26,United States
SWVL,"Dubai,Non-U.S.",400,2022-05-30,0.32,Transportation,Post-IPO,132,United Arab Emirates
Mobile Premier League,"Bengaluru,Non-U.S.",100,2022-05-30,0.1,Consumer,Series E,375,India
SumUp,"Sao Paulo,Non-U.S.",100,2022-05-30,0.03,Finance,Unknown,50,Brazil
FrontRow,"Bengaluru,Non-U.S.",145,2022-05-27,0.3,Education,Series A,17,India
Daloopa,"New Delhi,Non-U.S.",40,2022-05-27,,Data,Series A,23,India
Uncapped,"London,Non-U.S.",29,2022-05-27,0.26,Finance,Unknown,118,United Kingdom
VTEX,"Sao Paulo,Non-U.S.",200,2022-05-26,0.13,Retail,Post-IPO,365,Brazil
Bitso,"Mexico City,Non-U.S.",80,2022-05-26,0.11,Crypto,Series C,378,Mexico
Foodpanda,"Bucharest,Non-U.S.",80,2022-05-26,,Food,Acquired,749,Romania
Dazn,"London,Non-U.S.",50,2022-05-26,0.02,Consumer,Unknown,,United Kingdom
Lacework,SF Bay Area,300,2022-05-25,0.2,Security,Series D,1900,United States
Bolt,SF Bay Area,240,2022-05-25,0.27,Finance,Series E,1300,United States
PeerStreet,Los Angeles,75,2022-05-25,,Finance,Series C,121,United States
Kontist,"Berlin,Non-U.S.",50,2022-05-25,0.25,Finance,Series B,53,Germany
Nuri,"Berlin,Non-U.S.",45,2022-05-25,0.2,Finance,Series B,42,Germany
Coterie Insurance,Cincinnati,30,2022-05-25,0.2,Finance,Series B,70,United States
Airlift,"Lahore,Non-U.S.",,2022-05-25,0.31,Logistics,Series B,109,Pakistan
Getir,"Istanbul,Non-U.S.",,2022-05-25,0.14,Food,Series E,1800,Turkey
Zapp,"London,Non-U.S.",,2022-05-25,0.1,Food,,300,United Kingdom
Gorillas,"Berlin,Non-U.S.",300,2022-05-24,0.5,Food,Series C,1300,Germany
Zenius,"Jakarta,Non-U.S.",200,2022-05-24,,Education,Series B,20,Indonesia
The Zebra,Austin,40,2022-05-24,,Finance,Series D,256,United States
Klarna,"Stockholm,Non-U.S.",700,2022-05-23,0.1,Finance,Unknown,3700,Sweden
PayPal,SF Bay Area,83,2022-05-23,,Finance,Post-IPO,216,United States
Buenbit,"Buenos Aires,Non-U.S.",80,2022-05-23,0.45,Crypto,Series A,11,Argentina
BeyondMinds,"Tel Aviv,Non-U.S.",65,2022-05-23,1.0,Data,Series A,16,Israel
ClickUp,San Diego,60,2022-05-23,0.07,Other,Series C,537,United States
Airtime,New York City,30,2022-05-23,0.2,Consumer,Series B,33,United States
MFine,"Bengaluru,Non-U.S.",600,2022-05-21,0.75,Healthcare,Series C,97,India
Latch,New York City,130,2022-05-20,0.28,Security,Post-IPO,342,United States
Outside,Boulder,87,2022-05-20,0.15,Media,Series B,174,United States
Skillz,SF Bay Area,70,2022-05-20,0.1,Consumer,Post-IPO,287,United States
Cars24,"Gurugram,Non-U.S.",600,2022-05-19,0.06,Transportation,Series G,1300,India
Vedantu,"Bengaluru,Non-U.S.",424,2022-05-18,0.07,Education,Series E,292,India
Netflix,SF Bay Area,150,2022-05-17,0.01,Media,Post-IPO,121900,United States
Kry,"Stockholm,Non-U.S.",100,2022-05-17,0.1,Healthcare,Series D,568,Sweden
Picsart,Miami,90,2022-05-17,0.08,Consumer,Series C,195,United States
Zak,"Sao Paulo,Non-U.S.",100,2022-05-16,0.4,Food,Series A,29,Brazil
AliExpress Russia,"Moscow,Non-U.S.",400,2022-05-14,0.4,Retail,Acquired,60,Russia
Thirty Madison,New York City,24,2022-05-14,,Healthcare,Acquired,209,United States
CommonBond,New York City,22,2022-05-13,,Finance,Series D,130,United States
Subspace,Los Angeles,,2022-05-13,1.0,Infrastructure,Series B,,United States
Zwift,Los Angeles,150,2022-05-12,,Fitness,Series C,619,United States
Section4,New York City,32,2022-05-12,,Education,Series A,37,United States
DataRobot,Boston,70,2022-05-11,0.07,Data,Series G,1000,United States
Carvana,Phoenix,2500,2022-05-10,0.12,Transportation,Post-IPO,1600,United States
Doma,SF Bay Area,310,2022-05-10,0.15,Finance,Post-IPO,679,United States
Pollen,"London,Non-U.S.",200,2022-05-10,0.33,Travel,Series C,238,United Kingdom
Latch,New York City,30,2022-05-10,0.06,Security,Post-IPO,342,United States
Meero,"Paris,Non-U.S.",350,2022-05-09,0.5,Other,Series C,293,France
Vroom,New York City,270,2022-05-09,0.14,Transportation,Post-IPO,1300,United States
Reef,Miami,750,2022-05-06,0.05,Transportation,Unknown,1500,United States
divvyDOSE,Davenport,62,2022-05-06,,Healthcare,Acquired,0,United States
Vedantu,"Bengaluru,Non-U.S.",200,2022-05-05,0.03,Education,Series E,292,India
Progrexion,Salt Lake City,100,2022-05-05,,Finance,Acquired,202,United States
Mural,SF Bay Area,90,2022-05-05,0.1,Product,Series C,192,United States
On Deck,SF Bay Area,72,2022-05-05,0.25,Education,Series A,20,United States
SEND,"Sydney,Non-U.S.",300,2022-05-04,1.0,Food,Seed,3,Australia
Colossus,Boston,97,2022-05-04,,Energy,Series A,41,United States
Cameo,Chicago,87,2022-05-04,0.25,Consumer,Unknown,165,United States
Mainstreet,SF Bay Area,45,2022-05-04,0.3,Finance,Series A,64,United States
Ideoclick,Seattle,40,2022-05-04,,Retail,Series A,7,United States
Vise,New York City,25,2022-05-04,,Finance,Series C,128,United States
Bizpay,"Sydney,Non-U.S.",,2022-05-04,0.3,Finance,Unknown,45,Australia
Avo,"Tel Aviv,Non-U.S.",500,2022-05-01,0.67,Food,Series B,45,Israel
Noom,New York City,495,2022-04-29,,Healthcare,Series F,657,United States
Domestika,SF Bay Area,150,2022-04-28,0.19,Education,Series D,130,United States
Netflix,SF Bay Area,25,2022-04-28,,Media,Post-IPO,121900,United States
Wahoo Fitness,Atlanta,50,2022-04-27,,Fitness,Unknown,,United States
Robinhood,SF Bay Area,340,2022-04-26,0.09,Finance,Post-IPO,5600,United States
Bonsai,"Toronto,Non-U.S.",29,2022-04-26,0.34,Retail,Series A,27,Canada
Sigfox,"Toulouse,Non-U.S.",64,2022-04-25,,Other,Acquired,277,France
Clyde,New York City,22,2022-04-25,,Marketing,Series B,58,United States
Xiaohongshu,"Shanghai,Non-U.S.",180,2022-04-21,0.09,Consumer,Series E,917,China
Facily,"Sao Paulo,Non-U.S.",260,2022-04-20,0.3,Retail,Series D,502,Brazil
Lemonade,New York City,52,2022-04-20,,Finance,Post-IPO,481,United States
Blend,SF Bay Area,200,2022-04-19,0.1,Finance,Post-IPO,665,United States
QuintoAndar,"Sao Paulo,Non-U.S.",160,2022-04-19,0.04,Real Estate,Series E,755,Brazil
Loft,"Sao Paulo,Non-U.S.",159,2022-04-19,,Real Estate,Unknown,788,Brazil
Automox,Boulder,,2022-04-18,0.11,Infrastructure,Series C,152,United States
Humble,SF Bay Area,10,2022-04-15,,Media,Acquired,4,United States
Halcyon Health,New York City,,2022-04-15,1.0,Healthcare,Unknown,2,United States
Ahead,SF Bay Area,44,2022-04-14,1.0,Healthcare,Unknown,9,United States
Rad Power Bikes,Seattle,100,2022-04-12,0.14,Transportation,Series D,329,United States
Meesho,"Bengaluru,Non-U.S.",150,2022-04-11,,Retail,Series F,1100,India
Food52,New York City,20,2022-04-08,0.1,Food,Acquired,176,United States
Unacademy,"Bengaluru,Non-U.S.",1000,2022-04-07,0.17,Education,Series H,838,India
Goodfood,"Calgary,Non-U.S.",70,2022-04-07,,Food,Post-IPO,16,Canada
Workrise,Austin,450,2022-04-05,,Energy,Series E,752,United States
Fast,SF Bay Area,,2022-04-05,1.0,Finance,Series B,124,United States
BitMEX,Non-U.S.,75,2022-04-04,0.25,Crypto,Seed,0,Seychelles
Legible,"Vancouver,Non-U.S.",23,2022-04-04,0.38,Media,Post-IPO,3,Canada
Lightico,"Tel Aviv,Non-U.S.",20,2022-03-31,,Finance,Series B,42,Israel
Sea,"Bengaluru,Non-U.S.",350,2022-03-30,,Retail,Post-IPO,8600,India
Rasa,"Berlin,Non-U.S.",59,2022-03-30,0.4,Data,Series B,40,Germany
Gopuff,Philadelphia,450,2022-03-29,0.03,Food,Series H,3400,United States
Thinkific,"Vancouver,Non-U.S.",100,2022-03-29,0.2,Education,Post-IPO,22,Canada
Furlenco,"Bengaluru,Non-U.S.",180,2022-03-26,,Retail,Series D,228,India
Grove Collaborative,SF Bay Area,,2022-03-19,0.17,Retail,Series E,474,United States
Storytel,"Stockholm,Non-U.S.",100,2022-03-17,0.1,Media,Post-IPO,275,Sweden
Curology,SF Bay Area,150,2022-03-16,,Healthcare,Series D,19,United States
Trell,"Bengaluru,Non-U.S.",300,2022-03-15,0.5,Retail,Series B,62,India
Knock,New York City,115,2022-03-15,0.46,Real Estate,Unknown,654,United States
Talis Biomedical,SF Bay Area,,2022-03-15,0.25,Healthcare,Post-IPO,8,United States
Sezzle,Minneapolis,,2022-03-10,0.2,Finance,Post-IPO,301,United States
Better.com,New York City,3000,2022-03-08,0.33,Real Estate,Unknown,905,United States
Adaptive Biotechnologies,Seattle,100,2022-03-08,0.12,Healthcare,Post-IPO,406,United States
Hyperscience,New York City,100,2022-03-03,0.25,Data,Series E,289,United States
WeDoctor,Non-U.S.,500,2022-03-02,,Healthcare,Series F,1400,China
Wish,SF Bay Area,190,2022-03-01,0.15,Retail,Post-IPO,1600,United States
OKCredit,"New Delhi,Non-U.S.",30,2022-02-24,,Finance,Series B,85,India
Lido,"Mumbai,Non-U.S.",150,2022-02-21,,Education,Series A,24,India
Virgin Hyperloop,Los Angeles,111,2022-02-21,0.5,Transportation,Unknown,368,United States
Trustly,"Stockholm,Non-U.S.",120,2022-02-17,,Finance,Acquired,28,Sweden
Liv Up,"Sao Paulo,Non-U.S.",100,2022-02-16,0.15,Food,Series D,118,Brazil
Homie,Salt Lake City,119,2022-02-14,0.29,Real Estate,Series B,35,United States
Hopin,"London,Non-U.S.",138,2022-02-10,0.12,Other,Series D,1000,United Kingdom
Daily Harvest,New York City,60,2022-02-10,0.2,Food,Series D,120,United States
Peloton,New York City,2800,2022-02-08,0.2,Fitness,Post-IPO,1900,United States
Rhino,New York City,57,2022-02-03,0.2,Real Estate,Unknown,133,United States
Gopuff,Philadelphia,100,2022-01-26,,Food,Series H,3400,United States
Glossier,New York City,80,2022-01-26,0.33,Consumer,Series E,266,United States
Root Insurance,Columbus,330,2022-01-20,,Finance,Post-IPO,527,United States
Protonn,"Bengaluru,Non-U.S.",,2022-01-20,1.0,Other,Seed,9,India
Spin,SF Bay Area,,2022-01-08,0.25,Transportation,Acquired,8,United States
Delivery Hero,"Berlin,Non-U.S.",300,2021-12-22,,Food,Post-IPO,8300,Germany
Better.com,New York City,900,2021-12-01,0.09,Real Estate,Unknown,905,United States
BitTitan,Seattle,70,2021-11-18,0.27,Data,Acquired,46,United States
Zillow,Seattle,2000,2021-11-02,0.25,Real Estate,Post-IPO,97,United States
InVision,New York City,22,2021-10-05,,Product,Unknown,356,United States
Ozy Media,SF Bay Area,,2021-10-01,1.0,Media,Series C,70,United States
Zymergen,SF Bay Area,120,2021-09-23,,Other,Post-IPO,974,United States
Treehouse,Portland,41,2021-09-14,0.9,Education,Series B,12,United States
Tanium,Seattle,30,2021-08-30,,Security,Unknown,1000,United States
Flockjay,SF Bay Area,37,2021-08-24,0.5,Education,Series A,14,United States
Bytedance,"Shanghai,Non-U.S.",1800,2021-08-05,,Consumer,Unknown,9400,China
Pagarbook,"Bengaluru,Non-U.S.",80,2021-07-26,,HR,Series A,17,India
Katerra,SF Bay Area,2434,2021-06-01,1.0,Construction,Unknown,1600,United States
Lambda School,SF Bay Area,65,2021-04-29,,Education,Series C,122,United States
Madefire,SF Bay Area,,2021-04-29,1.0,Media,Series B,16,United States
Patreon,SF Bay Area,36,2021-04-26,,Media,Series D,165,United States
New Relic,SF Bay Area,160,2021-04-06,0.07,Infrastructure,Post-IPO,215,United States
HuffPo,New York City,47,2021-03-09,,Media,Acquired,37,United States
Ninjacart,"Bengaluru,Non-U.S.",200,2021-02-23,,Food,Unknown,194,India
Bounce,"Bengaluru,Non-U.S.",200,2021-02-22,0.4,Transportation,Series D,214,India
ThredUp,Chicago,243,2021-02-09,,Retail,Series F,305,United States
Indigo,Boston,80,2021-02-09,,Other,Series F,1200,United States
Limelight,New York City,13,2021-02-04,1.0,Recruiting,Unknown,,United States
Quandoo,"Berlin,Non-U.S.",87,2021-02-03,0.2,Food,Acquired,39,Germany
Hubba,"Toronto,Non-U.S.",45,2021-02-01,1.0,Retail,Series B,61,Canada
Bytedance,"Mumbai,Non-U.S.",1800,2021-01-27,,Consumer,Unknown,7400,India
Privitar,"London,Non-U.S.",20,2021-01-27,,Data,Series C,150,United Kingdom
Shutterfly,SF Bay Area,800,2021-01-25,,Retail,Acquired,50,United States
Postmates,SF Bay Area,180,2021-01-23,0.15,Food,Acquired,763,United States
Instacart,SF Bay Area,1877,2021-01-21,,Food,Unknown,2400,United States
Pocketmath,Singapore,21,2021-01-20,1.0,Marketing,Unknown,20,Singapore
Dropbox,SF Bay Area,315,2021-01-13,0.15,Other,Post-IPO,1700,United States
Aura Financial,SF Bay Area,,2021-01-11,1.0,Finance,Unknown,584,United States
Simple,Portland,,2021-01-07,1.0,Finance,Acquired,15,United States
WhiteHat Jr,"Mumbai,Non-U.S.",1800,2021-01-06,,Education,Acquired,11,India
Pulse Secure,SF Bay Area,78,2020-12-23,,Security,Acquired,,United States
Breather,"Montreal,Non-U.S.",120,2020-12-16,0.8,Real Estate,Series D,131,Canada
Actifio,Boston,54,2020-12-16,,Data,Acquired,352,United States
OYO,"Gurugram,Non-U.S.",600,2020-12-08,,Travel,Series F,3200,India
Aya,"Toronto,Non-U.S.",5,2020-11-19,0.25,Finance,Seed,3,Canada
Domio,New York City,,2020-11-18,0.5,Real Estate,Series B,116,United States
Bridge Connector,Nashville,154,2020-11-17,1.0,Healthcare,Series B,45,United States
Tidepool,SF Bay Area,18,2020-11-17,0.4,Healthcare,Unknown,,United States
Worksmith,Austin,30,2020-11-09,0.5,Retail,Unknown,4,United States
Rubica,Seattle,,2020-11-05,1.0,Security,Series A,14,United States
Bossa Nova,SF Bay Area,,2020-11-02,0.5,Retail,Unknown,102,United States
LivePerson,New York City,30,2020-11-01,,Support,Post-IPO,42,United States
Remedy,Austin,82,2020-10-29,,Healthcare,Series A,13,United States
Knotel,New York City,20,2020-10-29,0.08,Real Estate,Series C,560,United States
CodeCombat,SF Bay Area,8,2020-10-23,,Education,Series A,8,United States
Quibi,Los Angeles,,2020-10-21,1.0,Media,Private Equity,1800,United States
GetYourGuide,"Berlin,Non-U.S.",90,2020-10-14,0.17,Travel,Series E,656,Germany
OLX India,"New Delhi,Non-U.S.",250,2020-10-10,,Marketing,Acquired,28,India
Alto Pharmacy,SF Bay Area,47,2020-09-29,0.06,Healthcare,Series D,356,United States
Air,New York City,,2020-09-16,0.16,Marketing,Series A,18,United States
NS8,Las Vegas,240,2020-09-11,0.95,Data,Series A,158,United States
Bleacher Report,"London,Non-U.S.",20,2020-09-11,,Media,Acquired,41,United Kingdom
HubHaus,SF Bay Area,,2020-09-11,1.0,Real Estate,Series A,13,United States
Waze,SF Bay Area,30,2020-09-09,0.05,Transportation,Acquired,67,United States
Ouster,SF Bay Area,,2020-09-08,0.1,Transportation,Series B,132,United States
Awok,"Dubai,Non-U.S.",,2020-09-02,1.0,Retail,Series A,30,United Arab Emirates
Big Fish Games,Seattle,250,2020-09-01,,Media,Acquired,95,United States
GoBear,"Singapore,Non-U.S.",22,2020-09-01,0.11,Finance,Unknown,97,Singapore
MakeMyTrip,"New Delhi,Non-U.S.",350,2020-08-31,0.1,Travel,Post-IPO,548,India
Salesforce,SF Bay Area,1000,2020-08-26,0.02,Sales,Post-IPO,65,United States
Superloop,"Brisbane,Non-U.S.",30,2020-08-24,,Infrastructure,Post-IPO,36,Australia
Docly,"London,Non-U.S.",8,2020-08-19,0.8,Healthcare,Seed,16,United Kingdom
Lumina Networks,SF Bay Area,,2020-08-18,1.0,Infrastructure,Series A,10,United States
Shopify,"Ottawa,Non-U.S.",30,2020-08-14,,Retail,Post-IPO,122,Canada
Mozilla,SF Bay Area,250,2020-08-11,0.25,Consumer,Unknown,2,United States
Eatsy,"Singapore,Non-U.S.",20,2020-08-08,1.0,Food,Seed,1,Singapore
Glossier,New York City,150,2020-08-07,0.38,Retail,Series D,186,United States
Thriver,"Toronto,Non-U.S.",75,2020-08-06,0.5,Food,Series B,53,Canada
Vesta,Atlanta,56,2020-08-05,,Sales,Unknown,20,United States
Booking.com,"Amsterdam,Non-U.S.",4375,2020-07-30,0.25,Travel,Acquired,,Netherlands
Buy.com / Rakuten,SF Bay Area,87,2020-07-30,1.0,Retail,Acquired,42,United States
Procore,Los Angeles,180,2020-07-28,0.09,Construction,Unknown,649,United States
Swiggy,"Bengaluru,Non-U.S.",350,2020-07-27,0.05,Food,Series I,1600,India
Zeitgold,"Berlin,Non-U.S.",75,2020-07-27,0.72,Finance,Series B,60,Germany
Checkr,SF Bay Area,64,2020-07-23,0.12,HR,Series D,309,United States
Sorabel,"Jakarta,Non-U.S.",,2020-07-23,1.0,Retail,Series B,27,Indonesia
LinkedIn,SF Bay Area,960,2020-07-21,0.06,Recruiting,Acquired,154,United States
Lighter Capital,Seattle,22,2020-07-20,0.49,Finance,Series B,15,United States
Curefit,"Bengaluru,Non-U.S.",120,2020-07-17,,Fitness,Series D,405,India
Optimizely,SF Bay Area,60,2020-07-15,0.15,Marketing,Series D,251,United States
Skyscanner,"Edinburgh,Non-U.S.",300,2020-07-14,0.2,Travel,Acquired,197,United Kingdom
Yelp,SF Bay Area,63,2020-07-13,,Consumer,Post-IPO,56,United States
Bizongo,"Mumbai,Non-U.S.",140,2020-07-10,,Logistics,Series C,70,India
Zilingo,"Singapore,Non-U.S.",100,2020-07-09,0.12,Retail,Series D,307,Singapore
PaySense,"Mumbai,Non-U.S.",40,2020-07-09,,Finance,Acquired,26,India
Funding Circle,SF Bay Area,85,2020-07-08,,Finance,Post-IPO,746,United States
The Wing,New York City,56,2020-07-01,,Real Estate,Series C,117,United States
Sharethrough,SF Bay Area,18,2020-07-01,,Marketing,Series D,38,United States
Kongregate,SF Bay Area,12,2020-07-01,,Media,Series C,19,United States
Havenly,Denver,5,2020-07-01,,Consumer,Series C,58,United States
G2,Chicago,17,2020-06-30,0.05,Marketing,Series C,101,United States
Katerra,SF Bay Area,400,2020-06-29,0.07,Construction,Series E,1300,United States
Bounce,"Bengaluru,Non-U.S.",130,2020-06-29,0.22,Transportation,Series D,214,India
Argo AI,"Munich,Non-U.S.",100,2020-06-29,,Transportation,Unknown,3600,Germany
Bossa Nova,SF Bay Area,61,2020-06-29,,Retail,Unknown,102,United States
New Relic,Portland,20,2020-06-29,,Infrastructure,Post-IPO,215,United States
Engine eCommerce,Fayetteville,,2020-06-28,1.0,Retail,Unknown,4,United States
GoDaddy,Austin,451,2020-06-24,0.06,Marketing,Post-IPO,,United States
Sonos,New York City,174,2020-06-24,0.12,Consumer,Post-IPO,455,United States
Gojek,"Jakarta,Non-U.S.",430,2020-06-23,0.09,Transportation,Series F,4800,Indonesia
ScaleFactor,Austin,90,2020-06-23,0.9,Finance,Series C,103,United States
Dark,SF Bay Area,6,2020-06-23,1.0,Product,Seed,3,United States
Intuit,SF Bay Area,715,2020-06-22,0.07,Finance,Post-IPO,18,United States
WeWork,"London,Non-U.S.",200,2020-06-19,,Real Estate,Series H,19500,United Kingdom
Atlas Obscura,New York City,15,2020-06-18,,Media,Series B,32,United States
Navi,"Bengaluru,Non-U.S.",40,2020-06-17,0.25,Finance,Private Equity,582,India
PaisaBazaar,"Gurugram,Non-U.S.",1500,2020-06-16,0.5,Finance,Series G,496,India
Grab,"Singapore,Non-U.S.",360,2020-06-16,0.05,Transportation,Series I,9900,Singapore
Splunk,SF Bay Area,70,2020-06-16,0.01,Data,Post-IPO,40,United States
Redox,Madison,44,2020-06-16,0.25,Healthcare,Series C,50,United States
Conga,Denver,,2020-06-15,0.11,Data,Acquired,117,United States
Stockwell AI,SF Bay Area,,2020-06-15,1.0,Retail,Series B,10,United States
Uber,"Amsterdam,Non-U.S.",225,2020-06-12,0.25,Transportation,Post-IPO,24700,Netherlands
SynapseFI,SF Bay Area,63,2020-06-12,0.48,Finance,Series B,50,United States
ScaleFocus,"Sofia,Non-U.S.",120,2020-06-11,0.1,Infrastructure,Unknown,,Bulgaria
Branch,New York City,3,2020-06-11,0.27,Retail,Seed,2,United States
Her Campus Media,Boston,10,2020-06-10,0.18,Media,Unknown,,United States
Integrate.ai,"Toronto,Non-U.S.",26,2020-06-09,,Support,Unknown,40,Canada
The Athletic,SF Bay Area,46,2020-06-05,0.08,Media,Series D,139,United States
Ethos Life,SF Bay Area,18,2020-06-05,0.14,Finance,Series C,106,United States
Lastline,SF Bay Area,50,2020-06-04,0.4,Security,Series C,52,United States
Builder,Los Angeles,39,2020-06-04,0.14,Product,Series A,29,United States
Monzo,"London,Non-U.S.",120,2020-06-03,0.08,Finance,Series F,324,United Kingdom
Kitty Hawk,SF Bay Area,70,2020-06-03,,Aerospace,Unknown,1,United States
SpotHero,Chicago,40,2020-06-03,0.21,Transportation,Series D,117,United States
Credit Sesame,SF Bay Area,22,2020-06-03,0.14,Finance,Series F,120,United States
Circ,"Berlin,Non-U.S.",100,2020-06-02,,Transportation,Acquired,55,Germany
Rivian,Detroit,40,2020-06-02,0.02,Transportation,Private Equity,3100,United States
Fundbox,SF Bay Area,14,2020-06-02,0.15,Finance,Series C,453,United States
Descartes Labs,Santa Fe,12,2020-06-02,0.16,Data,Series B,58,United States
MakerBot,New York City,12,2020-06-02,,Consumer,Acquired,10,United States
Stitch Fix,SF Bay Area,1400,2020-06-01,0.18,Retail,Post-IPO,79,United States
MakeMyTrip,"Gurugram,Non-U.S.",350,2020-06-01,0.1,Travel,Post-IPO,548,India
CrowdStreet,Portland,24,2020-06-01,0.22,Real Estate,Series C,24,United States
Brex,SF Bay Area,62,2020-05-29,0.15,Finance,Series C,732,United States
Loftium,Seattle,32,2020-05-29,0.6,Real Estate,Series A,17,United States
BookMyShow,"Mumbai,Non-U.S.",270,2020-05-28,0.18,Consumer,Unknown,224,India
TrueCar,Los Angeles,219,2020-05-28,0.3,Transportation,Post-IPO,340,United States
StubHub,SF Bay Area,200,2020-05-28,,Consumer,Acquired,19,United States
Culture Amp,"Melbourne,Non-U.S.",36,2020-05-28,0.08,HR,Series E,157,Australia
The Sill,New York City,20,2020-05-28,0.25,Retail,Series A,7,United States
Instructure,Salt Lake City,150,2020-05-27,0.12,Education,Acquired,89,United States
Ebanx,"Curitiba,Non-U.S.",62,2020-05-27,0.08,Finance,Unknown,30,Brazil
Uber,Bengaluru,600,2020-05-26,0.23,Transportation,Post-IPO,24700,India
Bluprint,Denver,137,2020-05-26,1.0,Education,Acquired,108,United States
Acorns,Portland,50,2020-05-26,,Finance,Unknown,207,United States
CarDekho,"Gurugram,Non-U.S.",200,2020-05-25,,Transportation,Series D,247,India
Teamwork,"Cork,Non-U.S.",21,2020-05-22,,Other,Unknown,,Ireland
Cvent,Washington D.C.,400,2020-05-21,0.1,Marketing,Acquired,146,United States
PickYourTrail,"Chennai,Non-U.S.",70,2020-05-21,0.35,Travel,Series A,3,India
Glitch,New York City,18,2020-05-21,0.36,Product,Series A,30,United States
Ola,"Bengaluru,Non-U.S.",1400,2020-05-20,0.35,Transportation,Series J,3800,India
Samsara,SF Bay Area,300,2020-05-20,0.18,Logistics,Series F,530,United States
Stay Alfred,Spokane,221,2020-05-20,1.0,Travel,Series B,62,United States
SoFi,SF Bay Area,112,2020-05-20,0.07,Finance,Private Equity,2500,United States
ShareChat,"Bengaluru,Non-U.S.",101,2020-05-20,0.25,Marketing,Series D,222,India
Intercom,SF Bay Area,39,2020-05-20,0.06,Support,Series D,240,United States
Livspace,"Bengaluru,Non-U.S.",450,2020-05-19,0.15,Retail,Series D,157,India
Pollen,"London,Non-U.S.",69,2020-05-19,0.31,Travel,Series B,88,United Kingdom
Dotscience,"London,Non-U.S.",10,2020-05-19,1.0,Product,Unknown,,United Kingdom
Uber,SF Bay Area,3000,2020-05-18,0.13,Transportation,Post-IPO,24700,United States
Agoda,"Singapore,Non-U.S.",1500,2020-05-18,0.25,Travel,Acquired,,Singapore
Swiggy,"Bengaluru,Non-U.S.",1100,2020-05-18,0.14,Food,Series I,1600,India
WeWork,"New Delhi,Non-U.S.",100,2020-05-18,0.2,Real Estate,Series H,19500,India
Rubrik,SF Bay Area,57,2020-05-18,,Infrastructure,Series E,553,United States
Intapp,SF Bay Area,45,2020-05-18,0.05,Legal,Private Equity,,United States
Datera,SF Bay Area,,2020-05-18,0.1,Infrastructure,Series C,63,United States
Magicbricks,"Noida,Non-U.S.",250,2020-05-17,,Real Estate,Unknown,300,India
Zomato,"Gurugram,Non-U.S.",520,2020-05-15,0.13,Food,Series J,914,India
Lendingkart,"Ahmedabad,Non-U.S.",500,2020-05-15,0.5,Finance,Unknown,200,India
Lattice,SF Bay Area,16,2020-05-15,0.1,HR,Series C,49,United States
Masse,New York City,,2020-05-15,1.0,Retail,Seed,3,United States
Cruise,SF Bay Area,150,2020-05-14,0.08,Transportation,Acquired,5300,United States
Quartz,New York City,80,2020-05-14,0.4,Media,Acquired,,United States
Integral Ad Science,New York City,70,2020-05-14,0.1,Marketing,Acquired,116,United States
Ridecell,SF Bay Area,35,2020-05-14,0.15,Transportation,Series B,73,United States
Veem,SF Bay Area,30,2020-05-14,,Finance,Unknown,69,United States
TicketSwap,"Amsterdam,Non-U.S.",,2020-05-14,0.3,Consumer,Unknown,8,Netherlands
Deliv,SF Bay Area,669,2020-05-13,1.0,Retail,Series C,80,United States
Mercos,"Joinville,Non-U.S.",51,2020-05-13,0.4,Sales,Unknown,2,Brazil
Kickstarter,New York City,25,2020-05-13,0.18,Finance,Unknown,10,United States
Intersect,"Toronto,Non-U.S.",19,2020-05-13,0.11,Product,Acquired,,Canada
Mode Analytics,SF Bay Area,17,2020-05-13,,Data,Series C,46,United States
WeFit,"Hanoi,Non-U.S.",,2020-05-13,1.0,Fitness,Seed,1,Vietnam
Zymergen,SF Bay Area,,2020-05-13,0.1,Other,Series C,574,United States
Stone,"Sao Paulo,Non-U.S.",1300,2020-05-12,0.2,Finance,Post-IPO,,Brazil
Zeus Living,SF Bay Area,73,2020-05-12,0.5,Real Estate,Series B,79,United States
Mixpanel,SF Bay Area,65,2020-05-12,0.19,Data,Series B,77,United States
Hireology,Chicago,36,2020-05-12,0.17,Recruiting,Series D,52,United States
Top Hat,"Toronto,Non-U.S.",16,2020-05-12,0.03,Education,Series D,104,Canada
Revolut,"London,Non-U.S.",60,2020-05-11,0.03,Finance,Series D,837,United Kingdom
Cadre,New York City,28,2020-05-11,0.25,Real Estate,Series C,133,United States
N26,New York City,9,2020-05-08,0.01,Finance,Series D,782,United States
Jump,New York City,500,2020-05-07,1.0,Transportation,Acquired,11,United States
Glassdoor,SF Bay Area,300,2020-05-07,0.3,Recruiting,Acquired,204,United States
Numbrs,"Zurich,Non-U.S.",62,2020-05-07,0.5,Finance,Series B,78,Switzerland
Flywire,Boston,60,2020-05-07,0.12,Finance,Series E,263,United States
SalesLoft,Atlanta,55,2020-05-07,,Sales,Series D,145,United States
Tally,SF Bay Area,28,2020-05-07,0.23,Finance,Series C,92,United States
Airy Rooms,"Jakarta,Non-U.S.",,2020-05-07,1.0,Travel,Unknown,,Indonesia
Uber,SF Bay Area,3700,2020-05-06,0.14,Transportation,Post-IPO,24700,United States
Validity,Boston,130,2020-05-06,0.33,Data,Private Equity,,United States
Flatiron School,New York City,100,2020-05-06,,Education,Acquired,15,United States
Rubicon Project,Los Angeles,50,2020-05-06,0.08,Marketing,Post-IPO,60,United States
Segment,SF Bay Area,50,2020-05-06,0.1,Data,Series D,283,United States
OPay,"Lagos,Non-U.S.",,2020-05-06,0.7,Finance,Series B,170,Nigeria
Airbnb,SF Bay Area,1900,2020-05-05,0.25,Travel,Private Equity,5400,United States
Juul,SF Bay Area,900,2020-05-05,0.3,Consumer,Unknown,1500,United States
Andela,New York City,135,2020-05-05,0.1,Recruiting,Series D,181,United States
Stack Overflow,New York City,40,2020-05-05,0.15,Recruiting,Series D,68,United States
Pipedrive,"Tallinn,Non-U.S.",31,2020-05-05,,Sales,Series C,90,Estonia
Workable,Boston,25,2020-05-05,0.1,Recruiting,Series C,84,United States
Curefit,"Bengaluru,Non-U.S.",800,2020-05-04,0.16,Fitness,Series D,404,India
Careem,"Dubai,Non-U.S.",536,2020-05-04,0.31,Transportation,Acquired,771,United Arab Emirates
Oriente,"Hong Kong,Non-U.S.",400,2020-05-04,0.2,Finance,Series B,175,Hong Kong
Veriff,"Tallinn,Non-U.S.",63,2020-05-04,0.21,Security,Series A,7,Estonia
Element AI,"Montreal,Non-U.S.",62,2020-05-04,0.15,Other,Series B,257,Canada
Deputy,"Sydney,Non-U.S.",60,2020-05-04,0.3,HR,Series B,106,Australia
Loopio,"Toronto,Non-U.S.",11,2020-05-04,0.08,Sales,Series A,11,Canada
Castlight Health,SF Bay Area,,2020-05-04,0.13,Healthcare,Post-IPO,184,United States
Trax,"Tel Aviv,Non-U.S.",120,2020-05-03,0.1,Retail,Series D,386,Israel
LiveTiles,New York City,50,2020-05-03,,Other,Post-IPO,46,United States
OYO,"London,Non-U.S.",150,2020-05-01,,Travel,Series F,2400,United Kingdom
Namely,New York City,110,2020-05-01,0.4,HR,Series E,217,United States
Culture Trip,"London,Non-U.S.",95,2020-05-01,0.32,Media,Series B,102,United Kingdom
Sandbox VR,SF Bay Area,80,2020-05-01,0.8,Consumer,Series A,82,United States
Virtudent,Boston,70,2020-05-01,,Healthcare,Series A,10,United States
Monese,"Lisbon,Non-U.S.",35,2020-05-01,,Finance,Unknown,80,Portugal
TheSkimm,New York City,26,2020-05-01,0.2,Media,Series C,28,United States
Automatic,SF Bay Area,,2020-05-01,1.0,Transportation,Acquired,24,United States
Bullhorn,Boston,100,2020-04-30,,Sales,Acquired,32,United States
Care.com,Boston,81,2020-04-30,,Consumer,Acquired,156,United States
Fandom,SF Bay Area,,2020-04-30,0.14,Media,Series E,145,United States
PicoBrew,Seattle,,2020-04-30,1.0,Food,Series A,15,United States
Lyft,SF Bay Area,982,2020-04-29,0.17,Transportation,Post-IPO,4900,United States
WeWork,SF Bay Area,300,2020-04-29,,Real Estate,Series H,2250,United States
Kayak / OpenTable,Stamford,160,2020-04-29,0.08,Travel,Acquired,229,United States
Kitopi,New York City,124,2020-04-29,,Food,Series B,89,United States
Lime,SF Bay Area,80,2020-04-29,0.13,Transportation,Series D,765,United States
Transfix,New York City,24,2020-04-29,0.1,Logistics,Series D,128,United States
TripAdvisor,Boston,900,2020-04-28,0.25,Travel,Post-IPO,3,United States
Renmoney,"Lagos,Non-U.S.",391,2020-04-28,0.5,Finance,Unknown,,Nigeria
Deliveroo,"London,Non-U.S.",367,2020-04-28,0.15,Food,Series G,1500,United Kingdom
App Annie,SF Bay Area,80,2020-04-28,0.18,Data,Unknown,156,United States
OpenX,Los Angeles,35,2020-04-28,0.15,Marketing,Unknown,70,United States
PayJoy,SF Bay Area,27,2020-04-28,0.25,Finance,Series B,71,United States
Shipsi,Los Angeles,20,2020-04-28,0.5,Retail,Seed,2,United States
Migo,SF Bay Area,,2020-04-28,0.25,Finance,Series B,37,United States
Automation Anywhere,SF Bay Area,260,2020-04-27,0.1,Other,Series B,840,United States
JetClosing,Seattle,20,2020-04-27,0.2,Real Estate,Series A,24,United States
Qwick,Phoenix,,2020-04-27,0.7,Recruiting,Seed,4,United States
OYO,"Sao Paulo,Non-U.S.",500,2020-04-25,,Travel,Series F,2400,Brazil
Stoqo,"Jakarta,Non-U.S.",250,2020-04-25,1.0,Food,Series A,,Indonesia
Submittable,Missoula,30,2020-04-25,0.2,Other,Series B,17,United States
Divergent 3D,Los Angeles,57,2020-04-24,0.36,Transportation,Series B,88,United States
Ada Support,"Toronto,Non-U.S.",36,2020-04-24,0.23,Support,Series B,60,Canada
UPshow,Chicago,19,2020-04-24,0.3,Marketing,Series A,7,United States
Lighter Capital,Seattle,18,2020-04-24,0.22,Finance,Series B,15,United States
Horizn Studios,"Berlin,Non-U.S.",15,2020-04-24,0.25,Travel,Series B,30,Germany
Welkin Health,SF Bay Area,10,2020-04-24,0.33,Healthcare,Series B,29,United States
Jiobit,Chicago,6,2020-04-24,0.21,Consumer,Unknown,12,United States
TutorMundi,"Sao Paulo,Non-U.S.",4,2020-04-24,1.0,Education,Series A,2,Brazil
StockX,Detroit,100,2020-04-23,0.12,Retail,Series C,160,United States
Zenefits,SF Bay Area,87,2020-04-23,0.15,HR,Series C,583,United States
Sisense,New York City,80,2020-04-23,0.09,Data,Series F,274,United States
Oscar Health,New York City,70,2020-04-23,0.05,Healthcare,Unknown,1300,United States
Simon Data,New York City,6,2020-04-23,,Marketing,Series C,68,United States
Convoy,Seattle,,2020-04-23,0.01,Logistics,Series D,665,United States
Magic Leap,Miami,1000,2020-04-22,0.5,Consumer,Series E,2600,United States
When I Work,Minneapolis,55,2020-04-22,0.35,HR,Series B,24,United States
Ike,SF Bay Area,10,2020-04-22,0.14,Transportation,Series A,52,United States
Airy Rooms,"Jakarta,Non-U.S.",,2020-04-22,0.7,Travel,Unknown,,Indonesia
Nearmap,"Sydney,Non-U.S.",,2020-04-22,0.1,Construction,Post-IPO,15,Australia
Swiggy,"Bengaluru,Non-U.S.",800,2020-04-21,,Food,Series I,1600,India
Paytm,"New Delhi,Non-U.S.",500,2020-04-21,,Finance,Unknown,2200,India
Lending Club,SF Bay Area,460,2020-04-21,0.3,Finance,Post-IPO,392,United States
Houzz,SF Bay Area,155,2020-04-21,0.1,Consumer,Series E,613,United States
Casper,New York City,78,2020-04-21,0.21,Retail,Post-IPO,339,United States
RealSelf,Seattle,40,2020-04-21,0.13,Healthcare,Series B,42,United States
Freshbooks,"Toronto,Non-U.S.",38,2020-04-21,0.09,Finance,Series B,75,Canada
Patreon,SF Bay Area,30,2020-04-21,0.13,Media,Series D,165,United States
Lambda School,SF Bay Area,19,2020-04-21,,Education,Series B,48,United States
Politico / Protocol,Washington D.C.,13,2020-04-21,,Media,Unknown,,United States
Bringg,"Tel Aviv,Non-U.S.",10,2020-04-21,0.1,Logistics,Series D,84,Israel
Klook,"Hong Kong,Non-U.S.",300,2020-04-20,0.15,Travel,Series D,521,Hong Kong
ConsenSys,New York City,91,2020-04-20,0.14,Crypto,Unknown,10,United States
GumGum,Los Angeles,90,2020-04-20,0.25,Marketing,Series D,58,United States
Kueski,"Guadalajara,Non-U.S.",90,2020-04-20,0.3,Finance,Series B,38,Mexico
Movidesk,"Blumenau,Non-U.S.",33,2020-04-20,0.25,Support,Seed,1,Brazil
Zum,SF Bay Area,28,2020-04-20,,Transportation,Series C,71,United States
Komodo Health,SF Bay Area,23,2020-04-20,0.09,Healthcare,Series C,50,United States
Forward,SF Bay Area,10,2020-04-20,0.03,Healthcare,Series C,100,United States
Hipcamp,SF Bay Area,,2020-04-20,0.6,Travel,Series B,41,United States
Motif Investing,SF Bay Area,,2020-04-18,1.0,Finance,Series E,126,United States
BlackBuck,"Bengaluru,Non-U.S.",200,2020-04-17,,Logistics,Series D,293,India
ContaAzul,"Joinville,Non-U.S.",140,2020-04-17,0.35,Education,Series D,37,Brazil
Greenhouse,New York City,120,2020-04-17,0.28,Recruiting,Series D,110,United States
QuintoAndar,"Sao Paulo,Non-U.S.",88,2020-04-17,0.08,Real Estate,Series D,335,Brazil
Loft,"Sao Paulo,Non-U.S.",47,2020-04-17,0.1,Real Estate,Series C,263,Brazil
Zilingo,"Singapore,Non-U.S.",44,2020-04-17,0.05,Retail,Series D,307,Singapore
Labster,"Copenhagen,Non-U.S.",40,2020-04-17,,Education,Series B,34,Denmark
Sweetgreen,Los Angeles,35,2020-04-17,0.1,Food,Series I,478,United States
People.ai,SF Bay Area,30,2020-04-17,0.18,Marketing,Series C,100,United States
Tor,Boston,13,2020-04-17,0.37,Security,Unknown,1,United States
BitGo,SF Bay Area,,2020-04-17,0.12,Crypto,Series B,69,United States
Dispatch,Boston,,2020-04-17,0.38,Other,Series A,18,United States
CarGurus,Boston,130,2020-04-16,0.13,Transportation,Post-IPO,1,United States
Funding Societies,"Singapore,Non-U.S.",65,2020-04-16,0.18,Finance,Series B,42,Singapore
CleverTap,"Mumbai,Non-U.S.",60,2020-04-16,0.2,Marketing,Series C,76,India
Purse,SF Bay Area,,2020-04-16,1.0,Crypto,Seed,1,United States
Opendoor,SF Bay Area,600,2020-04-15,0.35,Real Estate,Series E,1500,United States
GoPro,SF Bay Area,200,2020-04-15,0.2,Consumer,Post-IPO,288,United States
Shop101,"Mumbai,Non-U.S.",200,2020-04-15,0.4,Retail,Series C,19,India
Zume,SF Bay Area,200,2020-04-15,0.67,Food,Unknown,423,United States
Carta,SF Bay Area,161,2020-04-15,0.16,Finance,Series E,447,United States
Akulaku,"Jakarta,Non-U.S.",100,2020-04-15,,Finance,Series D,160,Indonesia
Parsable,SF Bay Area,40,2020-04-15,0.25,HR,Series C,72,United States
Kodiak Robotics,SF Bay Area,15,2020-04-15,0.2,Transportation,Series A,40,United States
Tulip Retail,"Toronto,Non-U.S.",14,2020-04-15,,Retail,Series B,51,Canada
Trove Recommerce,SF Bay Area,13,2020-04-15,,Retail,Series C,34,United States
Dude Solutions,Raleigh,,2020-04-15,0.2,Other,Acquired,100,United States
SweetEscape,"Jakarta,Non-U.S.",,2020-04-15,0.3,Consumer,Series A,7,Indonesia
The RealReal,SF Bay Area,235,2020-04-14,0.1,Retail,Post-IPO,358,United States
TouchBistro,"Toronto,Non-U.S.",131,2020-04-14,0.23,Food,Series E,224,Canada
Envoy,SF Bay Area,58,2020-04-14,0.3,HR,Series B,59,United States
VSCO,SF Bay Area,45,2020-04-14,0.35,Consumer,Series B,90,United States
Skillz,SF Bay Area,21,2020-04-14,,Consumer,Series D,132,United States
DataStax,SF Bay Area,15,2020-04-14,,Data,Series E,190,United States
Xerpa,"Sao Paulo,Non-U.S.",10,2020-04-14,,HR,Unknown,5,Brazil
Groupon,Chicago,2800,2020-04-13,0.44,Retail,Post-IPO,1400,United States
Zoox,SF Bay Area,100,2020-04-13,0.1,Transportation,Series B,955,United States
Neon,"Sao Paulo,Non-U.S.",70,2020-04-13,0.1,Finance,Series B,120,Brazil
EasyPost,SF Bay Area,50,2020-04-13,0.25,Logistics,Series A,12,United States
Clearbanc,"Toronto,Non-U.S.",17,2020-04-13,0.08,Finance,Series B,119,Canada
Meow Wolf,Santa Fe,201,2020-04-10,,Media,Unknown,185,United States
Frontdesk,Milwaukee,35,2020-04-10,0.16,Travel,Unknown,3,United States
BeeTech,"Sao Paulo,Non-U.S.",30,2020-04-10,,Finance,Series B,14,Brazil
Built In,Chicago,28,2020-04-10,,Recruiting,Series C,29,United States
NuoDB,Boston,20,2020-04-10,0.29,Data,Unknown,85,United States
Rhumbix,SF Bay Area,16,2020-04-10,0.27,Construction,Series B,35,United States
Atsu,Seattle,6,2020-04-10,1.0,Infrastructure,Unknown,1,United States
Geekwire,Seattle,5,2020-04-10,0.31,Media,Unknown,,United States
Yelp,SF Bay Area,1000,2020-04-09,0.17,Consumer,Post-IPO,56,United States
Monzo,Las Vegas,165,2020-04-09,,Finance,Series F,324,United States
OneTrust,Atlanta,150,2020-04-09,0.1,Legal,Series B,410,United States
Omie,"Sao Paulo,Non-U.S.",136,2020-04-09,0.31,Finance,Series B,26,Brazil
Domo,Salt Lake City,90,2020-04-09,0.1,Data,Post-IPO,689,United States
Matterport,SF Bay Area,90,2020-04-09,0.34,Data,Series D,114,United States
Clinc,Ann Arbor,40,2020-04-09,0.32,Support,Series B,59,United States
Mejuri,"Toronto,Non-U.S.",36,2020-04-09,0.15,Retail,Series B,28,Canada
Code42,Minneapolis,25,2020-04-09,0.05,Data,Series B,138,United States
Lighthouse Labs,"Toronto,Non-U.S.",14,2020-04-09,0.07,Education,Unknown,,Canada
LoopMe,"London,Non-U.S.",8,2020-04-09,0.04,Marketing,Unknown,32,United Kingdom
Elliptic,"London,Non-U.S.",,2020-04-09,0.3,Crypto,Series B,40,United Kingdom
Eventbrite,SF Bay Area,500,2020-04-08,0.45,Consumer,Post-IPO,332,United States
Meesho,"Bengaluru,Non-U.S.",200,2020-04-08,0.28,Retail,Series D,215,India
Scoop,SF Bay Area,92,2020-04-08,0.33,Transportation,Series C,95,United States
Unison,SF Bay Area,89,2020-04-08,0.45,Finance,Series B,40,United States
Lever,SF Bay Area,86,2020-04-08,0.4,Recruiting,Series C,72,United States
Unbabel,"Lisbon,Non-U.S.",80,2020-04-08,0.35,Support,Series C,91,Portugal
Button,New York City,48,2020-04-08,0.35,Marketing,Series C,64,United States
Eden / Managed By Q,New York City,40,2020-04-08,0.4,Real Estate,Series B,40,United States
Quantcast,SF Bay Area,30,2020-04-08,0.05,Marketing,Series C,65,United States
BVAccel,San Diego,25,2020-04-08,0.25,Marketing,Unknown,,United States
VideoAmp,Los Angeles,21,2020-04-08,0.1,Marketing,Series C,106,United States
Kenoby,"Sao Paulo,Non-U.S.",18,2020-04-08,0.16,Recruiting,Unknown,23,Brazil
Connected,"Toronto,Non-U.S.",17,2020-04-08,0.1,Product,Unknown,,Canada
GetNinjas,"Sao Paulo,Non-U.S.",11,2020-04-08,0.1,Consumer,Series B,16,Brazil
Spyce,Boston,4,2020-04-08,0.12,Food,Series A,26,United States
Creditas,"Sao Paulo,Non-U.S.",,2020-04-08,0.06,Finance,Series D,314,Brazil
RedDoorz,"Singapore,Non-U.S.",,2020-04-08,0.1,Travel,Series C,134,Singapore
Zola,New York City,,2020-04-08,0.2,Retail,Series D,140,United States
Toast,Boston,1300,2020-04-07,0.5,Food,Series F,902,United States
ezCater,Boston,400,2020-04-07,0.44,Food,Series D,319,United States
Sage Therapeutics,Boston,340,2020-04-07,0.53,Healthcare,Post-IPO,438,United States
Redfin,Seattle,236,2020-04-07,0.07,Real Estate,Post-IPO,319,United States
Branch Metrics,SF Bay Area,100,2020-04-07,0.2,Marketing,Series E,367,United States
Newfront Insurance,SF Bay Area,94,2020-04-07,,Finance,Unknown,,United States
Ibotta,Denver,87,2020-04-07,0.15,Retail,Series D,85,United States
Virta Health,SF Bay Area,65,2020-04-07,,Healthcare,Series C,175,United States
Away,New York City,60,2020-04-07,0.1,Retail,Series D,181,United States
MediaMath,New York City,53,2020-04-07,0.08,Marketing,Private Equity,607,United States
Group Nine Media,New York City,50,2020-04-07,0.07,Media,Unknown,190,United States
Payfactors,Boston,46,2020-04-07,,HR,Unknown,,United States
Nav,Salt Lake City,30,2020-04-07,,Finance,Series C,99,United States
Metromile,SF Bay Area,100,2020-04-06,0.33,Finance,Series E,293,United States
Rock Content,"Belo Horizonte,Non-U.S.",100,2020-04-06,0.2,Marketing,Series A,1,Brazil
BounceX,New York City,77,2020-04-06,0.2,Marketing,Series B,75,United States
C6 Bank,"Sao Paulo,Non-U.S.",60,2020-04-06,0.06,Finance,Unknown,,Brazil
Wordstream,Boston,26,2020-04-06,0.1,Marketing,Acquired,28,United States
Cogito,Boston,24,2020-04-06,0.14,Support,Series C,92,United States
BusBud,"Montreal,Non-U.S.",23,2020-04-06,0.32,Transportation,Series B,21,Canada
Borrowell,"Toronto,Non-U.S.",15,2020-04-06,0.2,Finance,Series B,72,Canada
PerkSpot,Chicago,10,2020-04-06,0.1,HR,Private Equity,50,United States
Astra,SF Bay Area,40,2020-04-05,0.25,Aerospace,Unknown,100,United States
Iflix,"Kuala Lumpur,Non-U.S.",50,2020-04-04,0.12,Consumer,Unknown,348,Malaysia
Gympass,"Sao Paulo,Non-U.S.",467,2020-04-03,0.33,Fitness,Series D,300,Brazil
Sojern,SF Bay Area,300,2020-04-03,0.5,Marketing,Series D,162,United States
MaxMilhas,"Belo Horizonte,Non-U.S.",167,2020-04-03,0.42,Travel,Unknown,,Brazil
Minted,SF Bay Area,147,2020-04-03,0.37,Retail,Series E,297,United States
Velodyne Lidar,SF Bay Area,140,2020-04-03,,Transportation,Unknown,225,United States
Zoox,SF Bay Area,120,2020-04-03,,Transportation,Series B,955,United States
Traveloka,"Jakarta,Non-U.S.",100,2020-04-03,0.1,Travel,Unknown,,Indonesia
Arrive Logistics,Austin,75,2020-04-03,0.07,Logistics,Series B,35,United States
Salsify,Boston,60,2020-04-03,0.13,Retail,Series D,97,United States
Jetty,New York City,35,2020-04-03,0.4,Finance,Series B,40,United States
D2iQ,SF Bay Area,34,2020-04-03,0.13,Infrastructure,Series D,247,United States
Bustle Digital Group,New York City,24,2020-04-03,0.08,Media,Series E,80,United States
Bustle Digital Group,New York City,19,2020-04-03,,Media,Series E,80,United States
Opencare,"Toronto,Non-U.S.",18,2020-04-03,0.25,Healthcare,Series A,24,Canada
Anagram,Los Angeles,17,2020-04-03,,Healthcare,Series A,14,United States
G/O Media Group,New York City,14,2020-04-03,0.05,Media,Unknown,,United States
DSCO,Salt Lake City,12,2020-04-03,,Retail,Series A,4,United States
Tripbam,Dallas,10,2020-04-03,0.25,Travel,Unknown,,United States
Avantage Entertainment,Minneapolis,5,2020-04-03,0.2,Media,Unknown,,United States
The Wing,New York City,,2020-04-03,0.5,Real Estate,Series C,117,United States
MindBody,San Luis Obispo,700,2020-04-02,0.35,Fitness,Post-IPO,114,United States
Katerra,SF Bay Area,240,2020-04-02,0.03,Construction,Series D,1200,United States
Ritual,"Toronto,Non-U.S.",196,2020-04-02,0.54,Food,Series C,112,Canada
ClassPass,New York City,154,2020-04-02,0.22,Fitness,Series E,549,United States
eGym,"Munich,Non-U.S.",100,2020-04-02,0.25,Fitness,Series D,109,Germany
Voi,"Stockholm,Non-U.S.",100,2020-04-02,,Transportation,Series B,167,Sweden
Industrious,New York City,90,2020-04-02,0.2,Real Estate,Series D,222,United States
1stdibs,New York City,70,2020-04-02,0.17,Retail,Series D,253,United States
ThirdLove,SF Bay Area,65,2020-04-02,0.3,Retail,Series B,68,United States
Latch,New York City,60,2020-04-02,,Security,Series B,152,United States
The Predictive Index,Boston,59,2020-04-02,0.25,HR,Acquired,65,United States
Shuttl,"New Delhi,Non-U.S.",40,2020-04-02,,Transportation,Series C,122,India
Jobcase,Boston,39,2020-04-02,0.2,Recruiting,Private Equity,118,United States
Copper,SF Bay Area,35,2020-04-02,,Marketing,Series C,102,United States
Dynamic Signal,SF Bay Area,35,2020-04-02,0.19,HR,Series E,114,United States
FiscalNote,Washington D.C.,30,2020-04-02,,Media,Series D,50,United States
Sauce Labs,SF Bay Area,30,2020-04-02,0.15,Infrastructure,Unknown,151,United States
Humu,SF Bay Area,26,2020-04-02,,HR,Series B,40,United States
TripleLift,New York City,23,2020-04-02,0.07,Marketing,Series B,16,United States
Coding Dojo,Seattle,7,2020-04-02,0.07,Education,Unknown,2,United States
Instamojo,"Bengaluru,Non-U.S.",6,2020-04-02,0.06,Finance,Unknown,8,India
Synergysuite,Salt Lake City,5,2020-04-02,0.07,Food,Series A,6,United States
Atlanta Tech Village,Atlanta,,2020-04-02,0.5,Real Estate,Unknown,,United States
The Modist,"Dubai,Non-U.S.",,2020-04-02,1.0,Retail,Unknown,,United Arab Emirates
Booksy,SF Bay Area,200,2020-04-01,,Consumer,Series B,48,United States
Flymya,"Yangon,Non-U.S.",200,2020-04-01,0.33,Travel,Unknown,,Myanmar
PatientPop,Los Angeles,100,2020-04-01,0.2,Healthcare,Series B,75,United States
Showpad,Chicago,52,2020-04-01,0.12,Marketing,Series D,159,United States
Highsnobiety,"Berlin,Non-U.S.",51,2020-04-01,0.25,Media,Series A,9,Germany
Earnin,SF Bay Area,50,2020-04-01,0.2,Finance,Series C,190,United States
Wonolo,SF Bay Area,46,2020-04-01,0.13,Recruiting,Series C,52,United States
Acko,"Mumbai,Non-U.S.",45,2020-04-01,0.09,Finance,Unknown,143,India
Moovel,Portland,28,2020-04-01,0.37,Transportation,Unknown,,United States
Aqua Security,"Tel Aviv,Non-U.S.",24,2020-04-01,0.09,Security,Series C,100,Israel
Crayon,Boston,20,2020-04-01,0.2,Marketing,Series A,16,United States
Pana,Denver,18,2020-04-01,,Travel,Series A,11,United States
Sensibill,"Toronto,Non-U.S.",17,2020-04-01,0.2,Finance,Series B,50,Canada
Usermind,Seattle,15,2020-04-01,0.25,Marketing,Series C,46,United States
Incredible Health,SF Bay Area,9,2020-04-01,0.4,Healthcare,Series A,15,United States
Le Tote,SF Bay Area,,2020-04-01,0.5,Retail,Series C,62,United States
Pebblepost,New York City,,2020-04-01,0.6,Marketing,Series C,81,United States
WhyHotel,Washington D.C.,,2020-04-01,0.5,Travel,Series B,33,United States
KeepTruckin,SF Bay Area,349,2020-03-31,0.18,Logistics,Series D,227,United States
AdRoll,Salt Lake City,210,2020-03-31,0.3,Marketing,Series C,89,United States
Rover,Seattle,194,2020-03-31,0.41,Consumer,Series G,310,United States
Turo,SF Bay Area,108,2020-03-31,0.3,Transportation,Series E,467,United States
uShip,Austin,65,2020-03-31,0.37,Logistics,Series D,69,United States
SkySlope,Sacramento,50,2020-03-31,0.25,Real Estate,Acquired,,United States
Siteimprove,Minneapolis,40,2020-03-31,,Marketing,Unknown,55,United States
AngelList,SF Bay Area,20,2020-03-31,,Recruiting,Series B,26,United States
Zenoti,Seattle,17,2020-03-31,0.04,Fitness,Series C,91,United States
DialSource,Sacramento,5,2020-03-31,0.14,Marketing,Series B,26,United States
Domio,New York City,,2020-03-31,0.3,Travel,Series B,116,United States
Kazoo,Austin,,2020-03-31,0.35,HR,Series A,8,United States
Thumbtack,SF Bay Area,250,2020-03-30,0.3,Consumer,Series F,423,United States
RigUp,Austin,120,2020-03-30,0.25,Energy,Series D,423,United States
FabHotels,"New Delhi,Non-U.S.",80,2020-03-30,0.2,Travel,Series B,48,India
Hibob,"Tel Aviv,Non-U.S.",70,2020-03-30,0.3,HR,Series A,45,Israel
PeerStreet,Los Angeles,51,2020-03-30,0.3,Finance,Series C,110,United States
Maven,Seattle,31,2020-03-30,0.09,Media,Post-IPO,77,United States
Blume Global,SF Bay Area,30,2020-03-30,0.1,Logistics,Unknown,,United States
Catalant,Boston,30,2020-03-30,,Other,Series E,110,United States
Starship Technologies,"Tallinn,Non-U.S.",30,2020-03-30,,Transportation,Series A,82,Estonia
Loftsmart,New York City,25,2020-03-30,0.75,Real Estate,Series A,18,United States
Caliva,SF Bay Area,20,2020-03-30,,Retail,Series A,75,United States
Iris Nova,New York City,9,2020-03-30,0.5,Food,Seed,15,United States
ZipRecruiter,Los Angeles,400,2020-03-29,0.39,Recruiting,Series B,219,United States
Amplero,Seattle,17,2020-03-29,1.0,Marketing,Series B,25,United States
Polarr,SF Bay Area,10,2020-03-29,,Consumer,Series A,13,United States
TravelTriangle,"Gurugram,Non-U.S.",250,2020-03-28,0.5,Travel,Series D,47,India
WeWork,New York City,250,2020-03-28,,Real Estate,Series H,2250,United States
OneWeb,"London,Non-U.S.",451,2020-03-27,0.85,Aerospace,Unknown,3000,United Kingdom
Bird,Los Angeles,406,2020-03-27,0.3,Transportation,Series D,623,United States
HOOQ,"Singapore,Non-U.S.",250,2020-03-27,1.0,Consumer,Unknown,95,Singapore
Everlane,SF Bay Area,227,2020-03-27,,Retail,Unknown,18,United States
DataRobot,Boston,200,2020-03-27,,Data,Series E,430,United States
Restaurant365,Los Angeles,175,2020-03-27,,Food,Series C,127,United States
Blueground,New York City,130,2020-03-27,0.25,Real Estate,Series B,77,United States
Knotel,New York City,127,2020-03-27,0.3,Real Estate,Series C,560,United States
Getaround,SF Bay Area,100,2020-03-27,0.25,Transportation,Series D,403,United States
Zipcar,Boston,100,2020-03-27,0.2,Transportation,Acquired,107,United States
Mogo,"Vancouver,Non-U.S.",78,2020-03-27,0.3,Finance,Post-IPO,201,Canada
DISCO,Austin,75,2020-03-27,,Legal,Series E,133,United States
Raken,San Diego,60,2020-03-27,,Construction,Series A,12,United States
Bench,"Vancouver,Non-U.S.",47,2020-03-27,0.1,Finance,Series B,49,Canada
Loft,"Sao Paulo,Non-U.S.",47,2020-03-27,,Real Estate,Series C,263,Brazil
Oh My Green,SF Bay Area,40,2020-03-27,,Food,Seed,20,United States
Bevi,Boston,30,2020-03-27,0.2,Food,Series C,60,United States
Textio,Seattle,30,2020-03-27,0.2,Recruiting,Unknown,41,United States
Opal,Portland,20,2020-03-27,,Marketing,Series B,25,United States
ThirdLove,New York City,10,2020-03-27,,Retail,Series B,68,United States
B8ta,SF Bay Area,250,2020-03-26,0.5,Retail,Series C,88,United States
Fareportal,"Gurugram,Non-U.S.",200,2020-03-26,,Travel,Unknown,,India
Puppet,Portland,50,2020-03-26,0.1,Infrastructure,Series F,149,United States
Ecobee,"Toronto,Non-U.S.",47,2020-03-26,0.1,Energy,Series C,149,Canada
Passport,Charlotte,44,2020-03-26,,Transportation,Series D,123,United States
Peerspace,SF Bay Area,41,2020-03-26,0.75,Real Estate,Series B,34,United States
GoSpotCheck,Denver,23,2020-03-26,0.2,Retail,Series B,47,United States
Consider.co,SF Bay Area,13,2020-03-26,1.0,Other,Seed,5,United States
Nativo,Los Angeles,,2020-03-26,0.4,Marketing,Series B,35,United States
TripActions,SF Bay Area,300,2020-03-25,0.25,Travel,Series D,981,United States
Lyric,SF Bay Area,100,2020-03-25,,Real Estate,Series B,179,United States
Rangle,"Toronto,Non-U.S.",78,2020-03-25,0.3,Product,Unknown,,Canada
O'Reilly Media,SF Bay Area,75,2020-03-25,0.15,Media,Unknown,,United States
WanderJaunt,SF Bay Area,56,2020-03-25,0.23,Travel,Series B,26,United States
OutboundEngine,Austin,52,2020-03-25,0.28,Marketing,Series C,48,United States
Wonderschool,SF Bay Area,50,2020-03-25,0.75,Education,Series A,24,United States
Overtime,New York City,30,2020-03-25,0.23,Media,Series B,35,United States
Jama,Portland,12,2020-03-25,0.05,Product,Unknown,233,United States
Element Analytics,SF Bay Area,10,2020-03-25,,Data,Series A,22,United States
Clutter,Los Angeles,,2020-03-25,0.3,Consumer,Series D,296,United States
Divvy Homes,SF Bay Area,,2020-03-25,0.08,Real Estate,Series B,180,United States
Sonder,SF Bay Area,400,2020-03-24,0.33,Travel,Series D,359,United States
Takl,Nashville,130,2020-03-24,,Consumer,Unknown,,United States
Foodsby,Minneapolis,87,2020-03-24,0.67,Food,Series B,20,United States
Zeus Living,SF Bay Area,80,2020-03-24,0.3,Real Estate,Series B,79,United States
TravelBank,SF Bay Area,20,2020-03-24,,Travel,Series B,35,United States
Flowr,"Toronto,Non-U.S.",,2020-03-24,0.25,Retail,Unknown,,Canada
Peerfit,Tampa Bay,,2020-03-24,0.4,HR,Unknown,47,United States
Compass,New York City,375,2020-03-23,0.15,Real Estate,Series G,1600,United States
Convene,New York City,150,2020-03-23,0.18,Real Estate,Series D,280,United States
Leafly,Seattle,91,2020-03-23,0.5,Retail,Acquired,2,United States
The Guild,Austin,38,2020-03-23,0.22,Travel,Series B,36,United States
Drip,Salt Lake City,20,2020-03-23,,Marketing,Acquired,0,United States
GrayMeta,Los Angeles,20,2020-03-23,0.4,Data,Unknown,7,United States
Triplebyte,SF Bay Area,15,2020-03-23,0.17,Recruiting,Series B,48,United States
Ladder Life,SF Bay Area,13,2020-03-23,0.25,Finance,Series C,94,United States
Cabin,SF Bay Area,,2020-03-23,0.2,Travel,Seed,3,United States
Eight Sleep,New York City,,2020-03-23,0.2,Retail,Series C,70,United States
Flywheel Sports,New York City,784,2020-03-20,0.98,Fitness,Acquired,120,United States
Peek,Salt Lake City,45,2020-03-20,,Travel,Series B,39,United States
CTO.ai,"Vancouver,Non-U.S.",30,2020-03-20,0.5,Infrastructure,Seed,7,Canada
Yonder,Austin,18,2020-03-20,,Media,Series A,16,United States
Service,Los Angeles,,2020-03-20,1.0,Travel,Seed,5,United States
Bounce,"Bengaluru,Non-U.S.",120,2020-03-19,,Transportation,Series D,214,India
Ejento,SF Bay Area,84,2020-03-19,1.0,Recruiting,Unknown,,United States
Remote Year,Chicago,50,2020-03-19,0.5,Travel,Series B,17,United States
Lola,Boston,34,2020-03-19,,Travel,Series C,81,United States
Popin,New York City,,2020-03-19,1.0,Fitness,Unknown,13,United States
Flytedesk,Boulder,4,2020-03-18,0.2,Marketing,Seed,4,United States
Inspirato,Denver,130,2020-03-16,0.22,Travel,Series C,79,United States
Help.com,Austin,16,2020-03-16,1.0,Support,Seed,6,United States
Service,Los Angeles,,2020-03-16,1.0,Travel,Seed,5,United States
HopSkipDrive,Los Angeles,8,2020-03-13,0.1,Transportation,Unknown,45,United States
Panda Squad,SF Bay Area,6,2020-03-13,0.75,Consumer,Seed,1,United States
Tamara Mellon,Los Angeles,20,2020-03-12,0.4,Retail,Series C,90,United States
EasyPost,Salt Lake City,75,2020-03-11,,Logistics,Series A,12,United States