"sale_date","quantity","product_name","price","category_name"
"2021-07-13",2,Apple TV+,404,Subscription Service
"2022-09-24",3,iPhone 13,623,Smartphone
"2023-09-30",8,Apple TV 4K,1255,Streaming Device
"2020-02-16",7,iPhone 13 Pro Max,820,Smartphone
"2023-12-25",2,Apple Watch SE,1546,Wearable
"2022-10-11",1,iCloud,1181,Subscription Service
"2022-01-21",5,iPhone 14 Pro Max,678,Smartphone
"2024-09-06",10,iPhone 13 mini,1092,Smartphone
"2022-04-08",8,MacBook Air (M1),1783,Laptop
"2022-08-29",5,MagSafe Battery Pack,1389,Accessories
"2020-03-27",10,MacBook Pro 14-inch,768,Laptop
"2023-12-28",5,AirPods Pro (2nd Generation),696,Audio
"2022-07-24",8,Beats Powerbeats Pro,1060,Audio
"2023-09-05",1,Apple TV 4K,1255,Streaming Device
"2020-07-18",6,Apple Music,1965,Subscription Service
"2024-01-15",6,Mac Mini,555,Desktop
"2021-07-01",9,iCloud,1181,Subscription Service
"2021-01-26",7,Mac Studio,613,Desktop
"2024-03-22",2,Apple TV+,404,Subscription Service
"2023-05-10",5,iPad Pro (M2),1826,Tablet
"2020-07-13",9,Smart Keyboard Folio,572,Accessories
"2023-06-21",10,iPhone 12,1436,Smartphone
"2024-03-17",8,iPhone 12 Pro Max,544,Smartphone
"2023-03-11",2,HomePod mini,438,Audio
"2023-04-16",4,MacBook Air (M1),1783,Laptop
"2023-05-13",8,Magic Keyboard,368,Accessories
"2024-06-30",7,MacBook (Early 2015),741,Laptop
"2023-11-12",3,iPad (10th Generation),1735,Tablet
"2022-02-05",3,Apple Watch Series 5,1296,Wearable
"2022-07-03",7,MagSafe Battery Pack,1389,Accessories
"2020-12-05",3,Mac Pro (Rack),1415,Desktop
"2024-02-08",1,Beats Solo Pro,1773,Audio
"2022-09-03",5,Apple Watch Series 6,462,Wearable
"2021-08-29",4,Silicone Case for iPhone,1210,Accessories
"2023-04-04",8,MacBook Air (M2),1588,Laptop
"2022-12-21",5,Apple Watch Series 9,1014,Wearable
"2024-05-31",1,iPhone 14 Pro,1380,Smartphone
"2022-04-10",8,iPhone 12 mini,1607,Smartphone
"2024-06-19",5,MacBook Pro 14-inch,768,Laptop
"2022-09-15",9,Apple TV (3rd Generation),477,Streaming Device
"2023-01-06",1,AirPods Pro,1167,Audio
"2023-11-29",3,Beats Solo Pro,1773,Audio
"2022-02-27",6,Apple Watch Series 6,462,Wearable
"2024-10-22",4,AirPods Max,1603,Audio
"2023-04-04",2,AirPods Pro,1167,Audio
"2020-02-07",5,AirPods (2nd Generation),504,Audio
"2023-03-07",10,iMac 24-inch,449,Desktop
"2022-08-02",6,Mac Pro (2023),681,Desktop
"2022-10-22",5,Apple Pencil (1st Generation),925,Accessories
"2020-09-05",3,AirPods Max,1603,Audio
"2021-09-12",7,iMac 27-inch,1918,Desktop
"2023-03-08",1,Smart Keyboard Folio,572,Accessories
"2020-03-28",4,iMac with Retina Display,343,Desktop
"2024-10-30",5,iMac Pro,1081,Desktop
"2023-04-24",5,Apple TV (3rd Generation),477,Streaming Device
"2024-03-28",7,iPad mini (5th Generation),1912,Tablet
"2020-07-21",7,Apple Watch Series 9,1014,Wearable
"2023-12-15",10,MacBook Air (M2),1588,Laptop
"2021-01-20",5,Apple Arcade,549,Subscription Service
"2020-05-01",1,AirPods Pro (2nd Generation),696,Audio
"2020-09-15",10,MacBook Pro 13-inch,1351,Laptop
"2022-07-17",4,iPhone 12,1436,Smartphone
"2024-06-01",8,Beats Studio Buds,762,Audio
"2023-05-18",2,iPad Air (4th Generation),952,Tablet
"2020-01-13",4,iPhone 12 mini,1607,Smartphone
"2023-09-16",4,Mac Mini (M2),874,Desktop
"2023-08-15",1,MagSafe Charger,1744,Accessories
"2023-04-10",5,Apple Watch Series 8,1631,Wearable
"2024-10-20",5,iCloud,1181,Subscription Service
"2024-10-03",10,iPad Pro 11-inch,1761,Tablet
"2023-03-18",5,Apple TV+,404,Subscription Service
"2021-07-27",4,iPad mini (6th Generation),573,Tablet
"2022-03-30",7,Leather Case for iPhone,866,Accessories
"2020-09-05",4,iPhone 14 Pro,1380,Smartphone
"2023-08-31",2,Mac Studio,613,Desktop
"2023-05-27",6,MacBook Air (M2),1588,Laptop
"2022-07-09",10,iPhone 12,1436,Smartphone
"2021-01-28",8,Apple Watch Series 6,462,Wearable
"2021-05-13",10,Mac Pro (Tower),458,Desktop
"2021-06-27",9,iMac 27-inch,1918,Desktop
"2024-09-13",7,Beats Studio Buds,762,Audio
"2020-07-31",2,iPhone 14 Pro Max,678,Smartphone
"2023-01-06",8,MagSafe Charger,1744,Accessories
"2020-10-10",4,Mac Mini,555,Desktop
"2020-04-05",7,Mac Mini,555,Desktop
"2024-06-15",6,MacBook Air (Retina),1847,Laptop
"2022-09-17",9,iPhone 12 Pro,1342,Smartphone
"2021-05-19",5,MagSafe Battery Pack,1389,Accessories
"2020-05-17",1,Apple Watch Series 5,1296,Wearable
"2024-06-07",9,Mac Mini,555,Desktop
"2023-06-09",2,MagSafe Battery Pack,1389,Accessories
"2024-02-25",8,MacBook Pro 13-inch,1351,Laptop
"2023-06-17",5,MacBook Air (M2),1588,Laptop
"2021-05-15",8,MacBook (Retina),231,Laptop
"2021-12-08",2,Apple News+,253,Subscription Service
"2024-10-09",4,HomePod mini,266,Smart Speaker
"2022-01-12",7,iPad Air (5th Generation),1591,Tablet
"2023-12-29",9,Beats Powerbeats Pro,1060,Audio
"2024-07-08",10,Apple TV+,404,Subscription Service
"2020-06-25",8,Apple Watch Series 9,1014,Wearable
"2023-11-04",6,iPad (9th Generation),1949,Tablet
"2022-09-07",9,MagSafe Charger,1744,Accessories
"2021-12-20",9,Magic Keyboard with Touch ID,1162,Accessories
"2020-02-23",2,Magic Trackpad,1242,Accessories
"2024-05-01",9,Apple Pencil (1st Generation),925,Accessories
"2022-03-31",3,Beats Solo Pro,1773,Audio
"2024-01-15",7,MacBook Pro 13-inch,1351,Laptop
"2021-01-12",1,MacBook (Retina),231,Laptop
"2024-05-22",10,Apple Pencil (2nd Generation),1506,Accessories
"2023-02-07",8,iMac 24-inch,449,Desktop
"2022-03-09",5,MacBook Pro 13-inch,1351,Laptop
"2022-03-26",1,iMac Pro,1081,Desktop
"2021-11-10",8,AirTag,677,Accessories
"2021-07-03",6,MacBook Pro 14-inch,768,Laptop
"2022-03-19",5,AirTag,677,Accessories
"2022-06-18",6,Mac Pro (Tower),458,Desktop
"2020-02-07",3,Smart Cover for iPad,1014,Accessories
"2020-10-19",7,iMac 27-inch,1918,Desktop
"2021-08-23",8,iPhone 13 Pro,308,Smartphone
"2021-02-09",5,Leather Case for iPhone,866,Accessories
"2024-05-24",3,Apple TV HD,1258,Streaming Device
"2022-12-02",3,Apple Watch Series 7,1431,Wearable
"2024-01-20",8,MacBook Air (Retina),1847,Laptop
"2024-09-20",8,Magic Mouse,313,Accessories
"2021-09-25",2,Apple One,488,Subscription Service
"2024-07-13",1,Apple Pencil (1st Generation),925,Accessories
"2022-12-15",5,Lightning to USB Cable,1434,Accessories
"2022-05-24",8,iPhone 13 Pro,308,Smartphone
"2024-04-22",10,iCloud,1181,Subscription Service
"2023-10-07",1,iPhone 12,1436,Smartphone
"2021-11-22",7,iPhone 12 Pro Max,544,Smartphone
"2023-11-06",8,MacBook Air (M1),1783,Laptop
"2024-10-31",9,Mac Mini (M2),874,Desktop
"2020-01-23",6,AirTag,677,Accessories
"2023-07-21",6,iPhone 12 Pro,1342,Smartphone
"2022-10-18",1,iPhone 13,623,Smartphone
"2022-12-28",9,iMac Pro,1081,Desktop
"2020-07-18",4,Apple Watch Series 8,1631,Wearable
"2023-08-28",2,AirPods Pro (2nd Generation),696,Audio
"2020-05-30",4,HomePod mini,438,Audio
"2020-10-23",2,iPad (9th Generation),1949,Tablet
"2023-02-28",10,Apple Watch Series 5,1296,Wearable
"2020-12-07",3,HomePod (2nd Generation),689,Audio
"2020-06-16",10,iPhone 12,1436,Smartphone
"2021-10-31",9,Apple Watch Series 5,1296,Wearable
"2022-08-18",1,MacBook Air (Retina),1847,Laptop
"2022-02-16",7,Apple Watch Series 7,1431,Wearable
"2021-11-09",3,AirPods (2nd Generation),504,Audio
"2020-09-14",7,iPhone 13 mini,1092,Smartphone
"2023-06-21",2,AirPods (3rd Generation),1842,Audio
"2023-08-25",9,Smart Keyboard Folio,572,Accessories
"2022-08-06",4,iPhone 12 Pro,1342,Smartphone
"2020-03-16",8,Apple Watch Hermès,1712,Wearable
"2023-03-29",3,MacBook Air (M1),1783,Laptop
"2021-08-27",8,Beats Solo Pro,1773,Audio
"2021-01-11",8,Apple Watch Nike Edition,884,Wearable
"2023-03-18",7,Mac Pro (2023),681,Desktop
"2023-02-05",4,iPad Pro 11-inch,1761,Tablet
"2020-10-24",8,Apple Pencil (2nd Generation),1506,Accessories
"2023-10-02",7,MacBook Air (M2),1588,Laptop
"2023-08-12",9,AirPods Pro (2nd Generation),696,Audio
"2022-04-18",4,iPhone 13 Pro,308,Smartphone
"2022-06-08",7,Apple Music,1965,Subscription Service
"2022-08-29",2,AirPods (3rd Generation),1842,Audio
"2024-08-17",6,Magic Mouse,313,Accessories
"2024-08-17",2,Beats Solo Pro,1773,Audio
"2020-06-18",4,Mac Pro (Tower),458,Desktop
"2021-11-29",5,iPad Pro 12.9-inch,1167,Tablet
"2022-05-02",6,iPhone 12 Pro Max,544,Smartphone
"2021-06-13",6,Leather Case for iPhone,866,Accessories
"2024-11-10",5,Mac Studio,613,Desktop
"2021-11-03",7,MacBook Pro 13-inch,1351,Laptop
"2023-03-14",5,AirPods Pro,1167,Audio
"2020-10-10",2,Apple Watch Series 7,1431,Wearable
"2020-09-27",9,HomePod mini,438,Audio
"2023-05-20",5,MacBook Pro 16-inch,1179,Laptop
"2021-05-29",2,iPhone 12 Pro Max,544,Smartphone
"2024-03-23",7,iPad mini (5th Generation),1912,Tablet
"2024-03-11",5,Magic Keyboard with Touch ID,1162,Accessories
"2023-03-30",7,Silicone Case for iPhone,1210,Accessories
"2021-09-03",9,AirPods Max,1603,Audio
"2023-11-05",3,iPhone 14 Pro,1380,Smartphone
"2020-03-14",4,iPhone SE (3rd Generation),923,Smartphone
"2022-04-24",5,MacBook Pro 16-inch,1179,Laptop
"2020-08-25",6,Mac Pro (Tower),458,Desktop
"2020-03-07",9,Mac Mini (M2),874,Desktop
"2023-09-24",8,iPad Air (5th Generation),1591,Tablet
"2023-05-10",6,MacBook,1149,Laptop
"2024-10-07",5,iPhone 12 mini,1607,Smartphone
"2024-07-08",2,MagSafe Charger,1744,Accessories
"2021-05-06",8,iPhone 13 Pro Max,820,Smartphone
"2024-06-16",10,Mac Pro (Rack),1415,Desktop
"2021-01-29",2,iMac 27-inch,1918,Desktop
"2024-10-20",2,HomePod (2nd Generation),689,Audio
"2023-07-22",2,Apple Music,1965,Subscription Service
"2024-11-04",9,Apple Pencil (2nd Generation),1506,Accessories
"2021-03-01",10,Mac Pro (Rack),1415,Desktop
"2021-05-03",6,iMac with Retina Display,343,Desktop
"2020-01-28",9,iPhone 13 Pro,308,Smartphone
"2023-03-04",1,iPhone 13,623,Smartphone
"2020-11-16",3,Apple TV 4K,1255,Streaming Device
"2022-08-07",4,Apple Watch SE,1546,Wearable
"2020-02-05",1,MacBook Pro 14-inch,768,Laptop
"2020-08-17",9,AirPods (3rd Generation),1842,Audio
"2022-03-05",4,iPad Air (5th Generation),1591,Tablet
"2023-05-03",7,iPhone 13 Pro Max,820,Smartphone
"2021-10-18",6,Apple Watch Series 7,1431,Wearable
"2020-02-23",2,iPad (9th Generation),1949,Tablet
"2021-02-08",7,iPhone 12 Pro,1342,Smartphone
"2023-02-05",7,Beats Solo Pro,1773,Audio
"2020-08-11",5,iPhone 13 Pro Max,820,Smartphone
"2022-10-21",4,iPhone 13 Pro Max,820,Smartphone
"2022-06-24",8,Apple TV 4K,1255,Streaming Device
"2023-08-10",6,Apple Fitness+,923,Subscription Service
"2020-05-24",7,MacBook (Early 2015),741,Laptop
"2023-04-01",5,iPad mini (6th Generation),573,Tablet
"2021-03-29",2,Apple Watch Series 8,1631,Wearable
"2022-02-26",5,Apple One,488,Subscription Service
"2020-09-03",9,Apple Watch Series 5,1296,Wearable
"2021-08-25",8,MacBook (Early 2015),741,Laptop
"2024-08-06",7,Apple TV HD,1258,Streaming Device
"2024-09-09",2,iPad Pro (M2),1826,Tablet
"2021-02-06",7,MacBook Pro (Touch Bar),1304,Laptop
"2023-04-17",6,MacBook Pro (Touch Bar),1304,Laptop
"2024-10-07",8,iPad Air (5th Generation),1591,Tablet
"2020-03-13",9,iPad Air (5th Generation),1591,Tablet
"2024-02-22",8,Smart Keyboard Folio,572,Accessories
"2021-07-23",3,MacBook,1149,Laptop
"2022-11-23",1,Mac Pro (Rack),1415,Desktop
"2020-05-28",8,AirPods Max,1603,Audio
"2021-05-16",2,Apple TV+,404,Subscription Service
"2023-09-25",10,Beats Studio Buds,762,Audio
"2021-04-21",1,Apple Watch Ultra,346,Wearable
"2020-04-13",4,Apple Watch Series 9,1014,Wearable
"2022-08-15",6,Apple TV+,404,Subscription Service
"2023-03-25",4,iPad Pro 11-inch,1761,Tablet
"2021-01-20",6,Apple Watch Series 8,1631,Wearable
"2020-06-06",6,iPad Pro 11-inch,1761,Tablet
"2021-10-10",5,MacBook Pro 16-inch,1179,Laptop
"2022-10-11",6,iPad mini (5th Generation),1912,Tablet
"2020-03-09",7,iMac with Retina Display,343,Desktop
"2021-12-31",7,MacBook Pro (Touch Bar),1304,Laptop
"2023-05-17",7,AirTag,677,Accessories
"2024-09-18",1,HomePod mini,266,Smart Speaker
"2022-01-08",4,iPhone 12 Pro Max,544,Smartphone
"2020-01-25",4,iPhone 14 Pro,1380,Smartphone
"2024-07-21",8,Smart Keyboard Folio,572,Accessories
"2020-10-05",3,iPad Pro (M1),1329,Tablet
"2021-12-09",4,Apple Pencil (2nd Generation),1506,Accessories
"2022-06-06",6,iPhone 14 Plus,1259,Smartphone
"2022-08-25",3,Apple Pencil (2nd Generation),1506,Accessories
"2023-12-24",5,Leather Case for iPhone,866,Accessories
"2024-02-04",8,iPhone 12 Pro,1342,Smartphone
"2021-03-20",1,MacBook (Retina),231,Laptop
"2020-09-14",2,AirPods Pro,1167,Audio
"2023-06-24",3,Mac Studio,613,Desktop
"2022-03-06",8,iPad Pro 11-inch,1761,Tablet
"2020-05-30",4,Apple Watch Nike Edition,884,Wearable
"2021-10-18",10,HomePod mini,438,Audio
"2023-11-20",5,iMac 27-inch,1918,Desktop
"2021-01-10",2,Apple TV (3rd Generation),477,Streaming Device
"2023-11-17",5,iPad Air (5th Generation),1591,Tablet
"2021-11-24",2,AirTag,677,Accessories
"2020-07-18",4,iPhone 13 Pro,308,Smartphone
"2022-04-21",9,Apple TV+,404,Subscription Service
"2024-08-27",6,Apple Watch Ultra,346,Wearable
"2023-06-29",8,MacBook Air (M2),1588,Laptop
"2023-06-19",9,Apple Fitness+,923,Subscription Service
"2021-08-17",10,iPhone 12 Pro,1342,Smartphone
"2021-06-18",10,MacBook Air (Retina),1847,Laptop
"2023-08-14",8,MagSafe Battery Pack,1389,Accessories
"2021-04-26",9,Apple TV HD,1258,Streaming Device
"2021-06-13",10,MacBook Pro 16-inch,1179,Laptop
"2020-11-03",3,Mac Mini (M2),874,Desktop
"2020-11-08",3,Apple Watch Series 6,462,Wearable
"2021-09-04",6,MacBook (Retina),231,Laptop
"2020-07-27",9,Apple News+,253,Subscription Service
"2020-12-08",1,MacBook Pro 13-inch,1351,Laptop
"2020-11-20",2,Mac Pro (Rack),1415,Desktop
"2022-11-28",3,Apple Watch Series 6,462,Wearable
"2022-04-09",2,Apple Pencil (2nd Generation),1506,Accessories
"2022-10-25",3,MacBook,1149,Laptop
"2022-12-24",1,AirPods (3rd Generation),1842,Audio
"2023-08-12",3,Mac Pro (Rack),1415,Desktop
"2023-02-17",8,Beats Solo Pro,1773,Audio
"2020-10-07",5,iPhone 14 Pro,1380,Smartphone
"2023-05-31",3,Apple Pencil (1st Generation),925,Accessories
"2022-03-13",3,HomePod mini,266,Smart Speaker
"2022-03-12",2,Mac Studio,613,Desktop
"2022-04-18",5,iPad Air (5th Generation),1591,Tablet
"2024-07-06",9,iPhone 14 Pro,1380,Smartphone
"2023-06-08",6,iPad mini (6th Generation),573,Tablet
"2021-01-05",10,AirPods Pro,1167,Audio
"2024-07-30",3,Magic Trackpad,1242,Accessories
"2024-06-24",10,Mac Pro (Rack),1415,Desktop
"2024-09-23",6,Magic Mouse,313,Accessories
"2020-12-06",1,iPad Pro (M1),1329,Tablet
"2021-05-16",6,MacBook Pro 16-inch,1179,Laptop
"2021-09-04",6,iPad Pro (M1),1329,Tablet
"2021-04-02",4,iPhone 12 mini,1607,Smartphone
"2020-10-13",9,MacBook (Retina),231,Laptop
"2021-01-23",8,AirPods Pro,1167,Audio
"2021-05-11",9,iPhone 14,1476,Smartphone
"2020-10-15",2,AirPods (2nd Generation),504,Audio
"2022-01-22",9,iPad mini (6th Generation),573,Tablet
"2023-06-01",4,iPad Pro (M2),1826,Tablet
"2022-03-04",5,Apple TV+,404,Subscription Service
"2024-08-26",4,AirTag,677,Accessories
"2022-04-27",3,MagSafe Battery Pack,1389,Accessories
"2021-01-06",9,Beats Studio Buds,762,Audio
"2023-05-15",5,Beats Powerbeats Pro,1060,Audio
"2023-12-22",7,Apple Music,1965,Subscription Service
"2024-08-13",1,HomePod,1202,Smart Speaker
"2020-12-16",10,iPad (10th Generation),1735,Tablet
"2023-08-27",5,iPhone 14,1476,Smartphone
"2022-05-07",3,iPhone 14 Pro Max,678,Smartphone
"2021-11-07",10,iMac with Retina Display,343,Desktop
"2024-01-30",10,Magic Keyboard,368,Accessories
"2021-09-15",9,Leather Case for iPhone,866,Accessories
"2022-06-25",8,iMac with Retina Display,343,Desktop
"2020-11-24",9,Apple Watch Series 5,1296,Wearable
"2023-12-01",5,iMac with Retina Display,343,Desktop
"2021-01-17",7,iCloud,1181,Subscription Service
"2022-06-18",7,iPhone 12 mini,1607,Smartphone
"2023-07-28",7,Apple Arcade,549,Subscription Service
"2021-01-23",4,HomePod,1202,Smart Speaker
"2020-09-25",9,Mac Pro (2023),681,Desktop
"2022-02-21",8,Mac Mini (M2),874,Desktop
"2024-02-10",4,Beats Solo Pro,1773,Audio
"2024-04-19",7,iPad Air (4th Generation),952,Tablet
"2022-04-22",5,Apple Watch Nike Edition,884,Wearable
"2021-11-07",8,iPhone 13 Pro Max,820,Smartphone
"2023-02-05",3,iPhone SE (3rd Generation),923,Smartphone
"2022-12-15",10,iPad Pro (M2),1826,Tablet
"2020-01-21",3,iPhone 14 Plus,1259,Smartphone
"2022-03-16",2,iPad Pro (M1),1329,Tablet
"2023-11-22",10,AirTag,677,Accessories
"2020-11-25",7,iCloud,1181,Subscription Service
"2021-10-28",5,Magic Keyboard,368,Accessories
"2020-10-06",10,iPad Pro 12.9-inch,1167,Tablet
"2022-11-05",4,iPhone 14 Plus,1259,Smartphone
"2020-12-26",7,iPad Pro 12.9-inch,1167,Tablet
"2022-02-26",9,HomePod (2nd Generation),689,Audio
"2021-02-05",7,Apple One,488,Subscription Service
"2023-03-23",3,iPad Pro (M1),1329,Tablet
"2022-01-25",5,iPhone 14 Pro,1380,Smartphone
"2020-02-09",9,iPhone 14 Pro,1380,Smartphone
"2021-08-31",2,iPad Pro (M1),1329,Tablet
"2020-03-17",2,Mac Pro (Tower),458,Desktop
"2020-05-02",9,AirTag,677,Accessories
"2024-10-24",8,iPad mini (6th Generation),573,Tablet
"2024-07-17",4,Beats Fit Pro,1839,Audio
"2020-04-12",1,MacBook (Retina),231,Laptop
"2024-02-26",7,MagSafe Charger,1744,Accessories
"2023-08-03",4,HomePod mini,438,Audio
"2024-08-30",10,Apple Fitness+,923,Subscription Service
"2022-05-16",7,Apple Music,1965,Subscription Service
"2023-05-29",9,Silicone Case for iPhone,1210,Accessories
"2022-11-05",1,MacBook Air (M1),1783,Laptop
"2022-12-18",4,AirTag,677,Accessories
"2023-03-02",2,HomePod mini,438,Audio
"2023-05-31",9,MagSafe Charger,1744,Accessories
"2020-02-14",10,Apple Watch Series 9,1014,Wearable
"2024-08-01",4,iPhone 14,1476,Smartphone
"2023-04-17",6,iPad (10th Generation),1735,Tablet
"2024-03-29",8,Apple Watch Series 9,1014,Wearable
"2020-12-29",9,Beats Solo Pro,1773,Audio
"2022-09-13",7,iPad Air (5th Generation),1591,Tablet
"2024-02-13",7,Mac Pro (Tower),458,Desktop
"2020-01-17",6,MacBook Pro (Touch Bar),1304,Laptop
"2020-11-12",2,Apple Watch Series 7,1431,Wearable
"2020-12-25",5,Beats Fit Pro,1839,Audio
"2020-11-01",4,iPad mini (5th Generation),1912,Tablet
"2022-10-27",6,Magic Keyboard with Touch ID,1162,Accessories
"2024-07-05",7,iPad mini (5th Generation),1912,Tablet
"2024-10-04",8,iPad Pro 12.9-inch,1167,Tablet
"2021-12-27",8,iPhone 13 mini,1092,Smartphone
"2022-10-13",5,Leather Case for iPhone,866,Accessories
"2021-09-01",7,MacBook Pro (Touch Bar),1304,Laptop
"2021-09-13",8,AirTag,677,Accessories
"2021-11-21",10,AirPods Pro,1167,Audio
"2021-08-07",7,MacBook,1149,Laptop
"2024-10-26",10,Apple One,488,Subscription Service
"2020-05-19",9,Leather Case for iPhone,866,Accessories
"2022-09-13",10,MacBook Pro 14-inch,768,Laptop
"2021-12-11",10,iPhone 14 Pro Max,678,Smartphone
"2024-05-19",3,Beats Powerbeats Pro,1060,Audio
"2023-08-06",7,iPhone 12,1436,Smartphone
"2020-08-14",4,MagSafe Charger,1744,Accessories
"2024-08-23",9,MacBook Air (Retina),1847,Laptop
"2023-10-24",7,AirPods (3rd Generation),1842,Audio
"2022-05-18",2,iMac 27-inch,1918,Desktop
"2023-07-05",3,MacBook Pro 16-inch,1179,Laptop
"2023-08-13",2,AirPods (2nd Generation),504,Audio
"2022-08-18",10,HomePod mini,266,Smart Speaker
"2024-06-08",10,Silicone Case for iPhone,1210,Accessories
"2023-04-05",2,Apple Watch Ultra,346,Wearable
"2024-06-30",9,Magic Keyboard,368,Accessories
"2024-05-12",9,Mac Mini (M2),874,Desktop
"2020-10-03",1,Apple One,488,Subscription Service
"2022-09-14",6,iPhone 12 Pro,1342,Smartphone
"2020-09-04",7,Mac Mini,555,Desktop
"2021-11-24",6,Smart Cover for iPad,1014,Accessories
"2021-03-11",6,MacBook Pro 13-inch,1351,Laptop
"2024-02-21",4,Mac Pro (Tower),458,Desktop
"2020-04-08",3,Apple Fitness+,923,Subscription Service
"2022-01-18",5,iPad Pro (M1),1329,Tablet
"2022-09-20",6,Apple Music,1965,Subscription Service
"2024-02-05",2,Apple Watch Hermès,1712,Wearable
"2024-04-12",4,Apple Fitness+,923,Subscription Service
"2023-11-16",9,MacBook Pro (Touch Bar),1304,Laptop
"2023-05-25",5,iPad Pro 12.9-inch,1167,Tablet
"2021-07-20",1,iPad (10th Generation),1735,Tablet
"2023-07-22",8,MacBook Pro (Touch Bar),1304,Laptop
"2023-02-04",10,Mac Mini,555,Desktop
"2020-12-28",4,Beats Fit Pro,1839,Audio
"2024-08-16",9,iPhone 12 Pro,1342,Smartphone
"2023-09-08",3,iPhone 14,1476,Smartphone
"2021-03-31",2,AirPods (3rd Generation),1842,Audio
"2020-10-11",10,iPad Pro 12.9-inch,1167,Tablet
"2022-09-29",9,Beats Powerbeats Pro,1060,Audio
"2022-04-24",5,AirPods Pro,1167,Audio
"2024-01-02",7,iPad mini (6th Generation),573,Tablet
"2020-07-02",8,Leather Case for iPhone,866,Accessories
"2022-02-16",4,iPad Pro 11-inch,1761,Tablet
"2020-06-11",4,iPhone 12 Pro Max,544,Smartphone
"2024-03-12",1,AirPods Pro (2nd Generation),696,Audio
"2020-05-11",5,MagSafe Charger,1744,Accessories
"2020-07-08",10,Apple Music,1965,Subscription Service
"2023-02-03",6,MacBook,1149,Laptop
"2021-04-29",1,AirPods (2nd Generation),504,Audio
"2023-11-07",9,iPhone 14 Pro Max,678,Smartphone
"2021-04-10",2,Beats Powerbeats Pro,1060,Audio
"2021-12-06",2,iPhone 13 Pro,308,Smartphone
"2024-07-28",5,HomePod mini,266,Smart Speaker
"2022-09-15",7,AirPods (3rd Generation),1842,Audio
"2021-09-28",4,Beats Studio Buds,762,Audio
"2021-06-19",10,iPhone 12,1436,Smartphone
"2022-03-23",5,iPad Pro 11-inch,1761,Tablet
"2024-02-29",9,Apple Pencil (1st Generation),925,Accessories
"2021-12-17",8,Apple TV HD,1258,Streaming Device
"2022-11-30",5,iPad (9th Generation),1949,Tablet
"2023-03-07",8,Apple Watch Hermès,1712,Wearable
"2021-03-22",2,Apple TV+,404,Subscription Service
"2023-04-25",5,Apple TV (3rd Generation),477,Streaming Device
"2023-11-30",5,Apple Fitness+,923,Subscription Service
"2021-07-02",7,MacBook Pro 16-inch,1179,Laptop
"2022-11-10",8,Lightning to USB Cable,1434,Accessories
"2020-03-17",2,iPhone 13 Pro,308,Smartphone
"2020-02-05",9,AirPods (3rd Generation),1842,Audio
"2022-07-09",2,iMac with Retina Display,343,Desktop
"2023-03-19",8,iPad Pro (M1),1329,Tablet
"2022-10-20",2,Apple Watch Nike Edition,884,Wearable
"2020-06-16",8,Magic Keyboard with Touch ID,1162,Accessories
"2024-10-27",8,Apple Watch Hermès,1712,Wearable
"2024-09-11",8,Beats Fit Pro,1839,Audio
"2022-01-15",7,AirPods (3rd Generation),1842,Audio
"2021-02-25",5,Apple Pencil (1st Generation),925,Accessories
"2022-09-20",4,iPhone 14 Plus,1259,Smartphone
"2024-01-22",9,iPad Pro 12.9-inch,1167,Tablet
"2024-07-18",5,MacBook Pro (Touch Bar),1304,Laptop
"2024-09-08",3,Apple One,488,Subscription Service
"2023-07-31",8,MacBook (Retina),231,Laptop
"2021-09-21",3,Smart Keyboard Folio,572,Accessories
"2024-08-09",9,Apple Watch Series 7,1431,Wearable
"2024-06-24",9,Apple Watch Series 9,1014,Wearable
"2024-04-24",3,Apple TV 4K,1255,Streaming Device
"2020-12-09",4,HomePod mini,438,Audio
"2021-01-06",10,Apple TV HD,1258,Streaming Device
"2022-08-12",10,Magic Trackpad,1242,Accessories
"2021-12-08",10,iMac with Retina Display,343,Desktop
"2024-02-11",10,Magic Mouse,313,Accessories
"2024-07-05",1,MacBook Air (M1),1783,Laptop
"2021-12-25",2,MacBook,1149,Laptop
"2023-11-06",3,iPhone 13 mini,1092,Smartphone
"2022-11-01",7,Mac Mini,555,Desktop
"2022-04-28",9,iPhone 13 mini,1092,Smartphone
"2021-08-23",7,HomePod,1202,Smart Speaker
"2024-11-08",3,iPhone 14 Pro,1380,Smartphone
"2020-01-12",2,iCloud,1181,Subscription Service
"2022-11-17",1,Mac Pro (Rack),1415,Desktop
"2024-10-23",4,Apple Watch Nike Edition,884,Wearable
"2022-10-27",4,Smart Cover for iPad,1014,Accessories
"2022-10-07",5,iPhone 13,623,Smartphone
"2020-12-24",10,iMac Pro,1081,Desktop
"2024-08-19",10,iMac 24-inch,449,Desktop
"2021-11-07",1,iPad Air (5th Generation),1591,Tablet
"2022-04-17",10,iPad Pro 12.9-inch,1167,Tablet
"2023-10-17",7,iPad (10th Generation),1735,Tablet
"2022-06-05",5,MacBook (Retina),231,Laptop
"2021-02-02",8,Apple TV (3rd Generation),477,Streaming Device
"2021-04-19",8,Apple TV 4K,1255,Streaming Device
"2024-07-12",3,Magic Trackpad,1242,Accessories
"2020-08-12",6,Smart Cover for iPad,1014,Accessories
"2020-08-23",3,iPhone 13,623,Smartphone
"2021-09-20",9,Apple Arcade,549,Subscription Service
"2020-01-21",5,Apple Watch SE,1546,Wearable
"2020-07-05",8,HomePod,1202,Smart Speaker
"2024-09-22",1,iMac 27-inch,1918,Desktop
"2022-04-12",7,Leather Case for iPhone,866,Accessories
"2023-06-16",5,MacBook,1149,Laptop
"2020-01-14",9,AirTag,677,Accessories
"2022-02-14",6,AirTag,677,Accessories
"2020-03-05",6,HomePod (2nd Generation),689,Audio
"2022-02-14",1,iPad (10th Generation),1735,Tablet
"2020-11-24",1,Apple TV HD,1258,Streaming Device
"2022-09-07",8,iPhone 12 Pro,1342,Smartphone
"2022-11-04",9,MacBook Pro 16-inch,1179,Laptop
"2021-07-10",4,iPhone 12 Pro Max,544,Smartphone
"2021-07-21",4,Apple Watch Series 8,1631,Wearable
"2022-01-21",8,iPhone 13 mini,1092,Smartphone
"2022-01-10",9,iMac 27-inch,1918,Desktop
"2020-07-22",9,iPad Air (4th Generation),952,Tablet
"2021-09-07",8,Apple Music,1965,Subscription Service
"2021-02-24",9,MacBook Air (M2),1588,Laptop
"2022-05-21",7,Apple Music,1965,Subscription Service
"2022-10-04",5,Mac Pro (Rack),1415,Desktop
"2023-05-14",10,iPhone 13,623,Smartphone
"2022-06-16",6,iPad (9th Generation),1949,Tablet
"2021-05-08",5,Mac Pro (Tower),458,Desktop
"2020-05-04",10,iPhone SE (3rd Generation),923,Smartphone
"2021-02-28",7,Apple Pencil (2nd Generation),1506,Accessories
"2024-03-27",6,Apple Watch Series 7,1431,Wearable
"2022-01-28",4,iPad Pro 11-inch,1761,Tablet
"2023-11-08",3,MacBook Air (Retina),1847,Laptop
"2022-01-06",1,Mac Mini (M2),874,Desktop
"2020-12-31",3,Mac Pro (Tower),458,Desktop
"2022-01-19",5,iPhone 13 mini,1092,Smartphone
"2021-08-16",9,Mac Mini,555,Desktop
"2023-06-25",8,iPad Pro 12.9-inch,1167,Tablet
"2022-01-05",4,Apple Watch Ultra,346,Wearable
"2020-04-13",1,Apple Watch Ultra,346,Wearable
"2021-04-29",8,Beats Solo Pro,1773,Audio
"2021-09-29",2,iPhone 13 Pro,308,Smartphone
"2021-10-22",3,AirPods Pro,1167,Audio
"2023-12-15",1,Silicone Case for iPhone,1210,Accessories
"2022-08-16",9,MacBook (Retina),231,Laptop
"2022-09-15",4,AirPods (3rd Generation),1842,Audio
"2022-03-08",1,Mac Pro (2023),681,Desktop
"2020-09-29",6,Apple Music,1965,Subscription Service
"2021-05-08",4,Apple Fitness+,923,Subscription Service
"2022-03-29",3,iPad (10th Generation),1735,Tablet
"2022-02-21",7,Apple TV (3rd Generation),477,Streaming Device
"2024-08-05",3,iPhone 13 mini,1092,Smartphone
"2021-03-03",8,iPhone 13 Pro,308,Smartphone
"2020-11-30",2,iMac with Retina Display,343,Desktop
"2023-08-31",9,HomePod mini,438,Audio
"2022-12-12",2,Lightning to USB Cable,1434,Accessories
"2022-01-29",3,MacBook Pro 13-inch,1351,Laptop
"2020-03-01",7,Apple Watch Series 8,1631,Wearable
"2024-08-19",2,Beats Studio Buds,762,Audio
"2020-07-10",8,iMac 24-inch,449,Desktop
"2020-01-22",1,MacBook Pro 16-inch,1179,Laptop
"2020-08-29",5,Apple Music,1965,Subscription Service
"2021-04-15",10,Apple Watch Series 9,1014,Wearable
"2023-09-23",2,Apple Watch Hermès,1712,Wearable
"2023-04-13",2,iMac 24-inch,449,Desktop
"2022-05-12",4,Apple TV HD,1258,Streaming Device
"2022-01-03",1,iPhone 12 Pro,1342,Smartphone
"2023-07-07",5,Lightning to USB Cable,1434,Accessories
"2020-07-31",9,Mac Mini (M2),874,Desktop
"2020-09-22",1,AirPods Pro (2nd Generation),696,Audio
"2023-02-19",4,Apple Fitness+,923,Subscription Service
"2023-10-06",4,Magic Keyboard,368,Accessories
"2020-01-29",10,Apple Watch Series 7,1431,Wearable
"2020-06-28",6,Lightning to USB Cable,1434,Accessories
"2021-08-02",2,Apple Watch Series 6,462,Wearable
"2020-06-14",1,Apple Watch Series 6,462,Wearable
"2023-07-14",10,Beats Fit Pro,1839,Audio
"2021-02-28",8,Beats Powerbeats Pro,1060,Audio
"2020-06-23",6,iPad Pro (M2),1826,Tablet
"2022-06-20",4,AirPods Pro (2nd Generation),696,Audio
"2020-04-30",4,iPhone 13 Pro Max,820,Smartphone
"2024-08-23",10,HomePod,1202,Smart Speaker
"2022-10-25",4,Apple Watch Series 8,1631,Wearable
"2020-05-25",10,AirPods (2nd Generation),504,Audio
"2020-12-16",3,Beats Fit Pro,1839,Audio
"2021-08-11",2,Apple Watch Nike Edition,884,Wearable
"2022-05-05",10,iPad (9th Generation),1949,Tablet
"2022-03-09",10,Apple Watch Series 8,1631,Wearable
"2023-03-26",10,Apple TV HD,1258,Streaming Device
"2020-09-10",4,MagSafe Battery Pack,1389,Accessories
"2021-09-25",3,Apple Watch Nike Edition,884,Wearable
"2024-08-25",10,iPad (10th Generation),1735,Tablet
"2021-03-29",9,Apple Watch Ultra,346,Wearable
"2023-04-25",9,Leather Case for iPhone,866,Accessories
"2022-10-31",6,HomePod,1202,Smart Speaker
"2024-02-28",10,AirPods (2nd Generation),504,Audio
"2024-03-05",4,MacBook Pro (Touch Bar),1304,Laptop
"2022-02-08",2,iPad Air (5th Generation),1591,Tablet
"2023-09-13",5,HomePod mini,438,Audio
"2024-04-15",6,HomePod,1202,Smart Speaker
"2023-05-09",3,Apple Watch SE,1546,Wearable
"2021-03-20",8,iPhone 13 mini,1092,Smartphone
"2020-05-04",5,iMac 24-inch,449,Desktop
"2021-10-19",3,Beats Fit Pro,1839,Audio
"2022-07-17",4,iPhone 12 Pro Max,544,Smartphone
"2021-11-13",2,Mac Pro (Tower),458,Desktop
"2021-06-06",10,Apple Watch Ultra,346,Wearable
"2023-11-16",6,MagSafe Charger,1744,Accessories
"2021-04-02",7,AirPods Pro (2nd Generation),696,Audio
"2022-07-14",10,MacBook Air (M1),1783,Laptop
"2021-09-25",10,iPhone 14 Plus,1259,Smartphone
"2024-04-28",5,iPad Pro (M1),1329,Tablet
"2024-07-18",7,MacBook Pro 13-inch,1351,Laptop
"2023-09-01",8,iPad Pro (M1),1329,Tablet
"2024-05-21",2,iPhone SE (3rd Generation),923,Smartphone
"2022-02-13",6,Apple TV HD,1258,Streaming Device
"2022-03-05",4,iPhone 14,1476,Smartphone
"2020-03-29",9,iMac with Retina Display,343,Desktop
"2024-03-28",5,iCloud,1181,Subscription Service
"2021-03-16",5,MagSafe Charger,1744,Accessories
"2022-07-30",5,Apple Watch Series 9,1014,Wearable
"2024-03-12",9,Apple Watch Nike Edition,884,Wearable
"2021-02-11",3,Apple Fitness+,923,Subscription Service
"2022-08-17",10,Lightning to USB Cable,1434,Accessories
"2022-08-08",8,iMac 27-inch,1918,Desktop
"2020-03-11",8,iPhone 14 Pro,1380,Smartphone
"2023-01-05",5,AirPods (2nd Generation),504,Audio
"2023-08-30",10,Magic Mouse,313,Accessories
"2023-11-19",1,Apple Watch Series 8,1631,Wearable
"2021-11-11",10,Apple One,488,Subscription Service
"2024-02-21",4,Apple Watch Hermès,1712,Wearable
"2022-11-20",9,Magic Trackpad,1242,Accessories
"2020-03-29",4,Mac Studio,613,Desktop
"2023-01-19",10,MacBook Pro 14-inch,768,Laptop
"2020-07-17",7,MagSafe Battery Pack,1389,Accessories
"2020-04-09",3,Apple TV 4K,1255,Streaming Device
"2023-04-29",7,Apple TV 4K,1255,Streaming Device
"2021-10-01",9,Smart Keyboard Folio,572,Accessories
"2021-05-25",4,Apple Watch Series 7,1431,Wearable
"2021-01-19",6,Mac Pro (Tower),458,Desktop
"2023-02-26",4,Beats Solo Pro,1773,Audio
"2021-09-26",4,Lightning to USB Cable,1434,Accessories
"2022-07-21",4,Mac Studio,613,Desktop
"2021-03-17",6,iPad (10th Generation),1735,Tablet
"2023-06-30",4,Apple Watch SE,1546,Wearable
"2021-05-24",7,iPhone 13 mini,1092,Smartphone
"2021-09-19",5,Magic Trackpad,1242,Accessories
"2020-05-25",9,iMac with Retina Display,343,Desktop
"2020-06-19",10,iPad Pro 12.9-inch,1167,Tablet
"2021-02-15",9,Apple TV+,404,Subscription Service
"2020-09-06",8,Beats Powerbeats Pro,1060,Audio
"2020-12-31",9,iMac 24-inch,449,Desktop
"2024-01-21",2,iPhone 14 Plus,1259,Smartphone
"2023-01-30",9,iPhone 12 mini,1607,Smartphone
"2021-11-03",10,Mac Studio,613,Desktop
"2020-06-28",6,Apple TV HD,1258,Streaming Device
"2024-07-07",7,Beats Solo Pro,1773,Audio
"2023-03-25",10,iMac 27-inch,1918,Desktop
"2023-06-29",7,HomePod mini,266,Smart Speaker
"2022-02-19",8,iPad mini (5th Generation),1912,Tablet
"2022-11-28",1,Apple TV+,404,Subscription Service
"2020-04-04",4,iMac 27-inch,1918,Desktop
"2024-05-26",8,iPhone 12 mini,1607,Smartphone
"2022-08-05",8,iPad mini (6th Generation),573,Tablet
"2020-05-06",2,MacBook Air (M1),1783,Laptop
"2022-08-05",3,Magic Keyboard,368,Accessories
"2023-08-13",7,Apple Watch Series 5,1296,Wearable
"2021-05-14",8,iPad Air (5th Generation),1591,Tablet
"2021-04-05",7,Beats Solo Pro,1773,Audio
"2022-08-30",10,iMac with Retina Display,343,Desktop
"2021-10-12",1,Apple Watch Series 7,1431,Wearable
"2023-07-16",4,Apple Fitness+,923,Subscription Service
"2023-11-24",8,AirPods Max,1603,Audio
"2021-03-20",1,AirPods Pro,1167,Audio
"2021-01-27",2,iMac 27-inch,1918,Desktop
"2023-06-30",10,iMac Pro,1081,Desktop
"2024-07-04",6,Silicone Case for iPhone,1210,Accessories
"2020-03-01",1,AirPods Max,1603,Audio
"2020-01-10",9,MacBook Air (M1),1783,Laptop
"2021-10-04",6,MacBook Air (Retina),1847,Laptop
"2020-06-25",10,Beats Powerbeats Pro,1060,Audio
"2024-10-19",2,AirPods Pro,1167,Audio
"2020-04-25",10,Apple Arcade,549,Subscription Service
"2023-09-08",2,MagSafe Battery Pack,1389,Accessories
"2020-01-22",6,iMac with Retina Display,343,Desktop
"2024-03-27",3,Apple Watch Series 7,1431,Wearable
"2023-02-26",9,Apple Watch Series 5,1296,Wearable
"2024-07-25",3,MacBook Air (Retina),1847,Laptop
"2020-08-06",5,Apple TV (3rd Generation),477,Streaming Device
"2020-10-18",4,iPad (9th Generation),1949,Tablet
"2023-01-14",10,Apple Fitness+,923,Subscription Service
"2020-06-02",2,AirPods Pro (2nd Generation),696,Audio
"2022-07-08",3,MacBook Air (M2),1588,Laptop
"2022-11-19",8,MacBook Pro (Touch Bar),1304,Laptop
"2022-08-11",1,iPad Pro 11-inch,1761,Tablet
"2023-09-28",6,iMac with Retina Display,343,Desktop
"2024-09-12",2,Mac Studio,613,Desktop
"2022-06-07",6,MacBook Air (Retina),1847,Laptop
"2023-05-16",3,Leather Case for iPhone,866,Accessories
"2024-04-13",5,iPhone 14,1476,Smartphone
"2022-01-16",7,Mac Studio,613,Desktop
"2020-07-11",9,Beats Fit Pro,1839,Audio
"2021-10-12",2,MacBook Air (M2),1588,Laptop
"2020-11-21",7,Leather Case for iPhone,866,Accessories
"2020-04-24",2,Apple Watch Nike Edition,884,Wearable
"2024-08-27",1,Apple Watch Ultra,346,Wearable
"2024-04-09",2,Apple Music,1965,Subscription Service
"2023-09-29",1,Apple Fitness+,923,Subscription Service
"2023-02-25",1,Apple One,488,Subscription Service
"2023-05-15",10,Apple Watch Hermès,1712,Wearable
"2021-10-26",5,iPhone 14 Pro Max,678,Smartphone
"2023-01-05",7,iPad (10th Generation),1735,Tablet
"2023-12-01",1,Apple TV (3rd Generation),477,Streaming Device
"2023-02-16",2,Apple TV (3rd Generation),477,Streaming Device
"2020-12-25",4,Silicone Case for iPhone,1210,Accessories
"2021-08-16",7,iPad Pro 12.9-inch,1167,Tablet
"2022-09-05",2,Apple Music,1965,Subscription Service
"2022-08-31",10,iPhone 13 mini,1092,Smartphone
"2021-08-24",6,AirTag,677,Accessories
"2022-06-13",9,Apple One,488,Subscription Service
"2020-05-16",6,MacBook Pro 13-inch,1351,Laptop
"2023-07-26",8,iPad Pro (M1),1329,Tablet
"2021-03-31",3,Apple Watch Ultra,346,Wearable
"2022-10-28",4,Beats Solo Pro,1773,Audio
"2020-10-30",10,iPhone SE (3rd Generation),923,Smartphone
"2023-10-15",4,iPhone 12 Pro Max,544,Smartphone
"2024-05-08",6,AirPods (3rd Generation),1842,Audio
"2020-08-31",9,Apple Watch Series 8,1631,Wearable
"2024-05-26",10,HomePod (2nd Generation),689,Audio
"2020-11-09",5,Beats Solo Pro,1773,Audio
"2023-08-06",1,Mac Mini (M2),874,Desktop
"2022-07-01",9,Magic Mouse,313,Accessories
"2023-04-01",2,Smart Cover for iPad,1014,Accessories
"2020-01-03",9,iPhone 14 Pro Max,678,Smartphone
"2023-10-10",10,Beats Solo Pro,1773,Audio
"2022-12-19",4,iPhone 12 Pro,1342,Smartphone
"2020-09-18",4,iPad (9th Generation),1949,Tablet
"2023-10-15",6,AirPods Pro,1167,Audio
"2022-09-22",2,Apple Pencil (2nd Generation),1506,Accessories
"2022-02-26",6,AirPods (3rd Generation),1842,Audio
"2021-03-26",3,Apple Pencil (1st Generation),925,Accessories
"2024-01-09",7,iPad (10th Generation),1735,Tablet
"2022-11-06",8,iPad Pro (M1),1329,Tablet
"2022-05-07",5,iPhone 13 mini,1092,Smartphone
"2021-08-17",5,MacBook Pro 14-inch,768,Laptop
"2023-07-08",5,Apple Watch Series 5,1296,Wearable
"2021-05-08",3,Magic Trackpad,1242,Accessories
"2024-07-27",2,iPad Air (5th Generation),1591,Tablet
"2023-08-02",1,Leather Case for iPhone,866,Accessories
"2023-03-23",6,MacBook Pro 14-inch,768,Laptop
"2023-11-05",5,Silicone Case for iPhone,1210,Accessories
"2022-05-07",4,Apple One,488,Subscription Service
"2024-06-18",8,AirTag,677,Accessories
"2023-01-18",6,iMac Pro,1081,Desktop
"2021-07-17",4,Apple TV 4K,1255,Streaming Device
"2022-10-07",4,Magic Keyboard,368,Accessories
"2022-04-24",10,Magic Keyboard,368,Accessories
"2024-08-22",4,Apple TV HD,1258,Streaming Device
"2021-07-11",5,AirPods (2nd Generation),504,Audio
"2020-12-08",3,Mac Pro (2023),681,Desktop
"2022-10-17",4,Apple TV (3rd Generation),477,Streaming Device
"2021-10-19",4,Beats Fit Pro,1839,Audio
"2024-11-10",5,Magic Keyboard with Touch ID,1162,Accessories
"2022-03-30",5,HomePod,1202,Smart Speaker
"2023-07-10",5,Smart Cover for iPad,1014,Accessories
"2022-04-15",1,Apple Pencil (1st Generation),925,Accessories
"2023-06-08",1,Apple Watch Series 5,1296,Wearable
"2024-08-24",9,Apple Watch Nike Edition,884,Wearable
"2020-12-02",9,HomePod mini,266,Smart Speaker
"2023-09-08",1,MacBook (Early 2015),741,Laptop
"2020-09-26",1,Smart Keyboard Folio,572,Accessories
"2020-01-19",2,MacBook Pro 14-inch,768,Laptop
"2020-04-15",6,AirTag,677,Accessories
"2024-05-30",4,Apple News+,253,Subscription Service
"2020-08-26",10,iPhone 13 mini,1092,Smartphone
"2022-06-14",1,MagSafe Charger,1744,Accessories
"2022-09-10",3,Apple Watch Hermès,1712,Wearable
"2023-06-17",9,iPad mini (6th Generation),573,Tablet
"2021-03-01",1,MacBook (Early 2015),741,Laptop
"2023-04-26",9,Mac Pro (2023),681,Desktop
"2021-02-20",7,iPhone 12,1436,Smartphone
"2024-04-14",3,Mac Studio,613,Desktop
"2022-10-09",1,Apple Watch SE,1546,Wearable
"2020-08-16",7,AirPods Pro,1167,Audio
"2024-04-05",4,iPad mini (6th Generation),573,Tablet
"2024-08-09",2,iPhone 14 Pro,1380,Smartphone
"2024-04-29",9,AirPods (3rd Generation),1842,Audio
"2021-07-19",2,iPad mini (5th Generation),1912,Tablet
"2021-01-22",8,Apple TV+,404,Subscription Service
"2023-04-09",3,Beats Studio Buds,762,Audio
"2023-07-10",2,iMac 27-inch,1918,Desktop
"2020-11-22",6,Apple Watch Series 9,1014,Wearable
"2024-07-09",4,HomePod mini,266,Smart Speaker
"2021-10-09",10,Leather Case for iPhone,866,Accessories
"2024-02-22",4,MagSafe Battery Pack,1389,Accessories
"2024-03-18",4,Smart Keyboard Folio,572,Accessories
"2023-05-12",4,AirPods Pro,1167,Audio
"2023-04-04",3,iPhone 14 Pro,1380,Smartphone
"2023-12-20",3,Beats Studio Buds,762,Audio
"2021-06-27",7,Magic Keyboard,368,Accessories
"2020-06-25",8,MacBook (Early 2015),741,Laptop
"2024-04-26",2,AirPods Pro (2nd Generation),696,Audio
"2023-03-09",1,HomePod (2nd Generation),689,Audio
"2022-10-09",7,Apple Watch Ultra,346,Wearable
"2020-06-17",5,iPhone 14 Plus,1259,Smartphone
"2022-03-01",10,Apple Watch Series 9,1014,Wearable
"2021-12-16",1,iPad Pro (M1),1329,Tablet
"2020-06-19",9,Lightning to USB Cable,1434,Accessories
"2020-10-06",3,Apple Watch Nike Edition,884,Wearable
"2021-11-10",5,Silicone Case for iPhone,1210,Accessories
"2024-02-12",2,MagSafe Charger,1744,Accessories
"2024-06-29",7,iPad Pro 11-inch,1761,Tablet
"2020-06-01",8,iPad (9th Generation),1949,Tablet
"2021-10-20",10,Smart Keyboard Folio,572,Accessories
"2024-08-26",2,iMac 24-inch,449,Desktop
"2023-10-01",9,MacBook,1149,Laptop
"2020-06-15",2,Magic Trackpad,1242,Accessories
"2022-03-25",8,HomePod mini,438,Audio
"2023-11-17",6,Lightning to USB Cable,1434,Accessories
"2023-11-12",9,Magic Keyboard,368,Accessories
"2023-08-04",9,MacBook (Retina),231,Laptop
"2023-11-18",2,iPad Air (4th Generation),952,Tablet
"2022-12-31",6,iPhone 13,623,Smartphone
"2021-09-24",7,Apple Watch Series 7,1431,Wearable
"2022-02-01",9,Apple TV (3rd Generation),477,Streaming Device
"2021-08-02",5,iPhone 14 Pro Max,678,Smartphone
"2022-10-25",4,Mac Pro (2023),681,Desktop
"2023-02-21",6,Apple Music,1965,Subscription Service
"2020-06-06",5,Apple Pencil (2nd Generation),1506,Accessories
"2022-04-08",2,iPhone 13 Pro Max,820,Smartphone
"2024-07-14",8,AirTag,677,Accessories
"2022-11-09",2,Apple Watch Series 6,462,Wearable
"2023-05-29",4,iPhone 14 Plus,1259,Smartphone
"2022-09-11",5,iPhone 12 mini,1607,Smartphone
"2022-11-01",9,MagSafe Charger,1744,Accessories
"2021-05-15",10,Apple Music,1965,Subscription Service
"2020-10-31",10,Apple Watch Hermès,1712,Wearable
"2021-07-21",2,Mac Mini (M2),874,Desktop
"2023-11-11",1,Beats Powerbeats Pro,1060,Audio
"2023-08-27",10,Beats Studio Buds,762,Audio
"2024-04-08",10,Magic Mouse,313,Accessories
"2022-06-23",9,MacBook Air (M1),1783,Laptop
"2020-03-12",8,Apple Pencil (1st Generation),925,Accessories
"2022-07-29",10,MacBook (Retina),231,Laptop
"2023-12-08",6,Beats Powerbeats Pro,1060,Audio
"2023-07-18",9,iPhone 12 Pro,1342,Smartphone
"2022-02-18",8,Apple Watch Series 6,462,Wearable
"2020-06-26",5,MagSafe Battery Pack,1389,Accessories
"2023-05-21",10,Apple Watch Series 7,1431,Wearable
"2022-08-25",5,AirTag,677,Accessories
"2024-01-31",4,Mac Mini,555,Desktop
"2023-12-04",2,iPhone 12 Pro Max,544,Smartphone
"2020-05-21",5,MacBook Air (M2),1588,Laptop
"2022-01-17",3,Beats Solo Pro,1773,Audio
"2024-03-26",9,iPhone 12 Pro,1342,Smartphone
"2020-07-19",9,Beats Powerbeats Pro,1060,Audio
"2024-10-16",5,Apple Watch Hermès,1712,Wearable
"2023-07-19",3,Lightning to USB Cable,1434,Accessories
"2024-06-19",8,Apple TV+,404,Subscription Service
"2024-01-01",2,AirPods Pro (2nd Generation),696,Audio
"2024-05-20",8,iPhone 12,1436,Smartphone
"2020-12-11",7,Magic Keyboard,368,Accessories
"2021-11-21",5,iPhone SE (3rd Generation),923,Smartphone
"2024-01-17",1,Apple Watch Hermès,1712,Wearable
"2022-03-15",8,iMac with Retina Display,343,Desktop
"2020-07-30",4,iCloud,1181,Subscription Service
"2022-08-21",7,MacBook Pro 14-inch,768,Laptop
"2024-02-05",3,Apple Music,1965,Subscription Service
"2021-07-11",6,Smart Cover for iPad,1014,Accessories
"2020-02-23",3,iPad (9th Generation),1949,Tablet
"2023-02-18",6,Beats Fit Pro,1839,Audio
"2022-12-30",8,Apple Watch Series 7,1431,Wearable
"2023-08-20",3,Silicone Case for iPhone,1210,Accessories
"2023-01-14",10,Apple Watch Hermès,1712,Wearable
"2023-10-05",7,Mac Studio,613,Desktop
"2021-10-25",8,Apple News+,253,Subscription Service
"2024-05-02",3,iPhone 12,1436,Smartphone
"2021-03-21",10,MacBook Pro 14-inch,768,Laptop
"2021-01-02",1,Magic Trackpad,1242,Accessories
"2024-03-16",6,Apple Watch Series 8,1631,Wearable
"2022-11-23",8,Apple Arcade,549,Subscription Service
"2022-07-26",6,iPad mini (6th Generation),573,Tablet
"2020-06-22",5,iPhone 14 Plus,1259,Smartphone
"2024-04-19",8,HomePod mini,266,Smart Speaker
"2020-10-17",5,Mac Pro (Rack),1415,Desktop
"2024-08-29",4,Apple Watch Series 9,1014,Wearable
"2024-11-01",1,Smart Cover for iPad,1014,Accessories
"2023-01-15",3,Apple TV (3rd Generation),477,Streaming Device
"2020-07-17",10,iPhone 12 Pro Max,544,Smartphone
"2020-08-08",4,iPhone 14 Pro Max,678,Smartphone
"2023-02-06",3,Apple Watch Series 5,1296,Wearable
"2020-01-26",1,MacBook Air (Retina),1847,Laptop
"2021-07-17",2,Apple TV (3rd Generation),477,Streaming Device
"2022-01-04",1,Apple Watch SE,1546,Wearable
"2024-06-17",6,iPad (10th Generation),1735,Tablet
"2020-04-24",6,iPhone 13 Pro Max,820,Smartphone
"2021-10-03",9,Apple Watch SE,1546,Wearable
"2021-04-11",6,Mac Mini,555,Desktop
"2021-08-08",10,iPhone 13 Pro,308,Smartphone
"2021-10-12",7,iPad mini (5th Generation),1912,Tablet
"2023-06-22",3,MagSafe Charger,1744,Accessories
"2021-05-05",5,iMac with Retina Display,343,Desktop
"2021-01-23",2,iPad Pro (M1),1329,Tablet
"2022-10-08",6,iPad Pro 11-inch,1761,Tablet
"2023-04-20",1,iPhone 12,1436,Smartphone
"2021-05-19",9,iPad (9th Generation),1949,Tablet
"2021-04-15",3,HomePod mini,438,Audio
"2020-02-08",10,Apple Music,1965,Subscription Service
"2024-09-20",7,MacBook,1149,Laptop
"2024-07-14",4,Apple Pencil (1st Generation),925,Accessories
"2024-09-06",7,Mac Pro (Rack),1415,Desktop
"2023-03-17",8,iPhone 14 Pro Max,678,Smartphone
"2022-04-14",5,Mac Pro (Rack),1415,Desktop
"2020-10-21",1,iPhone 14 Plus,1259,Smartphone
"2023-02-27",7,MacBook Pro 16-inch,1179,Laptop
"2020-01-01",2,Mac Mini (M2),874,Desktop
"2021-02-01",6,MagSafe Charger,1744,Accessories
"2021-09-03",7,AirPods (2nd Generation),504,Audio
"2020-05-24",9,Mac Pro (Tower),458,Desktop
"2024-04-15",3,HomePod mini,266,Smart Speaker
"2023-08-23",1,AirPods (2nd Generation),504,Audio
"2023-12-01",5,Apple Watch Series 9,1014,Wearable
"2021-03-12",9,Magic Keyboard,368,Accessories
"2024-04-11",9,Beats Solo Pro,1773,Audio
"2020-01-21",9,Apple TV (3rd Generation),477,Streaming Device
"2022-02-04",9,Apple Watch Series 7,1431,Wearable
"2020-02-08",6,iPad mini (5th Generation),1912,Tablet
"2023-08-26",5,iPad (9th Generation),1949,Tablet
"2023-07-10",10,iCloud,1181,Subscription Service
"2020-07-14",5,Apple Watch Hermès,1712,Wearable
"2020-07-01",2,Beats Studio Buds,762,Audio
"2021-07-08",5,MacBook Air (M2),1588,Laptop
"2023-04-21",4,Magic Keyboard,368,Accessories
"2020-12-27",4,MacBook,1149,Laptop
"2020-04-02",3,Magic Trackpad,1242,Accessories
"2023-10-26",3,Apple Watch SE,1546,Wearable
"2024-04-28",3,Apple Watch Series 7,1431,Wearable
"2020-11-12",6,Apple Fitness+,923,Subscription Service
"2020-07-04",1,Magic Keyboard,368,Accessories
"2020-11-29",8,HomePod mini,266,Smart Speaker
"2024-07-27",4,iPad Pro 11-inch,1761,Tablet
"2023-03-27",9,Apple Arcade,549,Subscription Service
"2021-10-15",4,AirPods Pro,1167,Audio
"2022-12-08",1,iCloud,1181,Subscription Service
"2021-10-07",9,Apple News+,253,Subscription Service
"2022-08-28",7,AirPods Pro,1167,Audio
"2024-04-17",10,HomePod,1202,Smart Speaker
"2021-07-05",1,MagSafe Battery Pack,1389,Accessories
"2023-08-07",6,Mac Pro (2023),681,Desktop
"2023-01-13",1,MacBook Air (M2),1588,Laptop
"2024-04-09",6,iPad Air (5th Generation),1591,Tablet
"2020-09-21",8,iPhone 14 Pro Max,678,Smartphone
"2020-07-01",7,iPad mini (6th Generation),573,Tablet
"2020-04-17",9,iPad (10th Generation),1735,Tablet
"2021-08-08",1,Mac Pro (2023),681,Desktop
"2020-02-06",5,Mac Studio,613,Desktop
"2022-05-16",1,AirPods Pro (2nd Generation),696,Audio
"2021-10-20",3,Apple Watch Series 8,1631,Wearable
"2021-10-27",5,Apple Watch SE,1546,Wearable
"2024-01-01",9,Leather Case for iPhone,866,Accessories
"2022-04-12",1,Apple One,488,Subscription Service
"2024-05-23",5,iCloud,1181,Subscription Service
"2020-06-24",8,iPad Pro 11-inch,1761,Tablet
"2023-05-21",10,iPhone 13 Pro,308,Smartphone
"2024-10-06",1,iPhone 14 Pro Max,678,Smartphone
"2020-01-30",9,Smart Keyboard Folio,572,Accessories
"2020-04-18",4,Apple Watch Hermès,1712,Wearable
"2023-05-19",5,iPhone 14 Pro,1380,Smartphone
"2024-09-04",6,Apple Fitness+,923,Subscription Service
"2020-10-10",3,Apple Music,1965,Subscription Service
"2023-01-21",9,iPhone 13 Pro Max,820,Smartphone
"2024-01-19",8,Apple Watch Ultra,346,Wearable
"2024-08-18",2,Apple TV+,404,Subscription Service
"2021-09-30",7,MacBook (Early 2015),741,Laptop
"2022-11-30",7,Apple TV+,404,Subscription Service
"2021-12-14",2,MacBook (Early 2015),741,Laptop
"2022-12-04",6,Magic Keyboard,368,Accessories
"2023-07-31",4,MacBook Pro (Touch Bar),1304,Laptop
"2020-09-01",2,Beats Powerbeats Pro,1060,Audio
"2020-07-17",9,MacBook Pro (Touch Bar),1304,Laptop
"2024-10-12",6,iPhone 13 Pro,308,Smartphone
"2023-08-13",3,Apple Fitness+,923,Subscription Service
"2021-03-27",3,iPad Pro (M2),1826,Tablet
"2021-08-16",10,MacBook Pro 14-inch,768,Laptop
"2021-12-10",9,iMac 24-inch,449,Desktop
"2023-09-15",1,iPad Pro 12.9-inch,1167,Tablet
"2020-11-10",2,iPhone 12 Pro,1342,Smartphone
"2023-11-19",10,MagSafe Charger,1744,Accessories
"2024-10-22",9,iPad Air (5th Generation),1591,Tablet
"2023-12-13",9,HomePod (2nd Generation),689,Audio
"2023-12-17",4,Apple Pencil (1st Generation),925,Accessories
"2023-08-20",2,MagSafe Charger,1744,Accessories
"2024-11-01",2,MacBook (Retina),231,Laptop
"2021-10-21",10,Smart Keyboard Folio,572,Accessories
"2023-11-15",10,Apple Music,1965,Subscription Service
"2021-10-23",7,iPhone 12 Pro Max,544,Smartphone
"2020-03-19",7,Beats Studio Buds,762,Audio
"2021-05-10",9,Lightning to USB Cable,1434,Accessories
"2024-02-24",5,Magic Trackpad,1242,Accessories
"2022-07-18",1,MacBook Air (Retina),1847,Laptop
"2023-04-05",8,iPad Air (5th Generation),1591,Tablet
"2023-09-17",2,MacBook Pro 16-inch,1179,Laptop
"2020-12-28",5,AirPods Pro,1167,Audio
"2021-02-15",7,iPad Pro (M1),1329,Tablet
"2021-03-08",8,MacBook (Early 2015),741,Laptop
"2023-07-28",5,AirPods (2nd Generation),504,Audio
"2024-11-10",1,Mac Studio,613,Desktop
"2021-07-07",3,iPad mini (6th Generation),573,Tablet
"2021-06-06",10,iPhone 12 Pro Max,544,Smartphone
"2023-05-04",4,iPad (9th Generation),1949,Tablet
"2023-01-25",3,iPhone 13 Pro,308,Smartphone
"2024-01-28",1,Mac Pro (2023),681,Desktop
"2024-04-25",3,Magic Keyboard,368,Accessories
"2020-09-12",7,iCloud,1181,Subscription Service
"2022-09-18",4,iPhone SE (3rd Generation),923,Smartphone
"2023-07-05",4,Magic Keyboard with Touch ID,1162,Accessories
"2024-04-21",9,AirPods (3rd Generation),1842,Audio
"2022-03-30",6,iPad Pro (M1),1329,Tablet
"2024-07-05",2,Mac Pro (Tower),458,Desktop
"2021-10-05",10,Apple One,488,Subscription Service
"2020-01-17",1,AirPods Pro (2nd Generation),696,Audio
"2020-04-29",4,MacBook Pro 16-inch,1179,Laptop
"2020-09-10",4,Apple Watch Series 7,1431,Wearable
"2024-02-08",5,iCloud,1181,Subscription Service
"2024-01-26",3,Apple Fitness+,923,Subscription Service
"2022-02-12",9,MacBook Pro (Touch Bar),1304,Laptop
"2023-11-06",1,Mac Pro (2023),681,Desktop
"2024-03-01",3,iPad Pro (M2),1826,Tablet
"2022-09-02",10,Apple Pencil (2nd Generation),1506,Accessories
"2022-10-22",1,iPad Pro 11-inch,1761,Tablet
"2022-07-10",10,Apple Pencil (1st Generation),925,Accessories
"2022-03-31",6,MagSafe Battery Pack,1389,Accessories
"2021-12-11",7,Beats Fit Pro,1839,Audio
"2020-09-04",10,Apple Pencil (2nd Generation),1506,Accessories
"2021-06-22",2,Lightning to USB Cable,1434,Accessories
"2022-09-10",10,iMac 27-inch,1918,Desktop
"2020-03-26",2,iPad Pro 11-inch,1761,Tablet
"2020-01-06",8,Apple Watch Ultra,346,Wearable
"2021-02-02",3,Silicone Case for iPhone,1210,Accessories
"2024-05-14",1,Apple TV (3rd Generation),477,Streaming Device
"2023-07-28",6,Apple TV HD,1258,Streaming Device
"2020-07-18",5,iPhone 14 Pro,1380,Smartphone
"2022-03-18",5,AirTag,677,Accessories
"2021-03-04",5,Apple Pencil (1st Generation),925,Accessories
"2023-08-12",3,Apple TV HD,1258,Streaming Device
"2020-11-12",9,AirTag,677,Accessories
"2020-04-22",4,iMac 24-inch,449,Desktop
"2024-08-31",1,Apple TV (3rd Generation),477,Streaming Device
"2020-03-19",6,MacBook (Retina),231,Laptop
"2021-03-03",2,iPhone 14 Pro Max,678,Smartphone
"2020-04-02",8,iPhone SE (3rd Generation),923,Smartphone
"2024-09-30",6,Apple Arcade,549,Subscription Service
"2023-01-15",3,iPad Pro 12.9-inch,1167,Tablet
"2022-09-28",9,MagSafe Battery Pack,1389,Accessories
"2020-05-19",4,iPhone 12 Pro,1342,Smartphone
"2024-11-08",4,AirPods (2nd Generation),504,Audio
"2024-04-27",6,AirPods Max,1603,Audio
"2022-01-19",7,HomePod (2nd Generation),689,Audio
"2021-05-08",10,MagSafe Battery Pack,1389,Accessories
"2022-12-02",8,iMac Pro,1081,Desktop
"2023-09-21",9,Apple TV (3rd Generation),477,Streaming Device
"2020-06-09",3,MacBook Pro (Touch Bar),1304,Laptop
"2024-04-17",8,Apple Watch Series 9,1014,Wearable
"2021-01-31",6,Beats Solo Pro,1773,Audio
"2022-04-28",8,iPhone 13 Pro Max,820,Smartphone
"2024-10-31",9,Beats Studio Buds,762,Audio
"2022-05-26",6,MacBook Air (M1),1783,Laptop
"2021-06-28",2,MacBook Pro 16-inch,1179,Laptop
"2024-07-21",2,Leather Case for iPhone,866,Accessories
"2021-01-11",6,Leather Case for iPhone,866,Accessories
"2022-10-30",5,MagSafe Charger,1744,Accessories
"2024-04-18",5,iPhone 13 Pro,308,Smartphone
"2024-04-28",6,Apple TV 4K,1255,Streaming Device
"2023-09-08",3,Apple Watch Ultra,346,Wearable
"2021-05-25",7,iPad (9th Generation),1949,Tablet
"2024-01-11",3,AirPods (3rd Generation),1842,Audio
"2021-02-28",7,Beats Powerbeats Pro,1060,Audio
"2023-05-12",10,HomePod,1202,Smart Speaker
"2020-09-14",8,iPad (10th Generation),1735,Tablet
"2022-11-14",2,AirPods (2nd Generation),504,Audio
"2021-04-15",4,Apple TV 4K,1255,Streaming Device
"2022-09-06",8,Apple Pencil (1st Generation),925,Accessories
"2023-03-27",9,iPhone 12,1436,Smartphone
"2020-09-12",6,AirPods Pro (2nd Generation),696,Audio
"2020-06-19",7,Apple Watch Series 8,1631,Wearable
"2023-05-08",3,MacBook (Retina),231,Laptop
"2023-06-15",6,iPad Air (5th Generation),1591,Tablet
"2022-12-15",6,MacBook Air (Retina),1847,Laptop
"2022-04-01",8,AirPods Pro (2nd Generation),696,Audio
"2024-06-23",6,Magic Trackpad,1242,Accessories
"2021-07-04",6,Apple Watch Series 8,1631,Wearable
"2020-03-12",10,Apple Watch Series 5,1296,Wearable
"2024-02-21",4,MacBook (Retina),231,Laptop
"2020-11-05",1,iPad Pro 12.9-inch,1167,Tablet
"2023-05-09",8,Mac Studio,613,Desktop
"2022-04-24",4,Apple Watch Series 5,1296,Wearable
"2024-04-24",10,Lightning to USB Cable,1434,Accessories
"2020-12-26",6,Apple TV (3rd Generation),477,Streaming Device
"2023-04-28",10,Beats Studio Buds,762,Audio
"2024-06-10",1,Mac Studio,613,Desktop
"2022-08-21",3,iMac Pro,1081,Desktop
"2020-02-15",4,Apple Arcade,549,Subscription Service
"2024-07-25",10,Beats Fit Pro,1839,Audio
"2021-11-22",7,HomePod mini,438,Audio
"2024-10-30",2,iMac 27-inch,1918,Desktop
"2020-12-04",10,iMac with Retina Display,343,Desktop
"2021-08-10",10,MacBook Air (M1),1783,Laptop
"2020-08-23",1,MacBook Pro 16-inch,1179,Laptop
"2021-04-06",8,MacBook Air (M2),1588,Laptop
"2022-05-29",3,iPhone 13 Pro Max,820,Smartphone
"2024-03-30",7,MacBook Air (Retina),1847,Laptop
"2022-11-11",3,HomePod mini,438,Audio
"2024-01-14",10,Apple Pencil (2nd Generation),1506,Accessories
"2021-12-02",7,AirPods Max,1603,Audio
"2020-11-20",5,Apple Watch SE,1546,Wearable
"2022-04-17",8,Mac Pro (Rack),1415,Desktop
"2020-03-03",5,Apple Watch Nike Edition,884,Wearable
"2024-05-10",10,iPhone 14 Pro,1380,Smartphone
"2020-11-13",1,iPhone 14 Pro Max,678,Smartphone
"2024-10-29",5,iMac Pro,1081,Desktop
"2021-01-20",1,HomePod,1202,Smart Speaker
"2022-04-10",3,Magic Trackpad,1242,Accessories
"2021-03-06",8,Apple Watch Series 9,1014,Wearable
"2023-03-18",8,iPhone 12,1436,Smartphone
"2020-04-10",5,Apple TV 4K,1255,Streaming Device
"2024-02-12",6,Mac Mini (M2),874,Desktop
"2021-11-23",5,Beats Studio Buds,762,Audio
"2023-06-06",7,iPad Pro 11-inch,1761,Tablet
"2021-10-20",10,Apple Arcade,549,Subscription Service
"2021-12-27",3,iPhone 12,1436,Smartphone
"2024-09-04",4,Mac Mini,555,Desktop
"2024-01-08",6,iPhone 13,623,Smartphone
"2023-01-02",7,MacBook Pro 14-inch,768,Laptop
"2023-09-04",9,iPhone 12 Pro,1342,Smartphone
"2021-04-12",1,Mac Pro (2023),681,Desktop
"2023-05-02",7,iPad Pro 11-inch,1761,Tablet
"2021-03-15",4,iPad (10th Generation),1735,Tablet
"2022-12-25",9,Apple One,488,Subscription Service
"2021-06-05",4,iMac Pro,1081,Desktop
"2023-11-26",2,iPhone 13 Pro,308,Smartphone
"2021-10-14",3,Beats Powerbeats Pro,1060,Audio
"2020-03-14",1,iMac Pro,1081,Desktop
"2021-11-20",4,Apple TV+,404,Subscription Service
"2024-10-19",10,iMac Pro,1081,Desktop
"2020-05-16",10,Apple Watch Nike Edition,884,Wearable
"2023-10-27",3,Beats Solo Pro,1773,Audio
"2022-02-09",7,Apple TV (3rd Generation),477,Streaming Device
"2022-04-09",8,Beats Powerbeats Pro,1060,Audio
"2021-03-16",1,iPhone 13 Pro Max,820,Smartphone
"2022-01-30",3,Mac Mini (M2),874,Desktop
"2021-06-24",2,AirTag,677,Accessories
"2024-02-23",8,iPad mini (5th Generation),1912,Tablet
"2023-04-29",7,iPad Pro 12.9-inch,1167,Tablet
"2021-09-18",8,iMac 27-inch,1918,Desktop
"2024-10-22",8,Mac Mini (M2),874,Desktop
"2020-07-16",4,Apple Watch Series 9,1014,Wearable
"2021-09-08",5,Mac Mini (M2),874,Desktop
"2021-09-30",2,iPhone 13 Pro,308,Smartphone
"2024-01-30",9,MacBook Pro (Touch Bar),1304,Laptop
"2024-09-08",10,iPhone 12,1436,Smartphone
"2020-01-30",2,Apple One,488,Subscription Service
"2023-05-30",1,iPad (10th Generation),1735,Tablet
"2024-04-02",7,Smart Keyboard Folio,572,Accessories
"2023-12-24",10,AirTag,677,Accessories
"2022-08-15",3,Apple Pencil (1st Generation),925,Accessories
"2021-04-04",7,HomePod,1202,Smart Speaker
"2023-08-19",1,Beats Fit Pro,1839,Audio
"2021-01-18",6,iMac Pro,1081,Desktop
"2020-09-16",1,Apple Watch Series 8,1631,Wearable
"2021-01-12",9,Beats Studio Buds,762,Audio
"2020-12-04",5,Silicone Case for iPhone,1210,Accessories
"2020-12-16",2,iPad Pro 12.9-inch,1167,Tablet
"2022-03-18",6,MacBook Pro 16-inch,1179,Laptop
"2020-12-12",3,Apple Pencil (1st Generation),925,Accessories
"2020-12-03",10,iPhone 14 Pro Max,678,Smartphone
"2023-08-01",1,iPhone 13 Pro,308,Smartphone
"2020-11-21",9,iPhone 12 Pro Max,544,Smartphone
"2022-03-19",6,Apple Fitness+,923,Subscription Service
"2021-02-22",9,Magic Trackpad,1242,Accessories
"2024-03-31",9,Beats Fit Pro,1839,Audio
"2022-06-04",8,iPhone 14,1476,Smartphone
"2023-10-18",2,iPhone 14 Pro Max,678,Smartphone
"2024-01-27",4,iPad (9th Generation),1949,Tablet
"2024-10-19",6,MacBook Air (M2),1588,Laptop
"2024-09-11",10,MacBook Air (M2),1588,Laptop
"2021-08-14",2,iCloud,1181,Subscription Service
"2022-05-01",10,Magic Mouse,313,Accessories
"2024-01-03",7,HomePod,1202,Smart Speaker
"2022-01-03",2,Leather Case for iPhone,866,Accessories
"2024-02-15",9,AirPods (2nd Generation),504,Audio
"2020-10-08",7,Apple Watch Series 6,462,Wearable
"2023-01-30",2,iPhone 13 Pro Max,820,Smartphone
"2024-03-20",4,AirPods (2nd Generation),504,Audio
"2021-08-30",8,iPhone 14 Pro Max,678,Smartphone
"2024-07-28",8,AirTag,677,Accessories
"2022-12-18",2,Apple Watch Nike Edition,884,Wearable
"2022-07-24",1,MacBook,1149,Laptop
"2021-03-23",6,MagSafe Charger,1744,Accessories
"2020-07-18",7,Magic Keyboard,368,Accessories
"2021-03-08",6,iPad Pro 12.9-inch,1167,Tablet
"2023-07-19",10,Apple Pencil (2nd Generation),1506,Accessories
"2020-12-09",7,Mac Mini (M2),874,Desktop
"2021-04-14",6,Mac Pro (Rack),1415,Desktop
"2021-02-22",5,AirPods Max,1603,Audio
"2021-01-13",6,iPhone 14 Plus,1259,Smartphone
"2024-01-07",7,iPad Pro 11-inch,1761,Tablet
"2024-05-28",6,MacBook Pro 13-inch,1351,Laptop
"2022-06-27",4,AirPods Pro,1167,Audio
"2024-04-26",5,Magic Keyboard with Touch ID,1162,Accessories
"2022-04-21",5,Magic Keyboard,368,Accessories
"2023-04-22",10,MacBook Pro 16-inch,1179,Laptop
"2023-05-06",2,Silicone Case for iPhone,1210,Accessories
"2022-02-02",10,Magic Keyboard with Touch ID,1162,Accessories
"2024-07-19",10,Apple Watch Nike Edition,884,Wearable
"2021-07-26",7,Mac Mini (M2),874,Desktop
"2023-01-01",3,iPhone 13 Pro Max,820,Smartphone
"2020-04-13",6,Apple TV (3rd Generation),477,Streaming Device
"2024-10-30",5,Apple Watch Series 7,1431,Wearable
"2023-02-02",10,iMac 27-inch,1918,Desktop
"2020-04-08",4,Lightning to USB Cable,1434,Accessories
"2023-04-16",9,Apple Arcade,549,Subscription Service
"2020-09-15",3,Magic Trackpad,1242,Accessories
"2020-09-26",9,iPad (10th Generation),1735,Tablet
"2023-12-02",9,Mac Pro (Rack),1415,Desktop
"2021-07-14",10,MagSafe Charger,1744,Accessories
"2023-03-08",2,HomePod mini,438,Audio
"2024-03-24",7,Smart Cover for iPad,1014,Accessories
"2021-01-12",5,iPhone 12,1436,Smartphone
"2020-11-22",3,Beats Fit Pro,1839,Audio
"2020-12-19",8,Apple Pencil (1st Generation),925,Accessories
"2021-03-21",5,Apple TV+,404,Subscription Service
"2021-02-15",9,MagSafe Charger,1744,Accessories
"2024-06-17",3,Apple Watch Series 8,1631,Wearable
"2020-11-29",7,iPhone 14,1476,Smartphone
"2020-08-21",5,Leather Case for iPhone,866,Accessories
"2023-05-15",3,Mac Pro (2023),681,Desktop
"2021-10-16",7,Apple TV (3rd Generation),477,Streaming Device
"2023-06-08",9,AirTag,677,Accessories
"2020-01-23",6,iCloud,1181,Subscription Service
"2020-02-15",2,Smart Cover for iPad,1014,Accessories
"2022-11-17",3,iPhone 14 Pro,1380,Smartphone
"2024-11-07",1,Magic Keyboard with Touch ID,1162,Accessories
"2022-03-28",8,iPad Air (4th Generation),952,Tablet
"2021-01-10",9,Apple Watch SE,1546,Wearable
"2021-04-07",7,iPad Pro 11-inch,1761,Tablet
"2023-06-19",9,AirPods Pro (2nd Generation),696,Audio
"2024-10-24",5,MacBook (Early 2015),741,Laptop
"2022-11-20",3,iMac 24-inch,449,Desktop
"2021-02-26",7,Lightning to USB Cable,1434,Accessories
"2020-03-08",5,iPad Air (5th Generation),1591,Tablet
"2022-03-16",10,Apple TV HD,1258,Streaming Device
"2021-01-17",4,Mac Pro (Rack),1415,Desktop
"2024-05-26",8,Leather Case for iPhone,866,Accessories
"2020-10-29",5,Apple One,488,Subscription Service
"2023-11-04",8,iCloud,1181,Subscription Service
"2023-01-06",10,iPad mini (5th Generation),1912,Tablet
"2020-10-22",5,iMac with Retina Display,343,Desktop
"2023-03-18",8,iMac 27-inch,1918,Desktop
"2021-09-22",10,iMac with Retina Display,343,Desktop
"2023-12-06",8,iPhone 14 Pro Max,678,Smartphone
"2020-12-09",10,MacBook (Early 2015),741,Laptop
"2022-11-06",7,iPhone 12 Pro,1342,Smartphone
"2020-01-28",5,Mac Pro (Tower),458,Desktop
"2022-03-16",6,Leather Case for iPhone,866,Accessories
"2021-09-25",4,MagSafe Battery Pack,1389,Accessories
"2023-07-10",10,iPad Air (5th Generation),1591,Tablet
"2021-04-06",2,Mac Pro (Tower),458,Desktop
"2024-03-21",4,Magic Trackpad,1242,Accessories
"2021-02-13",9,iPhone 14 Plus,1259,Smartphone
"2023-01-20",3,iPhone 14 Pro,1380,Smartphone
"2022-10-28",3,Apple TV HD,1258,Streaming Device
"2020-01-10",10,Apple TV 4K,1255,Streaming Device
"2021-10-10",7,Apple Watch Series 7,1431,Wearable
"2024-02-20",5,MacBook,1149,Laptop
"2020-01-05",1,Apple One,488,Subscription Service
"2021-04-23",10,iPad Air (4th Generation),952,Tablet
"2023-05-13",2,Apple Fitness+,923,Subscription Service
"2020-06-10",9,Beats Powerbeats Pro,1060,Audio
"2021-09-15",3,Mac Pro (2023),681,Desktop
"2021-06-14",2,Apple Watch Series 9,1014,Wearable
"2022-12-17",2,Apple Watch SE,1546,Wearable
"2021-07-05",2,iPhone 12 Pro,1342,Smartphone
"2024-04-25",3,iPad mini (5th Generation),1912,Tablet
"2021-11-19",9,MacBook Air (M1),1783,Laptop
"2023-08-27",2,Apple TV 4K,1255,Streaming Device
"2020-08-08",6,Apple TV+,404,Subscription Service
"2021-11-12",6,Apple Watch Series 8,1631,Wearable
"2020-10-05",9,iPad (9th Generation),1949,Tablet
"2022-10-25",5,MacBook Air (M1),1783,Laptop
"2021-12-24",8,Apple Watch Series 6,462,Wearable
"2021-07-02",2,iMac Pro,1081,Desktop
"2024-11-12",9,Apple TV 4K,1255,Streaming Device
"2020-12-06",8,MacBook Pro (Touch Bar),1304,Laptop
"2023-07-31",4,Leather Case for iPhone,866,Accessories
"2023-05-22",7,Beats Studio Buds,762,Audio
"2022-10-18",6,Apple Watch Series 7,1431,Wearable
"2021-11-01",2,iPhone 12,1436,Smartphone
"2020-06-30",9,iCloud,1181,Subscription Service
"2020-06-23",9,iPad (10th Generation),1735,Tablet
"2022-11-07",9,iMac with Retina Display,343,Desktop
"2022-11-26",9,MagSafe Charger,1744,Accessories
"2022-05-11",10,iPhone SE (3rd Generation),923,Smartphone
"2022-08-19",4,MacBook Pro 13-inch,1351,Laptop
"2022-10-27",6,Apple Arcade,549,Subscription Service
"2022-01-02",9,Apple Watch Hermès,1712,Wearable
"2020-03-22",2,AirTag,677,Accessories
"2020-01-28",7,Apple Fitness+,923,Subscription Service
"2022-08-16",7,Mac Pro (2023),681,Desktop
"2021-03-03",7,iPhone 12 Pro Max,544,Smartphone
"2023-02-26",8,iPhone 13 Pro Max,820,Smartphone
"2020-03-09",3,Beats Studio Buds,762,Audio
"2022-12-09",4,Silicone Case for iPhone,1210,Accessories
"2022-01-03",6,Apple One,488,Subscription Service
"2023-01-20",1,MacBook Air (M1),1783,Laptop
"2024-11-06",4,Lightning to USB Cable,1434,Accessories
"2020-12-31",6,Magic Mouse,313,Accessories
"2021-03-04",7,iPad Air (4th Generation),952,Tablet
"2022-03-08",6,Beats Powerbeats Pro,1060,Audio
"2021-05-27",6,MacBook Air (M1),1783,Laptop
"2022-06-21",8,AirPods (2nd Generation),504,Audio
"2020-06-24",4,iPad Pro 12.9-inch,1167,Tablet
"2022-04-10",7,Apple One,488,Subscription Service
"2022-10-10",5,iPhone 14 Plus,1259,Smartphone
"2022-08-17",1,iPad mini (6th Generation),573,Tablet
"2020-09-14",2,Apple News+,253,Subscription Service
"2021-01-02",9,MacBook Pro 14-inch,768,Laptop
"2022-06-06",3,iPhone 12,1436,Smartphone
"2023-02-27",8,Magic Trackpad,1242,Accessories
"2022-04-02",6,AirPods (3rd Generation),1842,Audio
"2022-06-13",1,MacBook Air (M1),1783,Laptop
"2020-10-13",9,iMac 24-inch,449,Desktop
"2023-09-04",7,iPhone 14 Pro Max,678,Smartphone
"2020-05-16",8,AirPods Max,1603,Audio
"2023-12-27",8,iPhone 12 Pro Max,544,Smartphone
"2023-06-04",4,Apple Watch Nike Edition,884,Wearable
"2020-04-15",2,Mac Pro (2023),681,Desktop
"2021-08-15",1,iPhone SE (3rd Generation),923,Smartphone
"2020-08-20",5,iPad (9th Generation),1949,Tablet
"2024-07-29",2,iPad Pro (M1),1329,Tablet
"2023-10-09",3,iPhone 12 mini,1607,Smartphone
"2023-08-04",6,iMac 27-inch,1918,Desktop
"2020-07-27",10,Apple TV 4K,1255,Streaming Device
"2024-10-29",2,Smart Keyboard Folio,572,Accessories
"2024-09-11",10,Lightning to USB Cable,1434,Accessories
"2023-10-29",2,Apple TV (3rd Generation),477,Streaming Device
"2021-08-17",4,iPhone 13 Pro,308,Smartphone
"2024-08-05",4,iPad (9th Generation),1949,Tablet
"2022-08-18",5,MacBook Pro 13-inch,1351,Laptop
"2021-01-22",1,Apple TV+,404,Subscription Service
"2022-05-07",7,iPhone 12 Pro,1342,Smartphone
"2024-01-01",10,Beats Solo Pro,1773,Audio
"2020-06-14",9,MacBook Pro 16-inch,1179,Laptop
"2020-02-08",4,Apple Watch Series 9,1014,Wearable
"2024-02-25",3,Beats Fit Pro,1839,Audio
"2020-09-19",1,iPad Pro (M1),1329,Tablet
"2023-01-27",6,Smart Cover for iPad,1014,Accessories
"2021-08-07",5,iPad Pro (M1),1329,Tablet
"2023-05-02",3,Apple TV+,404,Subscription Service
"2021-02-14",9,Apple Watch Series 5,1296,Wearable
"2021-02-05",5,AirPods (3rd Generation),1842,Audio
"2024-10-30",9,Apple Watch Series 6,462,Wearable
"2023-12-14",6,Magic Keyboard with Touch ID,1162,Accessories
"2024-10-19",1,MacBook Pro (Touch Bar),1304,Laptop
"2021-03-14",6,iPhone 13 mini,1092,Smartphone
"2022-10-09",7,Apple Fitness+,923,Subscription Service
"2024-07-14",6,Apple Fitness+,923,Subscription Service
"2024-09-25",7,Apple Watch Hermès,1712,Wearable
"2023-12-26",3,MacBook (Retina),231,Laptop
"2021-12-31",5,iPad mini (5th Generation),1912,Tablet
"2022-05-06",10,iPad Pro (M2),1826,Tablet
"2020-04-13",1,Mac Mini (M2),874,Desktop
"2024-06-19",2,Magic Mouse,313,Accessories
"2021-05-21",1,Leather Case for iPhone,866,Accessories
"2023-01-25",10,iPhone 14 Plus,1259,Smartphone
"2023-09-17",9,iMac 27-inch,1918,Desktop
"2020-06-11",7,MacBook (Retina),231,Laptop
"2022-06-02",9,Apple Pencil (1st Generation),925,Accessories
"2023-08-11",8,MacBook (Retina),231,Laptop
"2022-05-29",4,Magic Mouse,313,Accessories
"2024-02-04",7,Apple Watch SE,1546,Wearable
"2020-05-03",1,Apple Watch Series 9,1014,Wearable
"2020-02-19",6,Apple One,488,Subscription Service
"2022-01-13",10,MacBook Pro 13-inch,1351,Laptop
"2022-12-25",1,Apple Watch SE,1546,Wearable
"2022-11-09",6,MacBook (Retina),231,Laptop
"2021-05-17",6,Silicone Case for iPhone,1210,Accessories
"2021-05-01",10,MacBook Pro 14-inch,768,Laptop
"2020-01-03",4,iPad Pro (M2),1826,Tablet
"2020-07-04",1,Mac Mini (M2),874,Desktop
"2022-07-14",8,Mac Pro (2023),681,Desktop
"2021-08-10",1,iPhone 14,1476,Smartphone
"2022-10-31",3,HomePod,1202,Smart Speaker
"2020-04-04",5,MacBook Air (M1),1783,Laptop
"2021-02-22",1,MacBook Pro 16-inch,1179,Laptop
"2024-05-23",2,AirTag,677,Accessories
"2021-08-28",2,iPad Pro 12.9-inch,1167,Tablet
"2020-01-27",3,iPhone 14 Pro,1380,Smartphone
"2021-09-05",10,Beats Studio Buds,762,Audio
"2020-03-09",1,MacBook Pro (Touch Bar),1304,Laptop
"2022-08-28",5,Apple TV HD,1258,Streaming Device
"2021-01-01",6,Beats Studio Buds,762,Audio
"2023-04-03",8,Silicone Case for iPhone,1210,Accessories
"2023-10-19",7,Magic Keyboard with Touch ID,1162,Accessories
"2022-06-06",2,MagSafe Charger,1744,Accessories
"2023-03-27",10,Leather Case for iPhone,866,Accessories
"2021-07-10",9,Apple Watch Series 6,462,Wearable
"2020-04-23",7,Apple Watch Series 5,1296,Wearable
"2023-02-18",5,AirPods (2nd Generation),504,Audio
"2022-09-02",2,iPad Air (4th Generation),952,Tablet
"2024-04-14",8,iPhone 13 Pro Max,820,Smartphone
"2020-03-05",4,iPhone 14 Plus,1259,Smartphone
"2022-08-18",1,iPhone 12 Pro,1342,Smartphone
"2021-01-26",5,Mac Pro (Tower),458,Desktop
"2020-10-25",8,Lightning to USB Cable,1434,Accessories
"2021-07-31",2,Apple TV (3rd Generation),477,Streaming Device
"2021-07-03",5,AirPods Pro,1167,Audio
"2020-06-19",6,Beats Studio Buds,762,Audio
"2022-10-21",6,Apple Watch SE,1546,Wearable
"2022-05-07",3,iPhone 12 Pro Max,544,Smartphone
"2023-08-27",10,iPad mini (6th Generation),573,Tablet
"2020-06-01",8,MacBook (Retina),231,Laptop
"2024-05-16",6,Mac Pro (Tower),458,Desktop
"2024-08-10",6,iPad Air (5th Generation),1591,Tablet
"2024-08-17",10,Apple Pencil (2nd Generation),1506,Accessories
"2020-04-13",5,iPhone 12 Pro,1342,Smartphone
"2024-01-18",6,iPhone 12 Pro,1342,Smartphone
"2024-03-17",2,Apple Watch Hermès,1712,Wearable
"2021-10-27",2,Apple Watch Series 9,1014,Wearable
"2020-11-24",2,iPad Pro (M2),1826,Tablet
"2023-05-07",8,MacBook Air (M2),1588,Laptop
"2020-02-22",3,Apple Watch SE,1546,Wearable
"2020-07-31",8,Apple One,488,Subscription Service
"2020-02-20",10,Apple Watch SE,1546,Wearable
"2022-11-02",7,iPad mini (5th Generation),1912,Tablet
"2024-06-07",6,iPad Air (4th Generation),952,Tablet
"2024-07-31",10,Mac Mini (M2),874,Desktop
"2022-02-18",4,Mac Studio,613,Desktop
"2021-04-26",2,Apple TV HD,1258,Streaming Device
"2024-03-28",9,Magic Trackpad,1242,Accessories
"2021-10-28",6,Beats Fit Pro,1839,Audio
"2023-07-30",7,iPhone 13 Pro Max,820,Smartphone
"2024-06-30",10,MacBook Pro 16-inch,1179,Laptop
"2020-04-15",3,MagSafe Battery Pack,1389,Accessories
"2020-05-23",4,AirPods Pro,1167,Audio
"2024-08-02",10,Apple Watch Series 7,1431,Wearable
"2020-10-08",3,iMac 27-inch,1918,Desktop
"2024-01-11",3,Beats Powerbeats Pro,1060,Audio
"2021-12-05",1,iMac 24-inch,449,Desktop
"2024-09-03",2,AirPods Max,1603,Audio
"2021-12-11",10,MacBook Air (Retina),1847,Laptop
"2024-05-29",4,Lightning to USB Cable,1434,Accessories
"2021-06-22",8,iPhone 12 Pro Max,544,Smartphone
"2024-03-11",7,Apple TV HD,1258,Streaming Device
"2023-02-26",5,iPhone 12 Pro Max,544,Smartphone
"2023-06-20",9,MacBook (Early 2015),741,Laptop
"2023-06-15",6,AirTag,677,Accessories
"2024-11-09",10,Beats Powerbeats Pro,1060,Audio
"2021-10-22",5,iPhone 12 mini,1607,Smartphone
"2020-05-21",4,iPhone 14 Pro,1380,Smartphone
"2023-10-18",1,AirPods (3rd Generation),1842,Audio
"2020-10-16",1,iPad (9th Generation),1949,Tablet
"2022-07-15",6,Mac Mini,555,Desktop
"2021-02-22",2,AirTag,677,Accessories
"2020-10-05",7,iPhone 14 Plus,1259,Smartphone
"2024-10-29",4,iPhone 14 Plus,1259,Smartphone
"2024-05-24",2,Beats Powerbeats Pro,1060,Audio
"2023-08-30",6,MacBook Pro 14-inch,768,Laptop
"2024-11-05",10,Mac Pro (Tower),458,Desktop
"2020-08-08",4,Magic Keyboard,368,Accessories
"2022-09-08",7,Mac Mini (M2),874,Desktop
"2022-10-25",1,Apple Watch Ultra,346,Wearable
"2022-01-07",1,Apple TV 4K,1255,Streaming Device
"2021-11-08",6,Smart Cover for iPad,1014,Accessories
"2023-07-22",10,Beats Fit Pro,1839,Audio
"2022-12-20",2,iPad Pro (M1),1329,Tablet
"2022-06-28",5,Apple One,488,Subscription Service
"2024-03-31",6,iPad Pro (M1),1329,Tablet
"2021-08-08",10,MacBook Pro 14-inch,768,Laptop
"2022-09-24",2,Magic Keyboard,368,Accessories
"2024-03-24",8,Apple TV (3rd Generation),477,Streaming Device
"2020-03-31",5,Smart Cover for iPad,1014,Accessories
"2023-04-23",7,Beats Solo Pro,1773,Audio
"2021-08-04",10,Apple Watch Series 6,462,Wearable
"2024-02-08",10,Magic Keyboard,368,Accessories
"2023-02-02",10,Magic Trackpad,1242,Accessories
"2023-08-22",1,AirPods (2nd Generation),504,Audio
"2020-10-03",6,MacBook Pro (Touch Bar),1304,Laptop
"2020-07-04",9,iMac Pro,1081,Desktop
"2020-03-07",8,Apple Pencil (1st Generation),925,Accessories
"2024-01-01",3,MacBook Pro 13-inch,1351,Laptop
"2023-10-14",7,iPhone 14,1476,Smartphone
"2022-05-26",4,iPhone 12,1436,Smartphone
"2020-08-09",1,iMac 27-inch,1918,Desktop
"2022-10-10",1,Mac Pro (Tower),458,Desktop
"2023-08-22",5,Apple Watch Series 6,462,Wearable
"2023-06-02",7,MagSafe Charger,1744,Accessories
"2023-06-19",7,MacBook Air (M1),1783,Laptop
"2023-09-16",2,iPad Pro 12.9-inch,1167,Tablet
"2022-07-25",10,HomePod,1202,Smart Speaker
"2022-01-16",1,iMac 24-inch,449,Desktop
"2023-01-29",7,Apple TV 4K,1255,Streaming Device
"2020-08-08",5,MacBook (Retina),231,Laptop
"2021-06-18",6,Apple Watch Series 7,1431,Wearable
"2024-04-03",4,AirTag,677,Accessories
"2023-02-04",10,Mac Studio,613,Desktop
"2020-01-11",5,Apple Watch Series 8,1631,Wearable
"2023-01-13",6,Apple Watch Hermès,1712,Wearable
"2020-05-04",1,iPad Pro 11-inch,1761,Tablet
"2020-06-23",1,Mac Pro (Tower),458,Desktop
"2023-01-27",9,Beats Solo Pro,1773,Audio
"2022-02-03",8,Mac Pro (Tower),458,Desktop
"2022-11-21",3,MacBook Air (M2),1588,Laptop
"2020-03-15",6,iPhone 13,623,Smartphone
"2024-09-17",8,Apple Watch Series 7,1431,Wearable
"2024-01-05",6,iMac with Retina Display,343,Desktop
"2021-08-29",5,iMac 24-inch,449,Desktop
"2023-03-26",10,iPad Pro (M1),1329,Tablet
"2022-04-07",4,Magic Mouse,313,Accessories
"2023-09-19",10,Mac Mini,555,Desktop
"2021-04-10",4,Apple TV+,404,Subscription Service
"2021-10-24",8,Apple Watch Series 8,1631,Wearable
"2022-09-22",10,Smart Keyboard Folio,572,Accessories
"2021-04-12",10,MacBook Air (Retina),1847,Laptop
"2023-07-07",1,iPad Pro 11-inch,1761,Tablet
"2023-02-21",8,iPad (10th Generation),1735,Tablet
"2021-11-16",4,Mac Pro (Rack),1415,Desktop
"2023-02-16",7,iPad Pro 12.9-inch,1167,Tablet
"2024-10-05",2,Leather Case for iPhone,866,Accessories
"2022-04-30",3,iPhone 12 mini,1607,Smartphone
"2021-04-14",4,iPad Air (4th Generation),952,Tablet
"2024-03-24",4,Mac Pro (Rack),1415,Desktop
"2022-01-25",9,MagSafe Battery Pack,1389,Accessories
"2022-05-12",3,MacBook (Retina),231,Laptop
"2020-11-16",8,Leather Case for iPhone,866,Accessories
"2022-10-11",7,Beats Powerbeats Pro,1060,Audio
"2020-08-03",3,iMac with Retina Display,343,Desktop
"2021-09-04",6,MacBook Air (Retina),1847,Laptop
"2022-10-23",1,MacBook,1149,Laptop
"2024-11-05",3,Silicone Case for iPhone,1210,Accessories
"2021-10-26",7,Apple Watch Ultra,346,Wearable
"2022-03-02",6,Apple TV (3rd Generation),477,Streaming Device
"2024-01-16",6,MagSafe Charger,1744,Accessories
"2022-10-22",6,iPhone 13,623,Smartphone
"2021-07-12",5,iPhone 12,1436,Smartphone
"2023-03-08",9,Apple Watch SE,1546,Wearable
"2020-03-09",3,iPad mini (5th Generation),1912,Tablet
"2020-04-01",4,Apple Watch Ultra,346,Wearable
"2020-11-30",2,iPhone 13,623,Smartphone
"2024-08-26",9,iPad (9th Generation),1949,Tablet
"2024-03-10",5,MacBook Air (M2),1588,Laptop
"2024-10-25",8,iMac with Retina Display,343,Desktop
"2020-05-10",4,iPhone 13,623,Smartphone
"2021-01-03",6,iPad Pro (M1),1329,Tablet
"2020-09-05",2,iPhone 12 mini,1607,Smartphone
"2024-08-13",9,MagSafe Battery Pack,1389,Accessories
"2024-03-22",6,Smart Cover for iPad,1014,Accessories
"2024-01-17",8,iPad Pro 12.9-inch,1167,Tablet
"2022-07-28",10,iPhone 12 mini,1607,Smartphone
"2023-02-25",8,iPad Pro 12.9-inch,1167,Tablet
"2023-05-22",6,MacBook Pro (Touch Bar),1304,Laptop
"2022-05-23",8,Mac Pro (Tower),458,Desktop
"2020-09-26",8,Apple Arcade,549,Subscription Service
"2021-01-08",9,Smart Keyboard Folio,572,Accessories
"2024-05-15",2,AirPods Pro,1167,Audio
"2020-03-05",7,Mac Mini (M2),874,Desktop
"2020-05-14",6,iPad mini (6th Generation),573,Tablet
"2023-06-11",10,iPhone 13,623,Smartphone
"2020-01-21",8,iPhone 13 mini,1092,Smartphone
"2023-02-25",1,Silicone Case for iPhone,1210,Accessories
"2022-08-10",4,Apple Watch Series 5,1296,Wearable
"2023-02-22",3,iPad mini (6th Generation),573,Tablet
"2023-10-17",5,HomePod,1202,Smart Speaker
"2021-07-26",3,AirTag,677,Accessories
"2024-10-27",8,iPhone 13 Pro,308,Smartphone
"2024-07-18",3,Apple Watch Nike Edition,884,Wearable
"2021-05-18",4,Apple Fitness+,923,Subscription Service
"2023-06-07",10,iPhone 13,623,Smartphone
"2023-04-30",2,AirPods (3rd Generation),1842,Audio
"2022-08-10",3,iMac 24-inch,449,Desktop
"2022-08-24",10,iPad Air (5th Generation),1591,Tablet
"2022-05-18",9,iPad Pro (M1),1329,Tablet
"2020-05-03",7,iPhone 13 mini,1092,Smartphone
"2021-10-14",1,AirPods Pro (2nd Generation),696,Audio
"2022-04-09",10,Apple Fitness+,923,Subscription Service
"2020-07-30",9,Beats Fit Pro,1839,Audio
"2020-07-07",2,iPhone 12,1436,Smartphone
"2020-08-24",7,Apple Watch Series 9,1014,Wearable
"2021-08-11",3,Mac Pro (2023),681,Desktop
"2020-05-19",7,Apple TV HD,1258,Streaming Device
"2021-06-01",2,Magic Keyboard,368,Accessories
"2024-01-02",5,MacBook (Early 2015),741,Laptop
"2024-05-20",6,iPad Pro 12.9-inch,1167,Tablet
"2024-04-30",2,iMac 24-inch,449,Desktop
"2024-10-08",6,iPad Air (5th Generation),1591,Tablet
"2024-07-25",3,iPhone 12 mini,1607,Smartphone
"2024-08-04",1,Mac Studio,613,Desktop
"2020-05-30",5,AirPods Pro,1167,Audio
"2021-10-22",6,Apple TV 4K,1255,Streaming Device
"2021-04-03",5,iPad Pro 11-inch,1761,Tablet
"2022-01-08",5,Mac Pro (Rack),1415,Desktop
"2021-01-17",4,Beats Studio Buds,762,Audio
"2023-01-30",4,MacBook Air (M2),1588,Laptop
"2020-06-27",4,Magic Keyboard with Touch ID,1162,Accessories
"2022-08-31",7,HomePod (2nd Generation),689,Audio
"2024-09-05",4,AirPods Max,1603,Audio
"2021-06-23",7,Silicone Case for iPhone,1210,Accessories
"2022-07-23",4,MagSafe Charger,1744,Accessories
"2021-06-19",7,Magic Keyboard with Touch ID,1162,Accessories
"2024-09-22",8,HomePod,1202,Smart Speaker
"2021-11-29",3,Magic Trackpad,1242,Accessories
"2023-07-02",1,Apple Watch Series 5,1296,Wearable
"2022-05-29",9,iCloud,1181,Subscription Service
"2021-10-06",1,MacBook (Early 2015),741,Laptop
"2023-10-27",2,iPhone 12 mini,1607,Smartphone
"2022-03-18",9,iPad Pro (M1),1329,Tablet
"2020-07-15",4,Apple Watch Hermès,1712,Wearable
"2021-04-17",7,HomePod,1202,Smart Speaker
"2021-02-03",3,iPhone SE (3rd Generation),923,Smartphone
"2020-09-15",8,Silicone Case for iPhone,1210,Accessories
"2023-11-19",7,Beats Fit Pro,1839,Audio
"2021-12-10",8,iPhone 13 mini,1092,Smartphone
"2024-09-16",8,iMac Pro,1081,Desktop
"2020-01-02",1,MacBook (Retina),231,Laptop
"2023-09-01",2,Apple Watch Series 8,1631,Wearable
"2020-08-24",3,Magic Keyboard,368,Accessories
"2024-07-31",6,Mac Mini (M2),874,Desktop
"2023-10-21",9,iPad Pro 11-inch,1761,Tablet
"2022-12-29",10,iPhone 14 Pro,1380,Smartphone
"2024-08-05",9,Magic Trackpad,1242,Accessories
"2020-03-25",2,iPhone SE (3rd Generation),923,Smartphone
"2022-04-29",7,Smart Keyboard Folio,572,Accessories
"2021-02-01",3,Mac Pro (Tower),458,Desktop
"2021-04-03",1,Apple TV (3rd Generation),477,Streaming Device
"2020-05-14",4,Beats Fit Pro,1839,Audio
"2024-07-24",6,Beats Solo Pro,1773,Audio
"2022-07-08",10,Smart Cover for iPad,1014,Accessories
"2021-10-19",1,Mac Mini (M2),874,Desktop
"2024-10-06",7,Mac Pro (2023),681,Desktop
"2023-12-30",10,iPad Pro (M1),1329,Tablet
"2023-10-14",6,AirPods Max,1603,Audio
"2021-04-10",5,HomePod,1202,Smart Speaker
"2021-08-13",5,iPad Pro (M2),1826,Tablet
"2022-05-03",8,MagSafe Battery Pack,1389,Accessories
"2020-01-27",1,MacBook Pro 14-inch,768,Laptop
"2023-11-06",10,Apple Watch Series 9,1014,Wearable
"2021-10-27",9,AirPods (2nd Generation),504,Audio
"2020-08-23",4,iPhone 12 Pro,1342,Smartphone
"2021-06-25",4,Apple TV (3rd Generation),477,Streaming Device
"2023-10-30",7,Mac Pro (Rack),1415,Desktop
"2024-04-26",6,Apple Watch Hermès,1712,Wearable
"2024-04-02",3,Magic Keyboard,368,Accessories
"2020-05-19",10,MacBook (Retina),231,Laptop
"2023-08-20",3,iCloud,1181,Subscription Service
"2024-07-04",9,Beats Powerbeats Pro,1060,Audio
"2020-06-24",7,Lightning to USB Cable,1434,Accessories
"2024-06-24",9,Apple Music,1965,Subscription Service
"2020-05-03",6,MacBook Pro (Touch Bar),1304,Laptop
"2023-09-07",1,Magic Mouse,313,Accessories
"2020-03-11",7,MacBook Pro 16-inch,1179,Laptop
"2024-03-07",7,MacBook Air (M1),1783,Laptop
"2023-03-22",4,Apple Watch Series 9,1014,Wearable
"2022-12-07",2,Apple TV+,404,Subscription Service
"2024-09-04",4,HomePod (2nd Generation),689,Audio
"2021-11-22",7,Smart Cover for iPad,1014,Accessories
"2023-04-13",5,MagSafe Battery Pack,1389,Accessories
"2020-02-02",1,Smart Cover for iPad,1014,Accessories
"2021-02-11",1,HomePod mini,266,Smart Speaker
"2023-12-14",7,iPhone 12 Pro,1342,Smartphone
"2024-06-19",7,iPhone 13,623,Smartphone
"2021-06-02",2,iPad Pro (M2),1826,Tablet
"2023-11-08",3,MacBook (Early 2015),741,Laptop
"2021-04-01",3,Mac Studio,613,Desktop
"2020-07-08",6,iMac 24-inch,449,Desktop
"2022-05-12",4,iPad Pro (M2),1826,Tablet
"2024-10-11",7,Apple Fitness+,923,Subscription Service
"2021-10-04",2,Magic Keyboard,368,Accessories
"2024-10-07",6,iPad mini (6th Generation),573,Tablet
"2024-05-27",9,Apple Watch Series 9,1014,Wearable
"2023-02-23",7,Mac Pro (2023),681,Desktop
"2023-05-24",1,MacBook Air (M1),1783,Laptop
"2023-04-25",5,AirPods Pro,1167,Audio
"2022-04-27",7,Beats Solo Pro,1773,Audio
"2024-05-12",1,Apple Watch Series 5,1296,Wearable
"2022-08-25",2,Apple Fitness+,923,Subscription Service
"2020-01-24",2,MacBook Pro (Touch Bar),1304,Laptop
"2021-06-29",5,iPhone 13 Pro Max,820,Smartphone
"2021-07-04",9,Silicone Case for iPhone,1210,Accessories
"2023-02-18",1,iPad Pro 12.9-inch,1167,Tablet
"2023-12-02",7,Silicone Case for iPhone,1210,Accessories
"2020-04-12",6,HomePod (2nd Generation),689,Audio
"2020-01-01",5,iPhone 12 mini,1607,Smartphone
"2023-11-21",10,Apple News+,253,Subscription Service
"2021-08-15",8,Magic Keyboard,368,Accessories
"2022-01-15",6,iCloud,1181,Subscription Service
"2021-06-17",3,Apple TV HD,1258,Streaming Device
"2021-05-30",8,Leather Case for iPhone,866,Accessories
"2021-11-26",8,iPad Air (5th Generation),1591,Tablet
"2022-09-07",10,Apple Watch Nike Edition,884,Wearable
"2023-05-11",3,Apple Watch Series 7,1431,Wearable
"2023-03-17",7,iPhone 12 Pro Max,544,Smartphone
"2024-07-08",6,iPhone 12,1436,Smartphone
"2020-12-22",4,MacBook Air (Retina),1847,Laptop
"2020-08-16",6,Smart Cover for iPad,1014,Accessories
"2022-11-26",3,Beats Studio Buds,762,Audio
"2020-08-09",9,MacBook (Early 2015),741,Laptop
"2021-12-30",6,iPhone 13 Pro,308,Smartphone
"2024-02-27",1,HomePod,1202,Smart Speaker
"2021-03-30",1,AirPods (3rd Generation),1842,Audio
"2023-10-13",5,Apple Arcade,549,Subscription Service
"2022-08-04",10,iPhone 13 mini,1092,Smartphone
"2022-06-26",8,Smart Cover for iPad,1014,Accessories
"2023-06-01",9,Magic Keyboard with Touch ID,1162,Accessories
"2021-07-11",10,Beats Fit Pro,1839,Audio
"2024-10-02",5,Apple One,488,Subscription Service
"2023-12-30",1,MagSafe Charger,1744,Accessories
"2022-01-13",6,iPhone 14 Plus,1259,Smartphone
"2022-01-21",7,Apple Watch Ultra,346,Wearable
"2024-04-01",4,Leather Case for iPhone,866,Accessories
"2021-01-14",1,MagSafe Battery Pack,1389,Accessories
"2020-09-22",4,iPad Pro 12.9-inch,1167,Tablet
"2020-09-04",8,MacBook,1149,Laptop
"2020-11-11",9,iPhone 14 Pro Max,678,Smartphone
"2022-10-10",9,Leather Case for iPhone,866,Accessories
"2021-11-08",1,MagSafe Charger,1744,Accessories
"2024-05-17",6,MacBook Pro 13-inch,1351,Laptop
"2023-02-03",5,iPhone SE (3rd Generation),923,Smartphone
"2023-05-04",2,HomePod,1202,Smart Speaker
"2023-06-17",10,Mac Pro (Rack),1415,Desktop
"2020-12-26",1,iMac 27-inch,1918,Desktop
"2020-04-20",9,Beats Solo Pro,1773,Audio
"2023-01-23",7,iMac 24-inch,449,Desktop
"2021-09-07",5,Apple Watch Series 9,1014,Wearable
"2021-07-11",10,Mac Pro (2023),681,Desktop
"2021-08-14",5,Apple Fitness+,923,Subscription Service
"2023-04-14",3,Lightning to USB Cable,1434,Accessories
"2021-07-07",10,iMac Pro,1081,Desktop
"2021-11-24",3,iMac Pro,1081,Desktop
"2023-01-02",2,Apple Watch Nike Edition,884,Wearable
"2020-02-04",4,iPhone 13 Pro,308,Smartphone
"2023-09-25",3,iPad Pro (M2),1826,Tablet
"2020-03-28",6,iPad Air (5th Generation),1591,Tablet
"2023-04-26",5,HomePod mini,266,Smart Speaker
"2020-05-16",5,iMac Pro,1081,Desktop
"2020-11-19",9,Apple Watch Series 7,1431,Wearable
"2023-08-14",3,Apple Watch Ultra,346,Wearable
"2024-06-27",9,Apple Fitness+,923,Subscription Service
"2023-02-10",3,iPhone 12 Pro Max,544,Smartphone
"2023-12-03",8,Mac Mini,555,Desktop
"2021-07-10",2,Apple Music,1965,Subscription Service
"2024-04-06",3,Apple TV (3rd Generation),477,Streaming Device
"2024-03-03",8,Smart Keyboard Folio,572,Accessories
"2024-05-17",4,AirTag,677,Accessories
"2024-06-23",10,Silicone Case for iPhone,1210,Accessories
"2021-10-26",7,AirPods Max,1603,Audio
"2023-03-14",9,Beats Solo Pro,1773,Audio
"2020-03-17",4,Mac Pro (Tower),458,Desktop
"2022-11-16",5,MacBook,1149,Laptop
"2022-12-13",10,Mac Studio,613,Desktop
"2022-05-06",5,Smart Keyboard Folio,572,Accessories
"2024-03-17",8,iPad mini (6th Generation),573,Tablet
"2022-11-06",7,Apple One,488,Subscription Service
"2022-01-29",6,Apple TV HD,1258,Streaming Device
"2023-04-08",10,iPhone 14 Pro Max,678,Smartphone
"2023-03-17",4,iPhone 13 mini,1092,Smartphone
"2021-08-07",6,AirPods (2nd Generation),504,Audio
"2020-09-10",3,iMac Pro,1081,Desktop
"2022-05-30",7,Beats Solo Pro,1773,Audio
"2024-01-28",8,MacBook (Early 2015),741,Laptop
"2020-11-08",4,iMac with Retina Display,343,Desktop
"2024-05-29",7,Lightning to USB Cable,1434,Accessories
"2023-02-21",2,Apple Watch Series 7,1431,Wearable
"2024-04-12",4,MacBook Pro 16-inch,1179,Laptop
"2022-03-13",9,iPad Pro 12.9-inch,1167,Tablet
"2020-06-12",3,Apple Pencil (2nd Generation),1506,Accessories
"2020-12-27",6,iPad mini (6th Generation),573,Tablet
"2020-03-06",10,Mac Pro (2023),681,Desktop
"2022-08-27",4,iMac Pro,1081,Desktop
"2021-01-04",5,Apple TV+,404,Subscription Service
"2022-12-14",8,Apple Fitness+,923,Subscription Service
"2023-03-28",3,HomePod mini,438,Audio
"2023-10-30",10,Beats Fit Pro,1839,Audio
"2021-01-17",2,MagSafe Battery Pack,1389,Accessories
"2024-06-23",4,Apple Fitness+,923,Subscription Service
"2021-02-28",5,iPhone 13 mini,1092,Smartphone
"2021-02-06",8,iPhone 14 Plus,1259,Smartphone
"2024-05-20",4,MacBook Air (M1),1783,Laptop
"2023-07-21",10,Beats Studio Buds,762,Audio
"2022-09-28",3,Beats Powerbeats Pro,1060,Audio
"2021-02-16",10,MacBook (Early 2015),741,Laptop
"2020-11-06",10,Beats Powerbeats Pro,1060,Audio
"2021-05-05",2,iPad Air (5th Generation),1591,Tablet
"2023-10-30",2,Apple News+,253,Subscription Service
"2021-10-18",8,iPad (10th Generation),1735,Tablet
"2024-07-21",8,iMac 27-inch,1918,Desktop
"2023-08-12",4,iPad Air (5th Generation),1591,Tablet
"2023-09-10",8,iPhone 12,1436,Smartphone
"2023-01-06",8,iMac Pro,1081,Desktop
"2023-09-02",4,Smart Keyboard Folio,572,Accessories
"2021-11-28",10,Beats Solo Pro,1773,Audio
"2024-03-29",7,iMac with Retina Display,343,Desktop
"2022-07-09",10,Lightning to USB Cable,1434,Accessories
"2020-09-29",10,iPad Pro 12.9-inch,1167,Tablet
"2022-11-15",8,Apple Watch Series 5,1296,Wearable
"2024-01-15",10,iMac 27-inch,1918,Desktop
"2022-02-28",7,Apple TV (3rd Generation),477,Streaming Device
"2023-10-03",1,Magic Keyboard,368,Accessories
"2020-05-18",3,iMac with Retina Display,343,Desktop
"2021-03-04",10,Magic Trackpad,1242,Accessories
"2022-05-20",3,iMac 24-inch,449,Desktop
"2023-06-29",5,iPhone 14 Pro,1380,Smartphone
"2022-02-08",4,Apple One,488,Subscription Service
"2020-09-25",8,Magic Mouse,313,Accessories
"2023-08-28",6,HomePod,1202,Smart Speaker
"2021-02-02",9,Silicone Case for iPhone,1210,Accessories
"2024-09-08",1,Beats Powerbeats Pro,1060,Audio
"2022-04-24",9,Leather Case for iPhone,866,Accessories
"2024-08-12",1,Apple TV (3rd Generation),477,Streaming Device
"2022-06-06",1,iPhone 14 Plus,1259,Smartphone
"2023-04-05",3,MacBook Pro (Touch Bar),1304,Laptop
"2022-08-20",10,iPad mini (6th Generation),573,Tablet
"2024-01-05",4,iCloud,1181,Subscription Service
"2021-06-16",8,Magic Trackpad,1242,Accessories
"2020-11-24",3,iPad Pro 12.9-inch,1167,Tablet
"2021-07-18",5,iPhone 12 mini,1607,Smartphone
"2020-05-24",1,iPhone 13 mini,1092,Smartphone
"2021-09-11",6,iCloud,1181,Subscription Service
"2020-04-23",8,Mac Mini (M2),874,Desktop
"2021-06-11",7,Apple Music,1965,Subscription Service
"2024-10-07",10,AirPods Pro (2nd Generation),696,Audio
"2020-09-29",7,Mac Pro (2023),681,Desktop
"2020-02-01",7,HomePod mini,266,Smart Speaker
"2021-01-16",4,MagSafe Battery Pack,1389,Accessories
"2023-09-29",1,iPad Pro 12.9-inch,1167,Tablet
"2022-10-24",3,iPad mini (6th Generation),573,Tablet
"2020-06-18",4,iMac Pro,1081,Desktop
"2023-05-12",9,Magic Mouse,313,Accessories
"2020-06-13",2,Apple Watch SE,1546,Wearable
"2024-06-15",2,iPad (9th Generation),1949,Tablet
"2023-11-14",4,Apple News+,253,Subscription Service
"2023-07-03",3,Mac Pro (Tower),458,Desktop
"2024-08-28",8,MacBook Pro 13-inch,1351,Laptop
"2020-05-26",6,iPhone 14 Pro Max,678,Smartphone
"2022-10-19",7,iPhone 12 Pro,1342,Smartphone
"2023-06-17",9,Mac Pro (Tower),458,Desktop
"2024-05-03",4,MacBook (Early 2015),741,Laptop
"2022-09-09",6,Apple Watch Series 9,1014,Wearable
"2023-08-10",1,iMac 27-inch,1918,Desktop
"2023-03-14",8,AirPods (3rd Generation),1842,Audio
"2020-12-08",1,AirPods Max,1603,Audio
"2024-04-22",7,Mac Pro (2023),681,Desktop
"2023-04-28",10,Apple Watch Series 9,1014,Wearable
"2022-05-18",6,Mac Studio,613,Desktop
"2020-11-09",10,AirPods Pro (2nd Generation),696,Audio
"2020-07-02",9,Apple Music,1965,Subscription Service
"2021-03-10",3,Mac Pro (Rack),1415,Desktop
"2020-08-29",7,iMac 27-inch,1918,Desktop
"2024-01-26",4,Lightning to USB Cable,1434,Accessories
"2023-07-04",9,Apple TV+,404,Subscription Service
"2022-01-06",10,Beats Fit Pro,1839,Audio
"2023-03-31",7,iPad Pro (M1),1329,Tablet
"2021-03-06",6,Apple Pencil (2nd Generation),1506,Accessories
"2022-01-03",9,Apple Pencil (2nd Generation),1506,Accessories
"2024-09-04",8,MacBook Pro 14-inch,768,Laptop
"2024-04-21",10,HomePod mini,438,Audio
"2022-08-06",4,Mac Pro (Tower),458,Desktop
"2023-07-17",1,MacBook,1149,Laptop
"2024-09-17",3,iPhone 13 Pro,308,Smartphone
"2022-03-04",9,Magic Keyboard with Touch ID,1162,Accessories
"2020-08-01",9,Apple Pencil (1st Generation),925,Accessories
"2023-06-19",1,MacBook Pro 13-inch,1351,Laptop
"2021-09-27",9,MacBook,1149,Laptop
"2024-05-18",5,Apple Pencil (1st Generation),925,Accessories
"2022-05-28",2,iPad Pro 12.9-inch,1167,Tablet
"2021-10-05",7,iPhone SE (3rd Generation),923,Smartphone
"2023-01-06",2,iPad Pro 11-inch,1761,Tablet
"2024-10-30",6,Apple Watch Ultra,346,Wearable
"2021-10-21",6,Beats Fit Pro,1839,Audio
"2021-07-26",2,iPhone 12 Pro Max,544,Smartphone
"2023-04-23",1,MagSafe Battery Pack,1389,Accessories
"2023-02-06",3,iPad Air (5th Generation),1591,Tablet
"2020-02-05",9,MagSafe Battery Pack,1389,Accessories
"2020-01-15",10,Lightning to USB Cable,1434,Accessories
"2022-10-02",6,iPad Pro 11-inch,1761,Tablet
"2023-08-26",6,MacBook (Early 2015),741,Laptop
"2022-03-09",4,Leather Case for iPhone,866,Accessories
"2020-08-10",5,Apple Watch Series 7,1431,Wearable
"2021-05-19",7,Mac Pro (Tower),458,Desktop
"2021-08-18",9,Beats Studio Buds,762,Audio
"2020-01-18",8,iPhone SE (3rd Generation),923,Smartphone
"2024-09-03",6,Apple One,488,Subscription Service
"2022-01-04",9,Apple TV HD,1258,Streaming Device
"2024-02-02",7,Mac Studio,613,Desktop
"2020-09-05",2,AirPods (2nd Generation),504,Audio
"2024-06-19",2,Mac Studio,613,Desktop
"2021-06-03",10,Apple TV 4K,1255,Streaming Device
"2021-08-18",5,iPad mini (5th Generation),1912,Tablet
"2023-01-09",1,HomePod mini,438,Audio
"2020-05-28",5,MacBook Air (Retina),1847,Laptop
"2023-03-19",7,Smart Cover for iPad,1014,Accessories
"2021-04-17",2,iPad (10th Generation),1735,Tablet
"2020-03-10",5,Apple Watch Nike Edition,884,Wearable
"2020-10-18",3,MacBook (Early 2015),741,Laptop
"2024-02-13",6,Leather Case for iPhone,866,Accessories
"2023-03-16",8,Silicone Case for iPhone,1210,Accessories
"2022-08-03",5,Leather Case for iPhone,866,Accessories
"2022-08-04",2,MagSafe Battery Pack,1389,Accessories
"2022-08-27",1,iPad Air (4th Generation),952,Tablet
"2022-02-10",8,Apple Watch Series 8,1631,Wearable
"2024-08-04",5,MacBook Air (M2),1588,Laptop
"2023-03-31",3,MagSafe Battery Pack,1389,Accessories
"2021-08-01",8,Mac Mini,555,Desktop
"2021-12-12",4,Smart Keyboard Folio,572,Accessories
"2022-09-01",4,Apple Arcade,549,Subscription Service
"2023-02-09",9,AirPods Pro,1167,Audio
"2024-03-19",7,iPhone 14,1476,Smartphone
"2023-10-25",9,MacBook Air (M2),1588,Laptop
"2020-01-01",10,iPhone 12 mini,1607,Smartphone
"2024-07-31",6,Apple Pencil (2nd Generation),1506,Accessories
"2022-12-13",4,Apple Fitness+,923,Subscription Service
"2024-10-09",2,MacBook,1149,Laptop
"2020-12-07",2,MagSafe Charger,1744,Accessories
"2024-09-30",2,Apple Watch Hermès,1712,Wearable
"2023-05-24",3,MacBook Pro 14-inch,768,Laptop
"2020-04-26",3,iMac 27-inch,1918,Desktop
"2021-06-29",9,HomePod mini,438,Audio
"2020-07-01",2,Apple Pencil (1st Generation),925,Accessories
"2022-06-06",8,MacBook Pro 14-inch,768,Laptop
"2021-08-17",9,MacBook Air (Retina),1847,Laptop
"2021-01-07",10,Beats Studio Buds,762,Audio
"2024-05-24",5,MacBook Air (Retina),1847,Laptop
"2024-03-26",3,iMac 27-inch,1918,Desktop
"2022-01-25",3,iPhone 12,1436,Smartphone
"2021-08-27",8,iPhone 12 Pro,1342,Smartphone
"2023-08-21",5,MacBook Air (Retina),1847,Laptop
"2022-12-20",3,iCloud,1181,Subscription Service
"2024-10-28",10,iPhone 13 Pro,308,Smartphone
"2022-01-03",10,AirPods Max,1603,Audio
"2022-09-19",10,Apple One,488,Subscription Service
"2020-09-06",1,Silicone Case for iPhone,1210,Accessories
"2024-09-09",3,Apple Watch Series 8,1631,Wearable
"2020-12-10",9,iPad Air (5th Generation),1591,Tablet
"2020-05-02",5,Beats Fit Pro,1839,Audio
"2020-06-09",5,Apple Watch Series 8,1631,Wearable
"2021-09-21",6,MacBook Air (M2),1588,Laptop
"2022-11-18",8,MacBook Air (M2),1588,Laptop
"2023-12-28",6,MacBook Pro 14-inch,768,Laptop
"2020-02-18",7,iPad mini (6th Generation),573,Tablet
"2021-09-05",1,iPhone SE (3rd Generation),923,Smartphone
"2022-12-30",1,iPhone 14 Pro Max,678,Smartphone
"2024-04-02",2,iPhone SE (3rd Generation),923,Smartphone
"2021-09-22",9,iPad Pro (M1),1329,Tablet
"2021-02-06",7,Apple Pencil (2nd Generation),1506,Accessories
"2023-10-29",1,iPhone 12,1436,Smartphone
"2023-12-10",8,MagSafe Battery Pack,1389,Accessories
"2020-07-09",5,iPhone 14 Pro Max,678,Smartphone
"2023-11-21",2,Mac Pro (Rack),1415,Desktop
"2024-10-06",4,iPhone 14 Pro Max,678,Smartphone
"2020-04-05",9,HomePod (2nd Generation),689,Audio
"2022-01-19",7,iPad (10th Generation),1735,Tablet
"2022-05-01",3,MagSafe Battery Pack,1389,Accessories
"2024-10-20",4,iPhone 13 mini,1092,Smartphone
"2022-01-13",2,Beats Fit Pro,1839,Audio
"2022-09-16",8,iPad Air (4th Generation),952,Tablet
"2020-06-16",7,iPhone 13,623,Smartphone
"2020-05-02",9,Beats Studio Buds,762,Audio
"2023-09-16",4,Apple Music,1965,Subscription Service
"2020-04-26",5,iPhone 12,1436,Smartphone
"2021-04-28",1,Apple TV 4K,1255,Streaming Device
"2021-11-28",3,Beats Powerbeats Pro,1060,Audio
"2022-09-03",1,iPad Pro 11-inch,1761,Tablet
"2023-08-08",5,Beats Powerbeats Pro,1060,Audio
"2020-10-20",4,iPad Pro (M2),1826,Tablet
"2023-12-20",3,iPhone 14 Pro,1380,Smartphone
"2024-06-28",5,iMac 27-inch,1918,Desktop
"2022-10-01",3,MacBook (Early 2015),741,Laptop
"2024-05-10",8,Silicone Case for iPhone,1210,Accessories
"2022-02-13",8,Apple One,488,Subscription Service
"2023-03-15",6,Apple Watch Series 7,1431,Wearable
"2022-04-23",7,Apple Music,1965,Subscription Service
"2024-06-20",5,iPhone 13,623,Smartphone
"2020-07-03",2,MagSafe Charger,1744,Accessories
"2021-10-30",10,iPad (9th Generation),1949,Tablet
"2023-11-09",1,iMac with Retina Display,343,Desktop
"2021-08-13",8,iPad Air (5th Generation),1591,Tablet
"2020-03-23",9,Apple One,488,Subscription Service
"2024-03-13",9,Apple News+,253,Subscription Service
"2020-10-01",8,AirPods (3rd Generation),1842,Audio
"2024-08-23",1,MacBook Pro 13-inch,1351,Laptop
"2022-05-17",10,AirPods (3rd Generation),1842,Audio
"2024-11-08",7,MacBook Pro 13-inch,1351,Laptop
"2021-12-02",3,iPad Air (4th Generation),952,Tablet
"2021-08-09",4,HomePod mini,266,Smart Speaker
"2024-06-07",9,iPhone 14,1476,Smartphone
"2022-05-08",8,Apple TV (3rd Generation),477,Streaming Device
"2023-11-10",4,Apple TV (3rd Generation),477,Streaming Device
"2020-05-06",4,AirPods Pro,1167,Audio
"2020-03-07",3,Magic Mouse,313,Accessories
"2022-12-17",1,Leather Case for iPhone,866,Accessories
"2023-08-31",10,Apple Watch Series 5,1296,Wearable
"2022-12-15",3,Magic Keyboard,368,Accessories
"2023-08-30",9,iPhone 12,1436,Smartphone
"2024-01-31",10,MacBook Air (M1),1783,Laptop
"2022-06-20",1,Apple One,488,Subscription Service
"2024-07-23",5,Apple Watch SE,1546,Wearable
"2023-11-27",2,iPad mini (5th Generation),1912,Tablet
"2020-02-15",4,HomePod,1202,Smart Speaker
"2024-06-16",9,Apple Arcade,549,Subscription Service
"2023-02-06",6,iPad Air (5th Generation),1591,Tablet
"2021-12-04",9,Apple Watch Hermès,1712,Wearable
"2021-02-09",6,Apple Watch Ultra,346,Wearable
"2022-11-26",2,Magic Keyboard,368,Accessories
"2022-11-17",10,iPad Air (5th Generation),1591,Tablet
"2024-01-17",1,iPhone 14 Pro Max,678,Smartphone
"2021-08-10",2,iMac 27-inch,1918,Desktop
"2022-06-06",4,iPhone 14 Pro Max,678,Smartphone
"2022-09-07",4,Apple Watch Series 7,1431,Wearable
"2023-10-28",8,Apple One,488,Subscription Service
"2024-08-28",3,HomePod,1202,Smart Speaker
"2024-03-13",7,Apple TV 4K,1255,Streaming Device
"2021-09-28",8,Apple TV HD,1258,Streaming Device
"2024-09-05",7,Apple TV 4K,1255,Streaming Device
"2021-06-26",9,Apple Watch Series 9,1014,Wearable
"2022-12-22",4,Magic Keyboard with Touch ID,1162,Accessories
"2024-05-07",10,Mac Pro (Tower),458,Desktop
"2020-09-28",3,iPad (10th Generation),1735,Tablet
"2020-12-15",10,Smart Keyboard Folio,572,Accessories
"2023-10-31",9,HomePod mini,438,Audio
"2020-03-03",1,Apple Watch Series 9,1014,Wearable
"2023-08-12",10,Apple Watch SE,1546,Wearable
"2020-01-16",5,Apple TV (3rd Generation),477,Streaming Device
"2021-07-23",1,iMac 24-inch,449,Desktop
"2024-06-09",10,MacBook (Retina),231,Laptop
"2024-07-19",2,iPhone 13 mini,1092,Smartphone
"2021-12-22",3,Apple Watch Series 5,1296,Wearable
"2022-11-22",4,MacBook Pro 14-inch,768,Laptop
"2020-12-14",1,Smart Cover for iPad,1014,Accessories
"2021-02-02",1,iPad Pro (M1),1329,Tablet
"2021-09-21",8,iCloud,1181,Subscription Service
"2024-06-08",9,Apple Pencil (1st Generation),925,Accessories
"2022-05-06",1,Apple TV HD,1258,Streaming Device
"2024-09-09",6,Apple Watch Nike Edition,884,Wearable
"2021-06-07",5,iPad (10th Generation),1735,Tablet
"2023-08-10",4,MacBook Pro (Touch Bar),1304,Laptop
"2023-09-29",9,MacBook Pro 16-inch,1179,Laptop
"2022-02-01",4,HomePod (2nd Generation),689,Audio
"2020-01-04",2,iMac Pro,1081,Desktop
"2022-02-22",2,Apple One,488,Subscription Service
"2022-02-10",8,iPhone 13,623,Smartphone
"2021-07-28",9,iPad Pro 11-inch,1761,Tablet
"2020-11-21",6,MagSafe Charger,1744,Accessories
"2024-02-22",2,Apple Watch Series 7,1431,Wearable
"2023-12-30",10,iPhone 14 Pro Max,678,Smartphone
"2022-03-07",7,Mac Mini (M2),874,Desktop
"2020-02-23",9,HomePod (2nd Generation),689,Audio
"2020-06-02",10,Apple Watch Series 8,1631,Wearable
"2023-11-13",7,Apple One,488,Subscription Service
"2021-09-09",6,iPhone 14 Pro,1380,Smartphone
"2024-10-02",6,MacBook Pro 14-inch,768,Laptop
"2022-06-04",6,Apple TV+,404,Subscription Service
"2020-05-16",10,AirPods Max,1603,Audio
"2020-08-07",10,iPhone 12 mini,1607,Smartphone
"2023-04-04",4,Apple One,488,Subscription Service
"2023-02-08",5,iMac Pro,1081,Desktop
"2021-12-20",6,MacBook Air (M1),1783,Laptop
"2022-07-30",7,HomePod mini,266,Smart Speaker
"2021-07-14",10,iPhone 13 Pro Max,820,Smartphone
"2023-06-12",6,AirPods Pro,1167,Audio
"2023-07-29",9,MagSafe Charger,1744,Accessories
"2024-05-17",2,MacBook (Early 2015),741,Laptop
"2020-12-11",8,Apple Watch Hermès,1712,Wearable
"2024-06-27",3,AirPods (2nd Generation),504,Audio
"2022-07-04",7,Apple Watch Series 6,462,Wearable
"2023-12-07",7,Leather Case for iPhone,866,Accessories
"2024-09-25",8,MacBook,1149,Laptop
"2023-12-13",2,iPad (9th Generation),1949,Tablet
"2023-04-23",7,iPad Pro (M1),1329,Tablet
"2023-06-02",7,iPhone 14 Pro,1380,Smartphone
"2020-08-13",9,iPhone 12,1436,Smartphone
"2022-01-24",2,Apple Watch SE,1546,Wearable
"2024-06-12",7,iPhone 12 mini,1607,Smartphone
"2021-08-05",8,iPhone SE (3rd Generation),923,Smartphone
"2024-09-05",3,Apple Watch Series 8,1631,Wearable
"2021-08-29",2,Mac Mini (M2),874,Desktop
"2021-09-19",1,iPhone SE (3rd Generation),923,Smartphone
"2021-11-25",1,Beats Studio Buds,762,Audio
"2024-05-19",2,Magic Mouse,313,Accessories
"2021-05-25",10,MacBook (Early 2015),741,Laptop
"2021-08-19",10,Mac Mini,555,Desktop
"2024-02-01",10,Magic Keyboard with Touch ID,1162,Accessories
"2021-04-22",5,Leather Case for iPhone,866,Accessories
"2020-09-26",10,Mac Pro (Tower),458,Desktop
"2021-09-01",2,AirPods Pro (2nd Generation),696,Audio
"2021-12-15",2,iPhone 14 Plus,1259,Smartphone
"2022-11-19",4,iPhone 12 Pro Max,544,Smartphone
"2020-04-24",9,HomePod,1202,Smart Speaker
"2023-11-11",10,iPhone 12 mini,1607,Smartphone
"2023-04-19",4,iMac 24-inch,449,Desktop
"2024-11-05",6,iPad Pro (M1),1329,Tablet
"2021-09-26",3,MagSafe Battery Pack,1389,Accessories
"2021-11-19",3,iPhone 13,623,Smartphone
"2020-04-06",2,Apple Watch Ultra,346,Wearable
"2020-05-16",5,Apple Music,1965,Subscription Service
"2023-07-23",1,Apple TV 4K,1255,Streaming Device
"2020-09-21",2,MagSafe Battery Pack,1389,Accessories
"2020-06-22",6,iPad Pro 12.9-inch,1167,Tablet
"2023-05-13",6,Apple Pencil (1st Generation),925,Accessories
"2020-12-13",3,Smart Keyboard Folio,572,Accessories
"2020-06-05",1,iPhone 14,1476,Smartphone
"2022-01-30",9,iPad Pro 12.9-inch,1167,Tablet
"2022-03-29",8,iPad Pro 11-inch,1761,Tablet
"2024-08-26",10,iPad Air (5th Generation),1591,Tablet
"2022-06-25",10,iMac with Retina Display,343,Desktop
"2021-07-06",8,HomePod,1202,Smart Speaker
"2022-03-28",4,MacBook Pro 13-inch,1351,Laptop
"2021-05-07",8,AirPods Pro (2nd Generation),696,Audio
"2021-10-08",6,AirPods (2nd Generation),504,Audio
"2024-06-01",10,HomePod mini,266,Smart Speaker
"2024-07-19",10,Apple Pencil (2nd Generation),1506,Accessories
"2022-10-29",7,Apple Watch Series 5,1296,Wearable
"2023-01-06",6,iPad Air (4th Generation),952,Tablet
"2020-04-06",8,Mac Mini,555,Desktop
"2022-05-14",1,Mac Mini (M2),874,Desktop
"2022-09-20",10,Apple TV+,404,Subscription Service
"2024-03-02",3,Magic Keyboard with Touch ID,1162,Accessories
"2021-05-05",5,iPhone 14,1476,Smartphone
"2021-01-09",4,AirPods Pro,1167,Audio
"2024-03-05",5,HomePod mini,438,Audio
"2020-04-01",7,Magic Mouse,313,Accessories
"2022-08-08",9,Apple Watch Series 9,1014,Wearable
"2024-05-08",7,HomePod mini,438,Audio
"2023-02-20",10,Apple TV (3rd Generation),477,Streaming Device
"2022-05-04",6,iPhone 13 Pro,308,Smartphone
"2022-10-04",7,Beats Studio Buds,762,Audio
"2022-02-17",6,iMac Pro,1081,Desktop
"2024-06-13",2,Smart Keyboard Folio,572,Accessories
"2024-09-19",7,iPhone 14 Pro,1380,Smartphone
"2022-02-21",4,Apple TV+,404,Subscription Service
"2024-10-23",7,MacBook Air (M1),1783,Laptop
"2022-10-12",5,Smart Cover for iPad,1014,Accessories
"2020-01-12",6,MacBook Pro 16-inch,1179,Laptop
"2021-05-28",10,Beats Studio Buds,762,Audio
"2022-05-14",8,AirPods Max,1603,Audio
"2020-02-27",1,iMac Pro,1081,Desktop
"2020-08-24",3,Magic Trackpad,1242,Accessories
"2024-07-28",6,MacBook Air (M2),1588,Laptop
"2021-07-24",1,Mac Pro (Tower),458,Desktop
"2022-12-08",8,AirPods Max,1603,Audio
"2022-01-03",6,MacBook Pro 14-inch,768,Laptop
"2020-05-12",8,AirPods (3rd Generation),1842,Audio
"2024-04-22",4,MacBook Pro 16-inch,1179,Laptop
"2021-02-23",1,Smart Cover for iPad,1014,Accessories
"2020-09-22",6,MagSafe Charger,1744,Accessories
"2022-08-30",10,iPhone 14 Plus,1259,Smartphone
"2021-04-25",1,iPhone 13 Pro,308,Smartphone
"2020-06-25",7,HomePod mini,266,Smart Speaker
"2021-02-12",6,iPhone 13 Pro Max,820,Smartphone
"2022-10-13",2,HomePod mini,438,Audio
"2023-04-22",6,Magic Mouse,313,Accessories
"2021-05-04",2,Mac Mini,555,Desktop
"2022-09-29",1,Mac Mini,555,Desktop
"2023-06-08",3,Smart Cover for iPad,1014,Accessories
"2024-02-22",4,iPhone 13 Pro,308,Smartphone
"2021-09-18",9,Apple Watch Series 7,1431,Wearable
"2020-07-11",2,Mac Mini,555,Desktop
"2021-10-08",9,iPad Pro (M1),1329,Tablet
"2021-06-24",10,MacBook Air (M2),1588,Laptop
"2024-09-06",6,MacBook (Early 2015),741,Laptop
"2024-04-08",9,MacBook Pro 14-inch,768,Laptop
"2021-03-14",8,MagSafe Charger,1744,Accessories
"2020-04-01",2,iCloud,1181,Subscription Service
"2024-07-02",2,AirPods Pro,1167,Audio
"2022-06-03",3,iCloud,1181,Subscription Service
"2021-03-18",1,Apple Music,1965,Subscription Service
"2020-12-15",3,Apple Fitness+,923,Subscription Service
"2023-09-21",10,iPhone 13 mini,1092,Smartphone
"2020-08-25",6,iMac 27-inch,1918,Desktop
"2021-07-30",10,iPhone 13 Pro Max,820,Smartphone
"2024-05-25",6,AirPods Max,1603,Audio
"2020-04-13",10,HomePod,1202,Smart Speaker
"2023-11-18",5,iMac with Retina Display,343,Desktop
"2023-11-20",9,Apple One,488,Subscription Service
"2021-10-01",1,Beats Studio Buds,762,Audio
"2020-08-08",8,MacBook Pro (Touch Bar),1304,Laptop
"2023-09-14",9,HomePod (2nd Generation),689,Audio
"2023-04-01",9,MacBook Air (M2),1588,Laptop
"2023-11-06",3,Mac Pro (2023),681,Desktop
"2021-06-29",9,iMac with Retina Display,343,Desktop
"2021-01-15",1,Magic Trackpad,1242,Accessories
"2022-02-05",7,iPhone 13 Pro Max,820,Smartphone
"2023-02-20",8,Magic Mouse,313,Accessories
"2022-06-05",6,Apple Music,1965,Subscription Service
"2021-09-15",7,HomePod (2nd Generation),689,Audio
"2022-09-18",9,Apple TV 4K,1255,Streaming Device
"2022-08-20",1,Silicone Case for iPhone,1210,Accessories
"2021-06-02",7,Beats Fit Pro,1839,Audio
"2020-08-28",5,MacBook,1149,Laptop
"2024-02-20",10,AirPods (2nd Generation),504,Audio
"2022-09-23",7,Lightning to USB Cable,1434,Accessories
"2021-11-24",3,Apple Watch Ultra,346,Wearable
"2024-03-13",6,Apple TV 4K,1255,Streaming Device
"2021-11-30",7,Magic Keyboard with Touch ID,1162,Accessories
"2020-05-07",1,MacBook (Retina),231,Laptop
"2022-07-27",4,Apple One,488,Subscription Service
"2020-02-16",4,Apple Fitness+,923,Subscription Service
"2022-06-22",6,iPad (10th Generation),1735,Tablet
"2020-10-18",4,iPad Air (5th Generation),1591,Tablet
"2023-11-07",5,HomePod mini,266,Smart Speaker
"2020-11-24",10,HomePod mini,266,Smart Speaker
"2023-09-18",6,Beats Solo Pro,1773,Audio
"2022-05-06",1,iPhone 12 Pro,1342,Smartphone
"2022-03-16",7,Beats Studio Buds,762,Audio
"2021-11-25",8,Apple Watch SE,1546,Wearable
"2021-04-20",3,iPad mini (6th Generation),573,Tablet
"2022-09-14",7,iPhone 13 Pro,308,Smartphone
"2024-06-09",8,Apple TV HD,1258,Streaming Device
"2020-04-27",7,Apple Watch Nike Edition,884,Wearable
"2021-07-27",4,Apple Music,1965,Subscription Service
"2020-06-07",5,MacBook Air (M1),1783,Laptop
"2021-04-01",6,Apple Watch SE,1546,Wearable
"2020-03-17",5,Beats Powerbeats Pro,1060,Audio
"2021-07-10",8,MacBook Air (M2),1588,Laptop
"2021-01-24",1,AirTag,677,Accessories
"2020-07-18",9,iPhone 12 mini,1607,Smartphone
"2023-06-13",2,iPhone 12,1436,Smartphone
"2024-06-04",8,HomePod mini,438,Audio
"2021-05-24",8,HomePod mini,438,Audio
"2021-09-07",5,iPad Pro (M2),1826,Tablet
"2020-06-14",10,iPhone 13 mini,1092,Smartphone
"2020-07-02",3,iPhone 12,1436,Smartphone
"2023-09-03",6,HomePod,1202,Smart Speaker
"2022-08-23",4,Mac Pro (Rack),1415,Desktop
"2023-04-07",10,Magic Keyboard with Touch ID,1162,Accessories
"2024-10-31",3,Silicone Case for iPhone,1210,Accessories
"2023-05-14",4,Mac Pro (Rack),1415,Desktop
"2023-08-03",2,HomePod,1202,Smart Speaker
"2021-11-05",3,MagSafe Charger,1744,Accessories
"2022-07-18",7,Apple News+,253,Subscription Service
"2022-03-09",4,Apple One,488,Subscription Service
"2021-08-16",8,Apple TV+,404,Subscription Service
"2024-10-24",5,iMac with Retina Display,343,Desktop
"2023-09-17",4,iPhone 12 Pro Max,544,Smartphone
"2024-04-12",1,iPhone 13 Pro Max,820,Smartphone
"2020-04-05",10,iPhone 12 Pro,1342,Smartphone
"2020-04-22",10,HomePod (2nd Generation),689,Audio
"2022-05-27",1,AirPods Max,1603,Audio
"2022-08-22",4,MacBook (Early 2015),741,Laptop
"2024-04-22",7,MacBook Pro 16-inch,1179,Laptop
"2021-07-27",10,iPad (9th Generation),1949,Tablet
"2022-07-10",3,iPad Pro (M1),1329,Tablet
"2020-11-19",4,Mac Studio,613,Desktop
"2021-11-03",4,Apple One,488,Subscription Service
"2022-10-28",2,Mac Studio,613,Desktop
"2023-04-17",3,AirPods Max,1603,Audio
"2021-05-23",4,MagSafe Charger,1744,Accessories
"2021-10-21",4,iPhone 14 Pro Max,678,Smartphone
"2020-02-20",5,iPad (9th Generation),1949,Tablet
"2024-08-03",8,Beats Studio Buds,762,Audio
"2022-06-12",4,iPhone 12,1436,Smartphone
"2022-11-25",7,iPad Pro 12.9-inch,1167,Tablet
"2021-02-23",9,iMac 24-inch,449,Desktop
"2023-12-16",4,AirPods Max,1603,Audio
"2022-12-26",2,Apple TV 4K,1255,Streaming Device
"2022-11-21",7,Mac Pro (2023),681,Desktop
"2022-10-11",5,Magic Trackpad,1242,Accessories
"2024-02-21",2,Apple Watch Hermès,1712,Wearable
"2022-10-31",7,Mac Mini (M2),874,Desktop
"2024-02-26",8,Apple Watch Series 9,1014,Wearable
"2020-08-15",8,iPhone 12 mini,1607,Smartphone
"2023-05-16",1,HomePod mini,266,Smart Speaker
"2022-07-28",6,Magic Trackpad,1242,Accessories
"2024-01-17",10,AirPods Pro (2nd Generation),696,Audio
"2020-04-30",1,iMac 27-inch,1918,Desktop
"2022-10-08",4,Beats Studio Buds,762,Audio
"2021-10-02",1,Beats Studio Buds,762,Audio
"2021-11-09",7,MacBook,1149,Laptop
"2023-01-01",2,AirPods (3rd Generation),1842,Audio
"2022-02-24",9,iPhone 13 Pro Max,820,Smartphone
"2020-05-27",5,MagSafe Battery Pack,1389,Accessories
"2020-09-14",4,iPad Pro (M1),1329,Tablet
"2024-01-01",7,MacBook Pro 16-inch,1179,Laptop
"2023-06-04",8,iPhone 14 Pro Max,678,Smartphone
"2023-12-31",5,MacBook Air (Retina),1847,Laptop
"2023-03-14",1,iPad Pro (M1),1329,Tablet
"2022-06-18",7,Beats Studio Buds,762,Audio
"2020-07-19",5,iMac with Retina Display,343,Desktop
"2023-07-25",6,Apple Music,1965,Subscription Service
"2022-09-20",5,Apple Pencil (2nd Generation),1506,Accessories
"2021-01-07",4,iPad Pro 11-inch,1761,Tablet
"2024-07-03",1,iMac 27-inch,1918,Desktop
"2023-08-09",9,Apple Pencil (1st Generation),925,Accessories
"2023-02-02",2,iPad Pro 11-inch,1761,Tablet
"2021-12-27",2,HomePod mini,266,Smart Speaker
"2023-08-18",10,Magic Keyboard with Touch ID,1162,Accessories
"2020-11-09",10,Apple One,488,Subscription Service
"2022-05-23",3,Apple Watch SE,1546,Wearable
"2023-03-23",6,iPad Pro (M2),1826,Tablet
"2022-10-01",1,iMac 27-inch,1918,Desktop
"2020-01-30",5,iMac Pro,1081,Desktop
"2020-11-13",9,MacBook Pro 13-inch,1351,Laptop
"2020-05-15",10,Apple Pencil (2nd Generation),1506,Accessories
"2023-07-08",2,Smart Keyboard Folio,572,Accessories
"2022-07-09",9,iMac 27-inch,1918,Desktop
"2022-03-12",8,Beats Studio Buds,762,Audio
"2022-05-23",2,AirPods Pro (2nd Generation),696,Audio
"2021-04-30",4,Apple Arcade,549,Subscription Service
"2023-04-08",1,iPad Pro (M1),1329,Tablet
"2024-01-11",7,AirPods Pro,1167,Audio
"2023-03-22",6,Apple Pencil (2nd Generation),1506,Accessories
"2022-04-09",1,iPhone 14,1476,Smartphone
"2023-06-04",3,iPhone 12 Pro,1342,Smartphone
"2022-05-15",3,iMac 27-inch,1918,Desktop
"2023-02-12",7,Apple Watch Series 9,1014,Wearable
"2023-06-16",10,iPhone 14,1476,Smartphone
"2020-01-23",1,MacBook Pro 13-inch,1351,Laptop
"2023-06-21",8,Apple Watch Series 5,1296,Wearable
"2021-10-03",1,iMac Pro,1081,Desktop
"2020-10-03",2,Magic Keyboard with Touch ID,1162,Accessories
"2024-04-28",6,Mac Studio,613,Desktop
"2020-03-15",7,iPhone 12 mini,1607,Smartphone
"2023-08-04",1,iPad Pro 12.9-inch,1167,Tablet
"2022-08-29",9,Apple Fitness+,923,Subscription Service
"2024-02-26",9,MacBook Pro 16-inch,1179,Laptop
"2023-12-06",6,Beats Studio Buds,762,Audio
"2022-09-02",4,AirPods Max,1603,Audio
"2020-12-31",8,iPad Air (4th Generation),952,Tablet
"2020-01-11",9,MacBook Pro 14-inch,768,Laptop
"2024-08-02",5,AirPods Max,1603,Audio
"2023-11-22",1,Beats Powerbeats Pro,1060,Audio
"2022-09-07",10,Apple Arcade,549,Subscription Service
"2020-10-23",3,iPad Pro 11-inch,1761,Tablet
"2023-09-07",10,iMac Pro,1081,Desktop
"2023-02-05",4,Apple TV+,404,Subscription Service
"2024-08-10",9,Beats Powerbeats Pro,1060,Audio
"2022-09-10",5,iPad Air (4th Generation),952,Tablet
"2020-10-23",7,iPhone SE (3rd Generation),923,Smartphone
"2021-08-19",8,Beats Studio Buds,762,Audio
"2022-03-24",7,MacBook Pro 14-inch,768,Laptop
"2020-10-28",7,MagSafe Battery Pack,1389,Accessories
"2024-05-04",7,HomePod (2nd Generation),689,Audio
"2022-03-14",9,Apple Watch Series 9,1014,Wearable
"2023-09-27",6,iPhone 14,1476,Smartphone
"2021-03-05",7,MacBook Pro 14-inch,768,Laptop
"2023-10-21",8,MacBook Pro 16-inch,1179,Laptop
"2022-08-08",10,Apple Arcade,549,Subscription Service
"2020-11-05",1,Smart Keyboard Folio,572,Accessories
"2023-11-28",3,iPhone 13 mini,1092,Smartphone
"2023-03-26",4,iPhone 14 Pro,1380,Smartphone
"2023-10-23",10,Beats Studio Buds,762,Audio
"2021-05-23",4,Apple TV (3rd Generation),477,Streaming Device
"2022-01-02",6,Mac Mini,555,Desktop
"2021-11-29",1,iPad Pro (M2),1826,Tablet
"2023-06-05",6,iPhone 13 Pro Max,820,Smartphone
"2020-07-08",4,Beats Studio Buds,762,Audio
"2023-03-01",8,Apple Watch Series 6,462,Wearable
"2023-05-15",4,AirPods Max,1603,Audio
"2020-11-02",8,iMac 24-inch,449,Desktop
"2024-06-02",3,Silicone Case for iPhone,1210,Accessories
"2022-11-25",3,iPhone 13 Pro Max,820,Smartphone
"2021-04-16",9,AirPods (2nd Generation),504,Audio
"2022-12-06",6,Apple Watch Series 9,1014,Wearable
"2024-02-19",10,MacBook Air (Retina),1847,Laptop
"2023-05-03",5,Apple TV+,404,Subscription Service
"2022-12-07",10,iPad Pro 11-inch,1761,Tablet
"2023-11-26",4,iPad mini (5th Generation),1912,Tablet
"2024-02-04",3,HomePod (2nd Generation),689,Audio
"2023-08-12",2,MagSafe Charger,1744,Accessories
"2022-01-08",3,Apple TV+,404,Subscription Service
"2021-07-21",7,iPhone 13 mini,1092,Smartphone
"2022-04-06",3,Apple TV+,404,Subscription Service
"2024-02-13",1,Smart Cover for iPad,1014,Accessories
"2022-12-11",1,Mac Pro (Rack),1415,Desktop
"2020-06-14",10,iPhone 12 mini,1607,Smartphone
"2020-12-02",9,iPhone 12 Pro Max,544,Smartphone
"2024-01-24",8,iPhone 12 Pro,1342,Smartphone
"2023-09-18",8,Smart Keyboard Folio,572,Accessories
"2023-02-14",7,iMac 24-inch,449,Desktop
"2024-08-04",8,MacBook Pro 16-inch,1179,Laptop
"2020-01-05",8,Beats Powerbeats Pro,1060,Audio
"2021-07-25",1,HomePod (2nd Generation),689,Audio
"2021-05-16",3,HomePod (2nd Generation),689,Audio
"2020-06-01",10,iMac 27-inch,1918,Desktop
"2021-11-30",9,iPhone 12 Pro Max,544,Smartphone
"2020-04-06",1,Apple TV 4K,1255,Streaming Device
"2023-01-21",6,Magic Mouse,313,Accessories
"2024-01-30",1,HomePod mini,438,Audio
"2021-06-06",3,Apple Watch Nike Edition,884,Wearable
"2020-08-29",4,Magic Trackpad,1242,Accessories
"2023-11-19",7,Magic Keyboard,368,Accessories
"2023-07-21",1,Mac Mini (M2),874,Desktop
"2021-02-03",5,iCloud,1181,Subscription Service
"2022-01-30",2,AirPods (2nd Generation),504,Audio
"2020-06-27",4,iPhone 14 Pro,1380,Smartphone
"2022-05-28",1,MacBook Pro (Touch Bar),1304,Laptop
"2023-10-10",5,AirPods (3rd Generation),1842,Audio
"2023-09-17",2,iPhone SE (3rd Generation),923,Smartphone
"2023-08-17",2,iPad Pro (M2),1826,Tablet
"2020-11-08",1,iMac 24-inch,449,Desktop
"2023-07-13",2,MacBook Pro (Touch Bar),1304,Laptop
"2022-03-01",7,Magic Keyboard with Touch ID,1162,Accessories
"2022-03-02",2,iPhone 13,623,Smartphone
"2020-06-05",3,Apple Watch Hermès,1712,Wearable
"2021-04-12",7,iPhone 12 Pro Max,544,Smartphone
"2022-03-26",8,Beats Studio Buds,762,Audio
"2020-09-03",6,Mac Mini,555,Desktop
"2022-12-17",6,MacBook,1149,Laptop
"2021-07-14",9,MacBook Air (M2),1588,Laptop
"2022-06-26",7,iPhone 12 Pro Max,544,Smartphone
"2024-10-20",5,AirPods Pro (2nd Generation),696,Audio
"2024-01-20",5,Smart Cover for iPad,1014,Accessories
"2022-03-01",4,Apple Pencil (2nd Generation),1506,Accessories
"2021-09-21",7,Apple Watch Ultra,346,Wearable
"2022-01-14",1,iPhone 14 Pro Max,678,Smartphone
"2024-01-22",1,AirPods Pro (2nd Generation),696,Audio
"2023-09-11",4,iPhone 13 Pro Max,820,Smartphone
"2021-01-10",1,iPhone 13 Pro,308,Smartphone
"2021-11-27",7,Mac Mini,555,Desktop
"2024-03-03",2,Apple Watch SE,1546,Wearable
"2022-03-28",6,MacBook,1149,Laptop
"2024-10-04",10,Mac Studio,613,Desktop
"2021-11-08",2,Magic Keyboard with Touch ID,1162,Accessories
"2023-07-16",3,AirPods Max,1603,Audio
"2022-10-12",2,iPhone 13,623,Smartphone
"2020-12-28",2,AirPods Pro (2nd Generation),696,Audio
"2024-09-19",3,Apple Watch Nike Edition,884,Wearable
"2023-11-11",4,AirPods Pro,1167,Audio
"2021-08-24",1,Smart Cover for iPad,1014,Accessories
"2022-07-29",2,Mac Pro (2023),681,Desktop
"2020-10-11",3,Beats Studio Buds,762,Audio
"2021-11-04",7,Silicone Case for iPhone,1210,Accessories
"2022-01-09",10,iPad (10th Generation),1735,Tablet
"2024-01-24",10,iPad (10th Generation),1735,Tablet
"2022-12-14",8,Apple Watch Ultra,346,Wearable
"2020-07-27",10,Apple Arcade,549,Subscription Service
"2021-06-30",2,MacBook Pro (Touch Bar),1304,Laptop
"2022-05-12",1,Leather Case for iPhone,866,Accessories
"2021-05-29",4,HomePod mini,266,Smart Speaker
"2022-05-26",10,Apple One,488,Subscription Service
"2022-05-20",9,Apple Watch Series 5,1296,Wearable
"2020-01-05",4,Beats Solo Pro,1773,Audio
"2022-08-10",10,iPad Pro (M1),1329,Tablet
"2022-05-20",4,Apple TV+,404,Subscription Service
"2022-03-11",3,Apple Watch Series 6,462,Wearable
"2020-08-28",9,Apple Watch Nike Edition,884,Wearable
"2024-11-05",1,iPhone 13 mini,1092,Smartphone
"2020-12-02",4,HomePod mini,266,Smart Speaker
"2024-03-19",5,HomePod,1202,Smart Speaker
"2023-07-25",1,iMac Pro,1081,Desktop
"2023-10-10",8,iMac 24-inch,449,Desktop
"2023-07-14",6,MacBook Pro 14-inch,768,Laptop
"2022-10-21",7,MagSafe Battery Pack,1389,Accessories
"2022-09-28",1,Mac Mini (M2),874,Desktop
"2024-11-02",9,HomePod mini,266,Smart Speaker
"2021-11-18",5,Apple TV+,404,Subscription Service
"2020-07-04",9,MacBook Pro 14-inch,768,Laptop
"2023-11-17",3,iPad mini (6th Generation),573,Tablet
"2020-03-16",3,iPad mini (5th Generation),1912,Tablet
"2023-04-18",2,HomePod mini,438,Audio
"2023-08-20",6,Mac Pro (Tower),458,Desktop
"2022-06-06",3,iPad (9th Generation),1949,Tablet
"2022-10-05",4,Mac Mini,555,Desktop
"2023-06-02",5,iMac Pro,1081,Desktop
"2022-01-30",1,Silicone Case for iPhone,1210,Accessories
"2020-09-19",7,AirPods Pro (2nd Generation),696,Audio
"2020-06-13",8,Apple Watch Hermès,1712,Wearable
"2021-02-01",4,MacBook (Early 2015),741,Laptop
"2021-02-03",9,Apple Watch Series 5,1296,Wearable
"2021-09-16",3,HomePod mini,438,Audio
"2020-09-24",7,iPhone 13,623,Smartphone
"2021-11-20",2,iPad Air (5th Generation),1591,Tablet
"2020-06-12",3,Apple Watch Series 5,1296,Wearable
"2022-08-10",7,Mac Pro (Rack),1415,Desktop
"2022-03-01",9,iPhone 13 Pro,308,Smartphone
"2020-03-04",10,MacBook (Early 2015),741,Laptop
"2024-02-24",6,iPad Pro 12.9-inch,1167,Tablet
"2022-09-07",9,iPad Air (4th Generation),952,Tablet
"2021-06-09",9,Magic Mouse,313,Accessories
"2021-04-08",9,Smart Keyboard Folio,572,Accessories
"2020-02-18",9,iPhone SE (3rd Generation),923,Smartphone
"2020-08-22",8,Apple TV 4K,1255,Streaming Device
"2021-07-09",9,iPhone SE (3rd Generation),923,Smartphone
"2020-01-06",3,MacBook Air (M2),1588,Laptop
"2020-08-23",6,iPhone 13 Pro Max,820,Smartphone
"2022-02-12",10,AirPods Pro (2nd Generation),696,Audio
"2022-01-15",9,Apple TV+,404,Subscription Service
"2022-04-24",9,iPhone SE (3rd Generation),923,Smartphone
"2020-12-17",10,HomePod mini,438,Audio
"2024-10-30",10,Apple Pencil (1st Generation),925,Accessories
"2021-09-29",4,iPhone 14,1476,Smartphone
"2021-10-06",5,Mac Pro (Rack),1415,Desktop
"2022-03-31",9,iPhone 13 Pro,308,Smartphone
"2020-07-20",5,MagSafe Battery Pack,1389,Accessories
"2021-11-25",6,Magic Mouse,313,Accessories
"2023-09-06",1,iPad Pro 12.9-inch,1167,Tablet
"2024-10-20",10,MacBook,1149,Laptop
"2023-10-23",10,Apple TV+,404,Subscription Service
"2023-06-27",4,Apple Pencil (1st Generation),925,Accessories
"2022-11-20",2,Smart Keyboard Folio,572,Accessories
"2022-08-29",4,HomePod mini,438,Audio
"2022-10-25",7,MacBook Air (M2),1588,Laptop
"2020-07-12",2,iPhone 14 Pro,1380,Smartphone
"2022-05-25",2,AirPods Pro (2nd Generation),696,Audio
"2022-05-20",10,iPad Air (5th Generation),1591,Tablet
"2022-01-06",8,Apple Watch Series 9,1014,Wearable
"2022-02-23",7,Beats Solo Pro,1773,Audio
"2020-07-25",6,Apple Watch Series 5,1296,Wearable
"2020-07-02",7,Magic Trackpad,1242,Accessories
"2021-01-26",5,AirPods Pro (2nd Generation),696,Audio
"2021-03-29",4,Magic Trackpad,1242,Accessories
"2023-11-16",5,Apple Fitness+,923,Subscription Service
"2022-05-03",4,Apple TV 4K,1255,Streaming Device
"2023-04-17",1,iPhone 14 Plus,1259,Smartphone
"2021-03-15",9,AirPods Max,1603,Audio
"2023-02-25",4,Apple Pencil (2nd Generation),1506,Accessories
"2020-09-01",2,Beats Studio Buds,762,Audio
"2023-07-31",10,MacBook Air (M1),1783,Laptop
"2021-11-04",2,Magic Keyboard,368,Accessories
"2023-07-07",8,Mac Pro (Rack),1415,Desktop
"2024-01-06",5,Magic Keyboard,368,Accessories
"2021-05-30",4,Apple Arcade,549,Subscription Service
"2024-05-30",6,Smart Keyboard Folio,572,Accessories
"2021-08-10",7,Smart Cover for iPad,1014,Accessories
"2023-01-28",6,iPhone 12 mini,1607,Smartphone
"2022-04-26",2,Apple TV HD,1258,Streaming Device
"2023-07-19",5,Magic Keyboard,368,Accessories
"2021-04-08",7,Apple Watch Series 9,1014,Wearable
"2021-11-12",6,iPhone 14 Plus,1259,Smartphone
"2024-09-29",7,iPhone 12 mini,1607,Smartphone
"2023-05-14",7,Apple Watch Series 7,1431,Wearable
"2021-05-15",9,Apple Watch SE,1546,Wearable
"2021-12-10",8,Smart Keyboard Folio,572,Accessories
"2022-03-03",10,iPad mini (6th Generation),573,Tablet
"2022-05-22",2,Magic Mouse,313,Accessories
"2023-10-22",8,Apple Pencil (2nd Generation),1506,Accessories
"2023-11-15",9,MacBook Pro 14-inch,768,Laptop
"2024-07-02",10,Apple TV+,404,Subscription Service
"2020-06-20",8,iPhone 12 Pro Max,544,Smartphone
"2022-01-13",10,iPad mini (6th Generation),573,Tablet
"2021-06-19",8,AirTag,677,Accessories
"2020-05-10",9,MacBook,1149,Laptop
"2024-08-21",9,AirPods Pro,1167,Audio
"2021-03-17",8,iCloud,1181,Subscription Service
"2021-04-22",8,iPhone 14 Plus,1259,Smartphone
"2022-11-12",3,iPhone 14,1476,Smartphone
"2020-01-10",3,MacBook Pro 14-inch,768,Laptop
"2022-09-15",3,iPhone 13 mini,1092,Smartphone
"2023-04-29",9,Apple TV 4K,1255,Streaming Device
"2022-12-22",6,Mac Pro (Rack),1415,Desktop
"2021-11-21",8,Mac Pro (Tower),458,Desktop
"2020-11-10",2,iPhone 14 Plus,1259,Smartphone
"2024-06-11",3,MacBook Air (Retina),1847,Laptop
"2021-02-08",5,iPad Air (4th Generation),952,Tablet
"2023-07-12",3,iPhone 13,623,Smartphone
"2021-04-24",4,iPhone 12 Pro Max,544,Smartphone
"2020-11-10",1,iPad Pro 12.9-inch,1167,Tablet
"2023-12-26",7,HomePod mini,438,Audio
"2024-04-16",4,iPad Pro (M2),1826,Tablet
"2020-03-07",4,iPhone 12 Pro,1342,Smartphone
"2021-01-05",10,AirTag,677,Accessories
"2024-06-15",2,Beats Powerbeats Pro,1060,Audio
"2022-10-05",7,iPhone 14,1476,Smartphone
"2021-02-12",4,AirPods Pro (2nd Generation),696,Audio
"2023-03-03",1,MacBook Pro 16-inch,1179,Laptop
"2021-07-23",7,AirTag,677,Accessories
"2024-10-02",6,MagSafe Charger,1744,Accessories
"2024-04-26",8,iPad Air (5th Generation),1591,Tablet
"2023-03-29",5,Apple News+,253,Subscription Service
"2023-12-01",9,iPhone 12 mini,1607,Smartphone
"2024-04-07",4,iPhone 12 mini,1607,Smartphone
"2021-02-14",2,Apple Pencil (2nd Generation),1506,Accessories
"2024-06-09",4,Apple Fitness+,923,Subscription Service
"2020-09-25",5,iPhone 13,623,Smartphone
"2024-08-31",9,AirTag,677,Accessories
"2022-08-23",10,Apple Pencil (2nd Generation),1506,Accessories
"2022-10-14",9,Apple TV 4K,1255,Streaming Device
"2024-08-14",5,iPad Air (5th Generation),1591,Tablet
"2023-01-26",4,Apple Watch Nike Edition,884,Wearable
"2020-12-30",8,Smart Cover for iPad,1014,Accessories
"2023-11-18",6,AirTag,677,Accessories
"2022-03-04",9,iPad mini (5th Generation),1912,Tablet
"2024-11-10",3,MagSafe Charger,1744,Accessories
"2022-10-27",1,iPhone 13,623,Smartphone
"2023-08-22",10,MacBook Pro 14-inch,768,Laptop
"2022-07-29",3,HomePod,1202,Smart Speaker
"2021-08-27",4,iPhone 13 Pro,308,Smartphone
"2022-06-14",5,HomePod mini,438,Audio
"2020-05-14",5,MacBook,1149,Laptop
"2023-11-27",9,iPhone 14 Pro,1380,Smartphone
"2020-05-10",2,Smart Keyboard Folio,572,Accessories
"2023-03-27",1,AirPods (3rd Generation),1842,Audio
"2023-12-18",2,Apple Watch Series 7,1431,Wearable
"2024-06-10",5,Apple Watch Nike Edition,884,Wearable
"2023-10-18",5,Apple Music,1965,Subscription Service
"2020-08-13",8,iPad Pro 12.9-inch,1167,Tablet
"2022-11-26",10,Mac Mini (M2),874,Desktop
"2020-07-07",1,Mac Pro (Rack),1415,Desktop
"2022-11-13",10,MacBook Pro 16-inch,1179,Laptop
"2021-07-03",9,iPhone 13 Pro Max,820,Smartphone
"2021-06-26",4,MacBook,1149,Laptop
"2023-12-25",7,Mac Mini,555,Desktop
"2022-05-20",2,Apple Fitness+,923,Subscription Service
"2023-03-05",6,Apple Pencil (1st Generation),925,Accessories
"2024-01-01",7,iPad Pro (M1),1329,Tablet
"2023-03-27",4,AirPods Pro (2nd Generation),696,Audio
"2020-09-07",2,iPad mini (5th Generation),1912,Tablet
"2021-09-05",2,Apple Watch Series 6,462,Wearable
"2022-07-18",4,iPhone 14,1476,Smartphone
"2022-08-04",6,Apple Watch Series 9,1014,Wearable
"2024-04-04",6,MacBook Pro 16-inch,1179,Laptop
"2023-01-02",1,MagSafe Battery Pack,1389,Accessories
"2023-05-09",9,Apple Watch SE,1546,Wearable
"2024-08-26",10,iPhone 13 mini,1092,Smartphone
"2020-05-07",3,Beats Solo Pro,1773,Audio
"2021-07-19",2,iPad Air (4th Generation),952,Tablet
"2021-10-24",3,MacBook (Early 2015),741,Laptop
"2022-02-11",5,Apple TV+,404,Subscription Service
"2020-07-10",7,Mac Pro (Rack),1415,Desktop
"2022-09-13",7,HomePod (2nd Generation),689,Audio
"2023-09-18",8,HomePod mini,438,Audio
"2022-05-13",1,MacBook,1149,Laptop
"2021-09-19",2,iPhone 13 mini,1092,Smartphone
"2021-04-06",7,HomePod mini,266,Smart Speaker
"2021-05-18",4,MacBook Air (Retina),1847,Laptop
"2024-03-29",10,MagSafe Charger,1744,Accessories
"2021-03-05",9,Apple Watch Series 7,1431,Wearable
"2022-05-11",5,Apple Fitness+,923,Subscription Service
"2022-04-06",5,Apple TV+,404,Subscription Service
"2021-07-19",10,iPad Air (5th Generation),1591,Tablet
"2021-06-17",5,iPad mini (6th Generation),573,Tablet
"2020-05-11",3,Mac Mini (M2),874,Desktop
"2023-09-14",5,iPhone 14 Plus,1259,Smartphone
"2021-01-03",5,iPhone 14 Pro Max,678,Smartphone
"2024-01-14",6,Apple Watch Series 5,1296,Wearable
"2023-10-13",2,Silicone Case for iPhone,1210,Accessories
"2021-02-16",9,Apple Watch Hermès,1712,Wearable
"2024-06-08",9,Magic Keyboard with Touch ID,1162,Accessories
"2024-08-13",8,Apple Arcade,549,Subscription Service
"2021-05-14",1,iPhone 14 Pro,1380,Smartphone
"2020-06-05",4,Apple Watch Series 9,1014,Wearable
"2020-11-01",10,Apple Arcade,549,Subscription Service
"2020-05-19",10,Apple Watch Hermès,1712,Wearable
"2022-01-11",2,Apple Music,1965,Subscription Service
"2022-03-25",9,Apple Watch SE,1546,Wearable
"2022-07-10",10,Magic Mouse,313,Accessories
"2021-12-11",10,Magic Mouse,313,Accessories
"2023-11-30",10,iPhone 12 mini,1607,Smartphone
"2023-02-05",8,iPad Pro (M1),1329,Tablet
"2020-07-27",8,Apple One,488,Subscription Service
"2021-08-19",1,iPad Pro (M1),1329,Tablet
"2023-06-17",5,HomePod mini,438,Audio
"2020-02-16",2,MacBook Air (M2),1588,Laptop
"2023-08-11",7,iPhone 12 Pro Max,544,Smartphone
"2021-09-04",8,Apple Watch Series 5,1296,Wearable
"2021-05-10",4,iPad Pro 12.9-inch,1167,Tablet
"2021-03-23",5,iPhone 13 Pro Max,820,Smartphone
"2020-09-29",10,iPad Air (4th Generation),952,Tablet
"2021-06-07",2,Beats Studio Buds,762,Audio
"2020-10-12",7,iPad Pro 11-inch,1761,Tablet
"2023-08-09",9,iPad Pro 12.9-inch,1167,Tablet
"2022-02-21",6,Apple TV 4K,1255,Streaming Device
"2023-09-24",7,iPhone 12 Pro Max,544,Smartphone
"2024-01-09",4,iMac with Retina Display,343,Desktop
"2022-08-14",4,iPhone 12 mini,1607,Smartphone
"2024-01-13",4,iMac Pro,1081,Desktop
"2023-04-01",4,Apple Watch Series 5,1296,Wearable
"2023-04-22",3,AirPods (3rd Generation),1842,Audio
"2022-09-21",6,MacBook,1149,Laptop
"2021-03-17",3,MacBook Pro 13-inch,1351,Laptop
"2023-01-13",2,Apple Watch Nike Edition,884,Wearable
"2022-02-01",10,Beats Fit Pro,1839,Audio
"2024-01-20",5,Apple Arcade,549,Subscription Service
"2024-03-23",3,iPad Pro (M2),1826,Tablet
"2022-10-21",1,iPad Pro (M1),1329,Tablet
"2022-04-15",8,Apple Fitness+,923,Subscription Service
"2022-01-27",2,Leather Case for iPhone,866,Accessories
"2020-08-03",9,iPhone 13,623,Smartphone
"2022-03-01",7,iMac 24-inch,449,Desktop
"2020-02-14",9,Smart Cover for iPad,1014,Accessories
"2023-04-28",4,Lightning to USB Cable,1434,Accessories
"2022-11-25",10,iPad Air (4th Generation),952,Tablet
"2023-06-20",3,MagSafe Charger,1744,Accessories
"2020-11-07",8,Apple Watch Hermès,1712,Wearable
"2021-04-11",2,MacBook (Retina),231,Laptop
"2021-03-26",3,iPhone 14,1476,Smartphone
"2021-02-14",9,Mac Pro (2023),681,Desktop
"2021-01-03",4,iPad Pro 11-inch,1761,Tablet
"2023-11-04",5,HomePod,1202,Smart Speaker
"2022-10-10",8,iMac 24-inch,449,Desktop
"2021-05-17",4,Mac Pro (2023),681,Desktop
"2022-04-13",9,MacBook Air (Retina),1847,Laptop
"2020-07-01",6,Apple Watch Hermès,1712,Wearable
"2023-05-17",3,AirPods Max,1603,Audio
"2021-12-15",1,Magic Trackpad,1242,Accessories
"2020-01-04",6,Beats Solo Pro,1773,Audio
"2022-07-10",4,Apple Watch SE,1546,Wearable
"2023-07-07",7,Silicone Case for iPhone,1210,Accessories
"2020-08-20",2,Apple Music,1965,Subscription Service
"2020-08-16",10,iMac 24-inch,449,Desktop
"2024-01-13",3,AirPods Pro,1167,Audio
"2022-12-19",9,AirPods Max,1603,Audio
"2021-10-01",2,Apple TV 4K,1255,Streaming Device
"2022-12-06",9,Beats Studio Buds,762,Audio
"2020-06-14",7,Beats Powerbeats Pro,1060,Audio
"2024-08-11",4,MacBook Pro (Touch Bar),1304,Laptop
"2020-11-18",8,MagSafe Battery Pack,1389,Accessories
"2021-07-10",1,Apple TV HD,1258,Streaming Device
"2024-04-25",7,iPhone 12 Pro,1342,Smartphone
"2021-03-12",2,AirPods (3rd Generation),1842,Audio
"2021-06-27",7,iPad Pro (M2),1826,Tablet
"2022-02-19",10,iPhone 14 Pro,1380,Smartphone
"2021-03-20",9,iPhone 12 Pro,1342,Smartphone
"2021-07-17",9,Beats Powerbeats Pro,1060,Audio
"2020-12-30",6,Mac Studio,613,Desktop
"2023-09-11",6,iPad (10th Generation),1735,Tablet
"2023-02-28",5,Smart Cover for iPad,1014,Accessories
"2020-05-03",1,Smart Keyboard Folio,572,Accessories
"2022-07-24",10,iMac with Retina Display,343,Desktop
"2024-04-04",2,Mac Mini,555,Desktop
"2024-11-11",2,Apple TV 4K,1255,Streaming Device
"2022-01-11",10,MacBook Air (M1),1783,Laptop
"2022-01-04",6,MacBook Pro 14-inch,768,Laptop
"2021-02-15",7,MagSafe Charger,1744,Accessories
"2022-04-05",6,iPad mini (5th Generation),1912,Tablet
"2020-01-18",8,MacBook Pro 13-inch,1351,Laptop
"2022-10-10",8,iPhone 14,1476,Smartphone
"2020-08-18",10,Mac Mini,555,Desktop
"2023-01-06",6,MacBook Pro 14-inch,768,Laptop
"2021-06-21",10,Apple Watch Series 7,1431,Wearable
"2021-12-09",10,MacBook Pro 13-inch,1351,Laptop
"2021-06-24",8,Apple Watch Ultra,346,Wearable
"2024-01-16",9,iPad Air (4th Generation),952,Tablet
"2024-07-16",8,iPhone 13 Pro Max,820,Smartphone
"2022-05-28",9,iPad Pro 12.9-inch,1167,Tablet
"2021-04-22",6,Apple News+,253,Subscription Service
"2023-06-18",3,iPhone 12 Pro,1342,Smartphone
"2020-08-30",7,MacBook (Retina),231,Laptop
"2023-09-14",7,Beats Fit Pro,1839,Audio
"2022-03-23",8,MacBook (Early 2015),741,Laptop
"2023-12-03",10,iPhone 14 Plus,1259,Smartphone
"2020-08-06",3,Apple Pencil (1st Generation),925,Accessories
"2023-04-04",5,MacBook Pro 14-inch,768,Laptop
"2022-08-16",9,Mac Pro (Rack),1415,Desktop
"2020-02-28",5,iPhone 13,623,Smartphone
"2024-06-09",5,Apple Watch Hermès,1712,Wearable
"2023-06-07",6,iPhone 14 Plus,1259,Smartphone
"2021-11-14",3,Apple Music,1965,Subscription Service
"2020-03-27",8,Mac Pro (2023),681,Desktop
"2020-07-10",6,MacBook Pro (Touch Bar),1304,Laptop
"2021-02-23",10,iPhone 14 Plus,1259,Smartphone
"2021-02-23",4,MacBook Air (M1),1783,Laptop
"2022-09-22",2,iPad Air (4th Generation),952,Tablet
"2021-02-22",10,AirPods (2nd Generation),504,Audio
"2022-11-11",9,MacBook Air (M1),1783,Laptop
"2020-02-09",1,Beats Studio Buds,762,Audio
"2022-12-01",1,iPhone 14 Pro Max,678,Smartphone
"2020-12-06",1,HomePod mini,438,Audio
"2022-10-08",3,iPad Pro 12.9-inch,1167,Tablet
"2020-09-07",3,iPad Air (5th Generation),1591,Tablet
"2022-10-16",6,Apple Pencil (2nd Generation),1506,Accessories
"2024-09-29",8,Apple TV+,404,Subscription Service
"2020-02-24",8,iPhone 12 Pro Max,544,Smartphone
"2020-02-03",1,iPad Pro (M2),1826,Tablet
"2024-11-05",10,Apple Watch Series 8,1631,Wearable
"2022-03-11",8,iPhone 12,1436,Smartphone
"2023-12-09",10,iPad Pro (M1),1329,Tablet
"2020-12-24",7,Mac Pro (Tower),458,Desktop
"2022-03-05",9,iPad Pro (M2),1826,Tablet
"2021-03-08",6,Beats Studio Buds,762,Audio
"2020-09-24",6,Apple Arcade,549,Subscription Service
"2024-03-08",7,AirPods Pro,1167,Audio
"2022-09-17",1,AirPods Max,1603,Audio
"2022-11-22",10,Leather Case for iPhone,866,Accessories
"2023-08-14",7,MacBook Pro 16-inch,1179,Laptop
"2020-11-29",3,HomePod,1202,Smart Speaker
"2021-10-12",9,iPhone 12 Pro Max,544,Smartphone
"2023-01-12",10,iPad Air (5th Generation),1591,Tablet
"2023-05-18",5,MacBook Air (M2),1588,Laptop
"2021-06-29",9,Mac Mini (M2),874,Desktop
"2022-01-18",3,AirPods Max,1603,Audio
"2021-10-18",5,iPhone 12 mini,1607,Smartphone
"2021-02-02",9,Mac Mini,555,Desktop
"2021-01-24",5,MacBook (Retina),231,Laptop
"2021-05-11",3,iPhone 12 Pro,1342,Smartphone
"2024-09-11",7,iPhone 12 Pro Max,544,Smartphone
"2021-08-12",10,MacBook Pro 16-inch,1179,Laptop
"2023-10-07",6,Apple Watch Series 6,462,Wearable
"2020-01-01",4,Apple TV HD,1258,Streaming Device
"2022-04-25",9,Apple Arcade,549,Subscription Service
"2024-05-18",1,AirPods (3rd Generation),1842,Audio
"2024-10-27",8,iPhone SE (3rd Generation),923,Smartphone
"2020-02-29",8,iMac 24-inch,449,Desktop
"2022-01-06",6,Beats Solo Pro,1773,Audio
"2023-11-08",5,Apple Watch Hermès,1712,Wearable
"2023-04-18",8,Apple Pencil (2nd Generation),1506,Accessories
"2021-07-12",2,Apple Pencil (2nd Generation),1506,Accessories
"2024-08-24",1,AirTag,677,Accessories
"2020-12-24",5,Apple Pencil (2nd Generation),1506,Accessories
"2022-06-09",4,MacBook Pro 16-inch,1179,Laptop
"2020-02-07",6,iMac with Retina Display,343,Desktop
"2021-08-03",1,Lightning to USB Cable,1434,Accessories
"2022-05-11",3,Apple TV HD,1258,Streaming Device
"2024-01-16",6,MacBook Air (M1),1783,Laptop
"2023-09-02",10,Mac Mini (M2),874,Desktop
"2022-12-30",3,MacBook Pro (Touch Bar),1304,Laptop
"2021-02-02",3,iPhone 14 Pro Max,678,Smartphone
"2022-08-21",10,iPad mini (5th Generation),1912,Tablet
"2023-10-09",4,Apple Watch Nike Edition,884,Wearable
"2021-03-24",3,Apple News+,253,Subscription Service
"2024-02-27",8,AirPods Max,1603,Audio
"2021-03-09",4,Apple Fitness+,923,Subscription Service
"2021-01-28",9,iPad Pro (M1),1329,Tablet
"2020-04-13",8,AirTag,677,Accessories
"2022-09-20",2,iPhone 14,1476,Smartphone
"2021-02-26",5,iPad Pro (M2),1826,Tablet
"2020-03-21",8,iPhone 13 Pro Max,820,Smartphone
"2020-11-15",9,AirPods (2nd Generation),504,Audio
"2022-11-29",4,iPad mini (5th Generation),1912,Tablet
"2024-02-28",8,Mac Mini (M2),874,Desktop
"2023-07-08",8,iPhone 12 Pro Max,544,Smartphone
"2021-08-04",8,Beats Powerbeats Pro,1060,Audio
"2020-03-06",2,MagSafe Charger,1744,Accessories
"2023-01-15",4,iPad Pro 12.9-inch,1167,Tablet
"2024-10-22",8,Apple Fitness+,923,Subscription Service
"2024-07-02",4,Apple TV 4K,1255,Streaming Device
"2020-09-01",4,Apple Watch Series 5,1296,Wearable
"2021-10-23",6,iPhone 13 mini,1092,Smartphone
"2021-04-09",1,Beats Solo Pro,1773,Audio
"2023-12-28",5,Apple TV HD,1258,Streaming Device
"2022-03-13",5,iMac Pro,1081,Desktop
"2024-02-12",4,iPad Pro (M2),1826,Tablet
"2020-05-28",5,iPhone 14,1476,Smartphone
"2023-03-26",9,iPad Pro (M2),1826,Tablet
"2024-01-22",1,Apple Watch Series 7,1431,Wearable
"2022-07-30",8,Mac Mini,555,Desktop
"2022-11-14",9,Apple Music,1965,Subscription Service
"2024-02-11",2,iPad Pro 12.9-inch,1167,Tablet
"2023-09-27",9,Apple Watch Series 7,1431,Wearable
"2024-08-02",9,Beats Fit Pro,1839,Audio
"2024-01-17",1,iPhone 14 Pro,1380,Smartphone
"2022-09-21",7,AirPods (2nd Generation),504,Audio
"2024-08-16",7,MacBook Air (Retina),1847,Laptop
"2023-11-30",10,HomePod (2nd Generation),689,Audio
"2021-05-13",4,iCloud,1181,Subscription Service
"2021-05-30",4,MacBook Pro (Touch Bar),1304,Laptop
"2020-07-11",6,AirPods (3rd Generation),1842,Audio
"2023-07-01",1,MacBook Air (M1),1783,Laptop
"2021-10-11",1,iMac Pro,1081,Desktop
"2020-04-14",5,iPhone 13,623,Smartphone
"2023-11-23",6,MagSafe Battery Pack,1389,Accessories
"2020-04-30",10,Apple Watch SE,1546,Wearable
"2023-03-23",8,AirPods Pro,1167,Audio
"2023-07-13",3,MacBook (Retina),231,Laptop
"2023-09-29",7,Apple TV HD,1258,Streaming Device
"2021-10-18",5,iCloud,1181,Subscription Service
"2023-05-29",5,Apple News+,253,Subscription Service
"2024-04-17",5,iPhone 13 Pro Max,820,Smartphone
"2021-12-06",1,Beats Studio Buds,762,Audio
"2022-01-03",8,HomePod,1202,Smart Speaker
"2023-11-04",9,Apple Watch Nike Edition,884,Wearable
"2022-05-28",5,iPhone 13 mini,1092,Smartphone
"2020-05-22",9,Apple Watch Series 9,1014,Wearable
"2022-05-21",7,iPhone 14 Pro,1380,Smartphone
"2021-09-09",4,MacBook Pro 16-inch,1179,Laptop
"2024-03-25",3,iPhone 12 Pro,1342,Smartphone
"2022-02-18",10,iPhone 14 Pro,1380,Smartphone
"2022-11-18",9,iPad (10th Generation),1735,Tablet
"2020-04-21",8,Apple Watch Series 9,1014,Wearable
"2022-06-03",10,Apple TV HD,1258,Streaming Device
"2022-04-28",7,iMac 24-inch,449,Desktop
"2020-03-25",5,iPhone 14 Plus,1259,Smartphone
"2020-02-13",4,MagSafe Battery Pack,1389,Accessories
"2020-07-22",9,MagSafe Charger,1744,Accessories
"2021-09-16",4,MacBook Pro 14-inch,768,Laptop
"2023-03-05",3,Mac Studio,613,Desktop
"2024-08-23",4,Smart Cover for iPad,1014,Accessories
"2023-04-10",4,MacBook Air (Retina),1847,Laptop
"2022-11-03",5,iPad (9th Generation),1949,Tablet
"2021-04-27",10,Apple TV (3rd Generation),477,Streaming Device
"2024-06-30",9,iPad (9th Generation),1949,Tablet
"2020-10-24",1,Apple Pencil (2nd Generation),1506,Accessories
"2022-06-25",3,Apple Watch Series 8,1631,Wearable
"2020-05-21",2,AirPods Pro (2nd Generation),696,Audio
"2021-10-16",4,Apple TV 4K,1255,Streaming Device
"2023-11-14",6,Mac Mini,555,Desktop
"2022-05-05",5,Apple Watch SE,1546,Wearable
"2022-06-30",2,MagSafe Battery Pack,1389,Accessories
"2024-06-01",8,Apple Watch Series 8,1631,Wearable
"2021-02-09",6,AirPods Pro,1167,Audio
"2022-01-15",1,Leather Case for iPhone,866,Accessories
"2021-11-03",9,Apple TV 4K,1255,Streaming Device
"2020-08-01",9,Apple Music,1965,Subscription Service
"2020-12-18",5,Mac Pro (Rack),1415,Desktop
"2021-03-07",6,MacBook (Early 2015),741,Laptop
"2023-09-27",5,Apple TV HD,1258,Streaming Device
"2023-05-24",6,iPad Air (5th Generation),1591,Tablet
"2022-07-12",9,iPad Pro 11-inch,1761,Tablet
"2024-10-23",10,Magic Trackpad,1242,Accessories
"2023-07-04",2,iPhone SE (3rd Generation),923,Smartphone
"2021-07-18",7,Mac Mini (M2),874,Desktop
"2022-10-22",2,MagSafe Charger,1744,Accessories
"2022-06-30",6,HomePod,1202,Smart Speaker
"2021-11-22",9,iPhone 13 mini,1092,Smartphone
"2021-08-06",9,Beats Fit Pro,1839,Audio
"2023-12-13",2,MagSafe Charger,1744,Accessories
"2020-12-01",4,Mac Studio,613,Desktop
"2022-05-22",4,iPad Pro 12.9-inch,1167,Tablet
"2020-05-06",6,iPhone 12 Pro,1342,Smartphone
"2021-01-24",4,iPhone 13 Pro Max,820,Smartphone
"2022-02-10",6,Beats Studio Buds,762,Audio
"2021-06-05",7,iPad mini (6th Generation),573,Tablet
"2022-12-01",6,Apple Watch Hermès,1712,Wearable
"2022-06-30",1,Magic Keyboard with Touch ID,1162,Accessories
"2023-06-17",6,Smart Cover for iPad,1014,Accessories
"2021-02-22",5,Apple Watch SE,1546,Wearable
"2020-12-17",2,Apple Music,1965,Subscription Service
"2021-11-20",4,iPhone 13 Pro,308,Smartphone
"2024-07-31",3,Mac Pro (Tower),458,Desktop
"2021-11-29",4,Apple Watch Series 5,1296,Wearable
"2021-02-26",1,Mac Pro (2023),681,Desktop
"2021-03-01",7,iPhone 12,1436,Smartphone
"2023-07-29",10,MagSafe Charger,1744,Accessories
"2024-06-05",3,iPhone 13 Pro Max,820,Smartphone
"2024-08-15",9,Beats Studio Buds,762,Audio
"2020-02-21",3,iPhone 14 Plus,1259,Smartphone
"2020-10-31",4,Leather Case for iPhone,866,Accessories
"2020-04-06",2,AirPods Max,1603,Audio
"2022-05-06",2,Apple Pencil (1st Generation),925,Accessories
"2024-10-15",3,Smart Keyboard Folio,572,Accessories
"2020-02-09",9,AirPods Pro (2nd Generation),696,Audio
"2023-02-04",8,iPad mini (5th Generation),1912,Tablet
"2020-02-19",7,Beats Fit Pro,1839,Audio
"2023-11-01",8,iPhone SE (3rd Generation),923,Smartphone
"2023-11-09",9,Apple Music,1965,Subscription Service
"2021-05-20",7,Apple TV+,404,Subscription Service
"2020-02-17",1,iPhone 12,1436,Smartphone
"2021-08-26",10,iPhone 14 Pro Max,678,Smartphone
"2021-02-28",5,Magic Keyboard,368,Accessories
"2020-11-28",5,MacBook (Retina),231,Laptop
"2023-08-05",10,Mac Mini,555,Desktop
"2020-12-12",9,Apple Pencil (2nd Generation),1506,Accessories
"2024-04-08",6,AirPods (3rd Generation),1842,Audio
"2024-02-28",8,Lightning to USB Cable,1434,Accessories
"2022-11-04",4,Apple One,488,Subscription Service
"2022-02-18",10,Beats Powerbeats Pro,1060,Audio
"2022-03-30",1,MacBook (Retina),231,Laptop
"2022-05-17",10,Magic Keyboard with Touch ID,1162,Accessories
"2022-08-21",10,Magic Mouse,313,Accessories
"2020-09-13",1,iPad Pro 12.9-inch,1167,Tablet
"2023-05-14",1,iPad mini (5th Generation),1912,Tablet
"2023-12-18",2,Magic Keyboard,368,Accessories
"2024-06-13",9,Apple Watch Hermès,1712,Wearable
"2022-04-09",3,iPhone 12 Pro,1342,Smartphone
"2022-10-09",1,iPad Pro 11-inch,1761,Tablet
"2022-09-12",3,iCloud,1181,Subscription Service
"2021-08-25",1,MacBook (Early 2015),741,Laptop
"2023-04-05",2,iPhone 12 Pro Max,544,Smartphone
"2023-06-15",8,Beats Studio Buds,762,Audio
"2023-11-12",3,MacBook Pro 14-inch,768,Laptop
"2023-07-23",10,iPhone 13 mini,1092,Smartphone
"2024-04-07",3,Apple Watch Nike Edition,884,Wearable
"2021-10-15",3,iPhone 13 mini,1092,Smartphone
"2020-08-21",8,iPhone 14,1476,Smartphone
"2023-12-08",5,Apple Watch Series 8,1631,Wearable
"2023-06-01",2,Apple Watch Series 7,1431,Wearable
"2023-01-12",6,Apple One,488,Subscription Service
"2023-08-21",6,Apple TV HD,1258,Streaming Device
"2021-04-04",3,Apple TV HD,1258,Streaming Device
"2022-10-25",3,iMac 27-inch,1918,Desktop
"2020-03-17",9,iPhone 13 Pro,308,Smartphone
"2021-09-22",6,Apple Watch Series 8,1631,Wearable
"2020-08-05",6,Mac Studio,613,Desktop
"2021-01-21",4,iPhone 14 Pro Max,678,Smartphone
"2024-10-12",8,iPhone 12 Pro,1342,Smartphone
"2023-04-30",4,Apple Watch Ultra,346,Wearable
"2020-04-29",6,iPhone 14 Pro Max,678,Smartphone
"2023-07-03",8,Mac Mini (M2),874,Desktop
"2023-08-13",2,Smart Cover for iPad,1014,Accessories
"2021-02-06",10,Mac Mini,555,Desktop
"2023-04-03",5,Magic Keyboard,368,Accessories
"2021-11-23",8,Beats Studio Buds,762,Audio
"2022-05-24",5,MacBook Pro (Touch Bar),1304,Laptop
"2022-01-27",7,iPad (9th Generation),1949,Tablet
"2022-11-02",7,Apple Music,1965,Subscription Service
"2024-06-24",8,AirPods Max,1603,Audio
"2024-11-03",5,AirPods Max,1603,Audio
"2021-01-28",4,Beats Fit Pro,1839,Audio
"2022-03-13",10,Apple Watch Ultra,346,Wearable
"2023-06-05",3,Apple TV HD,1258,Streaming Device
"2020-01-13",10,Apple TV HD,1258,Streaming Device
"2021-10-26",8,Magic Keyboard,368,Accessories
"2022-08-29",5,Lightning to USB Cable,1434,Accessories
"2022-08-07",1,MagSafe Battery Pack,1389,Accessories
"2022-06-08",4,Apple TV (3rd Generation),477,Streaming Device
"2020-08-08",5,iMac 24-inch,449,Desktop
"2023-12-25",2,Apple Arcade,549,Subscription Service
"2022-01-26",10,iMac 27-inch,1918,Desktop
"2024-07-22",9,MagSafe Charger,1744,Accessories
"2022-12-09",3,iPhone 12 Pro Max,544,Smartphone
"2023-10-25",5,Apple Watch Ultra,346,Wearable
"2021-05-17",6,Magic Keyboard,368,Accessories
"2023-02-25",8,iPhone 12 Pro,1342,Smartphone
"2024-01-11",3,MacBook (Early 2015),741,Laptop
"2020-04-22",3,Apple Watch Ultra,346,Wearable
"2024-09-12",1,AirPods Max,1603,Audio
"2024-09-12",3,Apple Watch Series 5,1296,Wearable
"2022-06-15",9,iPad Pro (M2),1826,Tablet
"2024-07-07",3,iPhone 12 mini,1607,Smartphone
"2021-09-20",4,iPad (9th Generation),1949,Tablet
"2023-01-04",6,iMac 24-inch,449,Desktop
"2021-08-20",7,iCloud,1181,Subscription Service
"2024-06-10",2,iPhone 14 Pro Max,678,Smartphone
"2024-05-04",9,Apple Fitness+,923,Subscription Service
"2021-03-28",10,Apple Pencil (1st Generation),925,Accessories
"2021-12-22",10,Mac Pro (Tower),458,Desktop
"2023-12-21",8,MacBook,1149,Laptop
"2020-07-25",9,HomePod (2nd Generation),689,Audio
"2020-10-20",4,iPhone 14 Pro Max,678,Smartphone
"2020-07-20",1,Beats Fit Pro,1839,Audio
"2021-04-03",2,Beats Studio Buds,762,Audio
"2020-04-11",1,Mac Pro (Tower),458,Desktop
"2022-06-13",1,iCloud,1181,Subscription Service
"2021-09-21",4,MagSafe Charger,1744,Accessories
"2022-01-16",3,Apple Watch Series 9,1014,Wearable
"2023-08-17",8,iPhone 14 Pro,1380,Smartphone
"2024-05-03",4,HomePod,1202,Smart Speaker
"2024-04-20",10,Mac Studio,613,Desktop
"2020-08-03",2,AirPods Pro,1167,Audio
"2021-07-30",6,Mac Mini (M2),874,Desktop
"2020-06-30",7,iPhone 12 Pro,1342,Smartphone
"2020-01-18",6,Apple Watch Nike Edition,884,Wearable
"2024-02-20",2,iCloud,1181,Subscription Service
"2024-10-22",9,Apple Watch Series 8,1631,Wearable
"2021-05-27",3,MacBook Air (M1),1783,Laptop
"2024-03-03",5,iPhone 13 Pro Max,820,Smartphone
"2023-08-29",10,Mac Pro (Tower),458,Desktop
"2022-08-09",5,MacBook (Early 2015),741,Laptop
"2024-10-08",6,Apple Pencil (1st Generation),925,Accessories
"2022-06-09",4,iPad Pro (M1),1329,Tablet
"2022-06-14",4,Magic Mouse,313,Accessories
"2023-02-11",1,Apple TV (3rd Generation),477,Streaming Device
"2020-11-10",5,MacBook Pro (Touch Bar),1304,Laptop
"2023-06-16",9,Magic Mouse,313,Accessories
"2020-08-30",4,Mac Pro (2023),681,Desktop
"2020-12-11",10,Apple Fitness+,923,Subscription Service
"2021-06-25",1,iPhone 14 Pro,1380,Smartphone
"2023-12-05",8,iPhone 12 mini,1607,Smartphone
"2020-01-14",10,Mac Pro (Tower),458,Desktop
"2024-09-28",9,Lightning to USB Cable,1434,Accessories
"2021-12-19",5,AirTag,677,Accessories
"2023-02-13",2,iMac Pro,1081,Desktop
"2020-01-15",4,iPhone 14 Plus,1259,Smartphone
"2024-09-14",5,Apple Pencil (1st Generation),925,Accessories
"2024-06-14",2,AirPods Max,1603,Audio
"2022-03-02",8,iMac Pro,1081,Desktop
"2020-09-09",9,Smart Cover for iPad,1014,Accessories
"2021-10-05",4,Beats Studio Buds,762,Audio
"2023-08-21",7,MacBook Pro (Touch Bar),1304,Laptop
"2021-12-07",3,Smart Keyboard Folio,572,Accessories
"2024-07-21",7,Mac Mini (M2),874,Desktop
"2020-12-12",9,Magic Mouse,313,Accessories
"2024-05-19",5,iPhone SE (3rd Generation),923,Smartphone
"2024-06-29",3,Mac Studio,613,Desktop
"2021-10-31",8,Magic Keyboard,368,Accessories
"2021-02-06",4,iPad mini (5th Generation),1912,Tablet
"2024-03-04",7,Smart Cover for iPad,1014,Accessories
"2023-12-16",10,Silicone Case for iPhone,1210,Accessories
"2022-06-18",6,iPhone 12,1436,Smartphone
"2020-05-07",8,Apple Watch Series 7,1431,Wearable
"2024-03-23",2,iPhone 14 Plus,1259,Smartphone
"2023-03-12",5,Mac Studio,613,Desktop
"2021-06-12",6,Mac Pro (2023),681,Desktop
"2022-05-19",4,Mac Mini,555,Desktop
"2021-01-16",1,iMac 24-inch,449,Desktop
"2020-06-11",3,Apple Watch Series 6,462,Wearable
"2021-10-20",5,AirPods Pro (2nd Generation),696,Audio
"2023-07-24",10,Apple Watch Nike Edition,884,Wearable
"2020-04-24",1,MacBook Air (M2),1588,Laptop
"2023-03-30",10,iMac 24-inch,449,Desktop
"2024-09-06",6,Apple TV (3rd Generation),477,Streaming Device
"2020-08-22",2,iPad (10th Generation),1735,Tablet
"2022-04-01",4,Beats Fit Pro,1839,Audio
"2020-07-11",9,Apple Pencil (1st Generation),925,Accessories
"2021-02-12",9,AirPods (3rd Generation),1842,Audio
"2020-02-18",9,iPhone 13 mini,1092,Smartphone
"2022-10-18",5,AirPods (3rd Generation),1842,Audio
"2020-04-03",9,Apple Music,1965,Subscription Service
"2022-07-29",4,Smart Cover for iPad,1014,Accessories
"2022-01-06",6,Leather Case for iPhone,866,Accessories
"2023-02-04",1,iMac 27-inch,1918,Desktop
"2021-05-11",10,HomePod (2nd Generation),689,Audio
"2023-03-11",4,Mac Pro (2023),681,Desktop
"2023-05-28",8,iMac with Retina Display,343,Desktop
"2023-04-26",7,iPhone SE (3rd Generation),923,Smartphone
"2021-09-06",10,iPad Pro (M1),1329,Tablet
"2022-06-06",10,Apple Music,1965,Subscription Service
"2023-12-10",5,HomePod mini,438,Audio
"2021-04-03",6,Apple Watch Nike Edition,884,Wearable
"2021-03-27",8,AirTag,677,Accessories
"2021-06-29",8,Apple Watch Series 9,1014,Wearable
"2020-01-31",3,iPad Pro (M1),1329,Tablet
"2020-12-24",7,HomePod mini,438,Audio
"2022-02-15",10,MagSafe Battery Pack,1389,Accessories
"2023-02-25",6,AirPods Max,1603,Audio
"2020-12-05",1,Mac Mini (M2),874,Desktop
"2021-06-05",10,Mac Mini,555,Desktop
"2024-09-18",3,Apple Pencil (2nd Generation),1506,Accessories
"2022-10-18",6,MagSafe Charger,1744,Accessories
"2022-10-24",9,MacBook (Retina),231,Laptop
"2021-08-21",3,Apple Pencil (1st Generation),925,Accessories
"2021-05-09",4,iPad mini (6th Generation),573,Tablet
"2020-03-13",9,Magic Keyboard with Touch ID,1162,Accessories
"2024-06-26",6,MagSafe Battery Pack,1389,Accessories
"2023-11-19",4,HomePod mini,266,Smart Speaker
"2021-06-30",8,MacBook,1149,Laptop
"2020-09-29",10,HomePod mini,438,Audio
"2020-01-10",7,Apple Music,1965,Subscription Service
"2023-12-31",9,HomePod mini,266,Smart Speaker
"2020-08-18",10,AirTag,677,Accessories
"2021-11-12",1,iPhone 13 mini,1092,Smartphone
"2024-04-12",5,MacBook Pro 16-inch,1179,Laptop
"2020-08-27",8,iPhone 13 mini,1092,Smartphone
"2022-01-13",4,Apple Watch Series 8,1631,Wearable
"2022-12-17",5,Beats Powerbeats Pro,1060,Audio
"2021-09-06",6,iMac 27-inch,1918,Desktop
"2024-04-22",5,iMac with Retina Display,343,Desktop
"2020-11-15",9,iPad Air (5th Generation),1591,Tablet
"2021-12-27",3,Smart Cover for iPad,1014,Accessories
"2021-10-28",1,HomePod mini,266,Smart Speaker
"2022-01-17",7,Apple Watch Series 5,1296,Wearable
"2022-04-14",9,Mac Pro (Rack),1415,Desktop
"2023-05-06",2,iPad mini (6th Generation),573,Tablet
"2021-10-06",5,AirPods (3rd Generation),1842,Audio
"2021-08-09",9,iPhone 13 Pro,308,Smartphone
"2022-10-29",6,HomePod,1202,Smart Speaker
"2021-07-02",1,Apple Pencil (2nd Generation),1506,Accessories
"2024-04-09",4,Apple Watch Ultra,346,Wearable
"2021-07-30",6,iPad Pro (M2),1826,Tablet
"2020-11-24",7,iPad (9th Generation),1949,Tablet
"2022-08-31",2,iCloud,1181,Subscription Service
"2024-02-28",1,iPhone 13,623,Smartphone
"2024-05-31",5,iPad mini (5th Generation),1912,Tablet
"2022-02-21",5,iCloud,1181,Subscription Service
"2023-06-29",2,Apple TV 4K,1255,Streaming Device
"2021-04-09",2,iPad Pro (M1),1329,Tablet
"2020-05-26",4,iPad mini (6th Generation),573,Tablet
"2020-10-25",1,iPad (10th Generation),1735,Tablet
"2023-12-21",10,iPhone 14,1476,Smartphone
"2020-05-07",6,Apple Watch Series 8,1631,Wearable
"2021-12-25",8,MacBook,1149,Laptop
"2022-04-09",8,Silicone Case for iPhone,1210,Accessories
"2020-05-25",6,Leather Case for iPhone,866,Accessories
"2021-06-06",5,Apple Fitness+,923,Subscription Service
"2021-12-14",1,iPad mini (6th Generation),573,Tablet
"2024-01-28",5,Apple Watch Series 7,1431,Wearable
"2023-05-18",1,iPad Pro (M1),1329,Tablet
"2021-05-26",1,iMac Pro,1081,Desktop
"2024-03-02",8,iPad mini (6th Generation),573,Tablet
"2023-12-28",3,Mac Mini,555,Desktop
"2021-08-03",4,Apple Arcade,549,Subscription Service
"2022-04-03",2,AirPods (2nd Generation),504,Audio
"2021-12-23",9,iPad (10th Generation),1735,Tablet
"2023-11-12",8,Apple Pencil (2nd Generation),1506,Accessories
"2020-10-23",2,MagSafe Charger,1744,Accessories
"2022-11-18",8,iPad Pro (M2),1826,Tablet
"2024-04-11",8,Apple Music,1965,Subscription Service
"2023-07-01",8,Mac Mini,555,Desktop
"2022-07-07",6,iCloud,1181,Subscription Service
"2023-08-31",5,Silicone Case for iPhone,1210,Accessories
"2024-05-17",6,AirPods Pro,1167,Audio
"2023-09-21",8,iPad Air (4th Generation),952,Tablet
"2023-06-28",4,Apple Arcade,549,Subscription Service
"2023-05-12",2,iPhone 14 Pro Max,678,Smartphone
"2020-02-20",1,Leather Case for iPhone,866,Accessories
"2023-12-02",8,Magic Keyboard with Touch ID,1162,Accessories
"2024-02-12",3,Mac Pro (Rack),1415,Desktop
"2023-06-15",10,iCloud,1181,Subscription Service
"2020-06-25",1,Apple TV 4K,1255,Streaming Device
"2022-01-18",7,iPad Pro 12.9-inch,1167,Tablet
"2024-03-20",5,MacBook Air (M1),1783,Laptop
"2023-08-05",8,iPhone 12,1436,Smartphone
"2021-04-22",6,MacBook,1149,Laptop
"2023-05-28",2,MacBook Air (Retina),1847,Laptop
"2021-02-24",10,iPhone 14 Pro Max,678,Smartphone
"2020-01-10",2,iPhone 12,1436,Smartphone
"2024-05-06",4,Apple Watch Ultra,346,Wearable
"2023-06-16",1,MacBook Pro 14-inch,768,Laptop
"2022-12-11",7,Smart Keyboard Folio,572,Accessories
"2022-06-03",4,MagSafe Charger,1744,Accessories
"2022-10-10",2,iPad (9th Generation),1949,Tablet
"2022-07-17",3,iPad (9th Generation),1949,Tablet
"2022-06-11",9,Apple Watch Series 7,1431,Wearable
"2023-04-14",5,Apple Watch SE,1546,Wearable
"2020-01-20",1,MacBook,1149,Laptop
"2023-05-18",8,Mac Pro (Rack),1415,Desktop
"2024-03-21",2,MagSafe Charger,1744,Accessories
"2022-09-22",5,iPhone 13 Pro,308,Smartphone
"2020-03-15",2,Apple Pencil (2nd Generation),1506,Accessories
"2022-07-11",10,MacBook Air (Retina),1847,Laptop
"2020-02-09",1,Smart Cover for iPad,1014,Accessories
"2022-01-26",3,Beats Studio Buds,762,Audio
"2021-03-21",7,Apple Watch Series 9,1014,Wearable
"2023-08-07",5,HomePod mini,266,Smart Speaker
"2020-01-15",5,iPhone 13,623,Smartphone
"2021-07-27",3,MacBook Air (M2),1588,Laptop
"2023-12-10",9,Smart Cover for iPad,1014,Accessories
"2021-04-16",5,iMac 24-inch,449,Desktop
"2020-12-19",6,AirTag,677,Accessories
"2021-08-20",9,iPhone 14 Plus,1259,Smartphone
"2023-01-21",5,Apple Pencil (2nd Generation),1506,Accessories
"2023-08-08",6,iMac 27-inch,1918,Desktop
"2020-06-29",7,MagSafe Battery Pack,1389,Accessories
"2020-12-26",3,Apple Watch Nike Edition,884,Wearable
"2022-02-13",6,iPad Air (4th Generation),952,Tablet
"2024-08-06",4,MacBook Pro (Touch Bar),1304,Laptop
"2023-12-20",6,iPhone 14 Pro,1380,Smartphone
"2023-06-13",2,AirTag,677,Accessories
"2024-08-14",6,Apple One,488,Subscription Service
"2024-08-27",7,iPad (9th Generation),1949,Tablet
"2023-09-12",4,Apple Pencil (1st Generation),925,Accessories
"2024-08-23",6,Apple Arcade,549,Subscription Service
"2023-11-29",2,iPad Pro (M1),1329,Tablet
"2024-03-18",9,iPhone 13 mini,1092,Smartphone
"2020-11-22",2,iPad mini (6th Generation),573,Tablet
"2022-04-30",7,MacBook (Early 2015),741,Laptop
"2022-01-05",6,Apple Watch Series 8,1631,Wearable
"2024-07-26",8,iPhone 13 mini,1092,Smartphone
"2020-03-13",1,AirPods (3rd Generation),1842,Audio
"2024-07-17",5,Apple Watch SE,1546,Wearable
"2021-03-21",9,Beats Studio Buds,762,Audio
"2023-02-11",8,Smart Cover for iPad,1014,Accessories
"2022-09-12",8,HomePod (2nd Generation),689,Audio
"2021-09-12",4,Apple Fitness+,923,Subscription Service
"2022-05-01",4,Apple Watch Hermès,1712,Wearable
"2020-09-02",6,iMac Pro,1081,Desktop
"2020-05-07",7,Mac Mini (M2),874,Desktop
"2020-02-11",4,MagSafe Battery Pack,1389,Accessories
"2023-01-31",3,iMac 27-inch,1918,Desktop
"2021-09-15",2,Apple Watch Series 6,462,Wearable
"2022-08-24",7,Apple Pencil (1st Generation),925,Accessories
"2021-05-18",10,HomePod (2nd Generation),689,Audio
"2021-04-16",7,HomePod mini,266,Smart Speaker
"2023-04-25",8,iPhone 14,1476,Smartphone
"2021-05-01",1,iPad Pro 11-inch,1761,Tablet
"2022-05-18",5,iPhone 12 Pro,1342,Smartphone
"2021-03-23",6,Smart Keyboard Folio,572,Accessories
"2024-06-09",5,Beats Powerbeats Pro,1060,Audio
"2020-11-17",1,Apple Watch Series 7,1431,Wearable
"2022-06-01",2,Beats Solo Pro,1773,Audio
"2020-03-19",3,Silicone Case for iPhone,1210,Accessories
"2023-11-30",2,iPhone 13 mini,1092,Smartphone
"2021-11-02",10,AirPods Max,1603,Audio
"2021-09-08",6,Smart Keyboard Folio,572,Accessories
"2024-05-10",4,HomePod (2nd Generation),689,Audio
"2024-02-18",3,Apple Pencil (1st Generation),925,Accessories
"2022-04-23",7,HomePod mini,438,Audio
"2022-09-16",4,iPhone 13 Pro,308,Smartphone
"2021-12-17",8,Apple Watch Series 8,1631,Wearable
"2020-08-24",6,AirPods Pro (2nd Generation),696,Audio
"2024-11-05",10,Leather Case for iPhone,866,Accessories
"2022-03-04",6,Apple One,488,Subscription Service
"2020-09-27",2,HomePod mini,266,Smart Speaker
"2020-02-04",6,MacBook Pro 14-inch,768,Laptop
"2021-02-21",3,MacBook Pro (Touch Bar),1304,Laptop
"2020-09-15",7,MacBook Pro 16-inch,1179,Laptop
"2020-11-10",1,iPhone 14 Pro,1380,Smartphone
"2020-10-30",5,MacBook Pro (Touch Bar),1304,Laptop
"2020-03-18",5,Apple Fitness+,923,Subscription Service
"2024-10-18",8,MacBook Pro (Touch Bar),1304,Laptop
"2024-05-09",3,AirPods (2nd Generation),504,Audio
"2022-10-14",6,iPhone 14 Pro,1380,Smartphone
"2020-11-20",10,iPad Pro (M2),1826,Tablet
"2024-07-10",10,Apple TV 4K,1255,Streaming Device
"2020-03-06",5,MacBook (Retina),231,Laptop
"2023-08-19",2,iPhone 12 Pro,1342,Smartphone
"2022-08-25",7,AirPods (3rd Generation),1842,Audio
"2024-08-23",1,iMac 27-inch,1918,Desktop
"2021-12-31",1,Apple Watch Nike Edition,884,Wearable
"2023-04-04",8,iPad Pro 11-inch,1761,Tablet
"2022-03-01",9,MacBook (Retina),231,Laptop
"2023-11-13",9,AirPods (3rd Generation),1842,Audio
"2020-01-24",10,HomePod mini,438,Audio
"2020-01-25",1,iCloud,1181,Subscription Service
"2024-10-05",1,MacBook Air (M1),1783,Laptop
"2020-05-27",3,Leather Case for iPhone,866,Accessories
"2024-08-27",7,Mac Mini,555,Desktop
"2022-03-29",5,iPhone 14 Pro,1380,Smartphone
"2021-02-14",10,iPad Pro (M1),1329,Tablet
"2020-09-15",6,iPhone 14 Pro Max,678,Smartphone
"2021-04-27",2,MacBook (Retina),231,Laptop
"2022-05-11",10,Beats Powerbeats Pro,1060,Audio
"2023-05-09",7,iPhone 14 Plus,1259,Smartphone
"2024-08-13",1,Apple Watch Series 9,1014,Wearable
"2024-09-17",2,iPhone 12,1436,Smartphone
"2021-10-16",2,AirPods (2nd Generation),504,Audio
"2020-09-08",8,Apple TV+,404,Subscription Service
"2024-03-27",4,MacBook Pro 13-inch,1351,Laptop
"2022-04-08",1,iPhone 12 mini,1607,Smartphone
"2024-10-22",5,Magic Keyboard,368,Accessories
"2020-01-15",2,Apple Watch Series 9,1014,Wearable
"2024-09-29",1,iMac 24-inch,449,Desktop
"2020-07-22",6,AirTag,677,Accessories
"2020-10-21",1,iPhone SE (3rd Generation),923,Smartphone
"2021-09-06",8,iPhone 12,1436,Smartphone
"2024-04-25",3,MacBook Air (M1),1783,Laptop
"2020-11-20",6,MagSafe Charger,1744,Accessories
"2021-12-26",8,Apple TV HD,1258,Streaming Device
"2021-05-24",10,MacBook Pro 16-inch,1179,Laptop
"2024-02-28",8,Apple Watch Series 9,1014,Wearable
"2023-08-25",5,iPhone SE (3rd Generation),923,Smartphone
"2023-05-25",6,MagSafe Charger,1744,Accessories
"2024-07-26",10,iPad Pro 12.9-inch,1167,Tablet
"2020-12-24",5,iPhone 12 mini,1607,Smartphone
"2024-07-29",4,Mac Studio,613,Desktop
"2024-02-06",8,AirPods (3rd Generation),1842,Audio
"2021-07-02",8,iPad Air (5th Generation),1591,Tablet
"2022-10-13",8,iCloud,1181,Subscription Service
"2021-01-28",3,Apple Pencil (1st Generation),925,Accessories
"2020-05-31",4,Apple Watch SE,1546,Wearable
"2021-08-06",4,iPhone 12 Pro,1342,Smartphone
"2022-01-26",9,AirPods Pro,1167,Audio
"2023-05-07",8,AirPods Pro,1167,Audio
"2020-04-19",2,iPhone 12 Pro,1342,Smartphone
"2021-09-06",4,Apple Watch Ultra,346,Wearable
"2021-06-05",3,iPhone 12 mini,1607,Smartphone
"2023-10-12",9,Apple Watch Series 9,1014,Wearable
"2020-02-26",9,iPad Pro 12.9-inch,1167,Tablet
"2021-03-25",6,iPad Air (5th Generation),1591,Tablet
"2021-01-23",5,Mac Studio,613,Desktop
"2023-06-08",3,Mac Pro (2023),681,Desktop
"2022-10-09",3,MacBook Pro 14-inch,768,Laptop
"2020-06-19",6,Apple Watch Series 6,462,Wearable
"2022-11-12",5,iPhone 12 mini,1607,Smartphone
"2021-11-24",1,AirPods Pro,1167,Audio
"2022-08-09",8,iPad Pro 11-inch,1761,Tablet
"2023-02-20",1,MacBook Air (M2),1588,Laptop
"2022-05-06",10,iPhone 12 Pro,1342,Smartphone
"2023-02-21",2,iPhone 14 Plus,1259,Smartphone
"2022-07-26",9,Smart Keyboard Folio,572,Accessories
"2020-12-14",5,Magic Keyboard with Touch ID,1162,Accessories
"2020-07-29",5,iMac 24-inch,449,Desktop
"2021-07-13",7,iMac Pro,1081,Desktop
"2020-02-27",6,AirPods Pro,1167,Audio
"2021-06-17",9,Silicone Case for iPhone,1210,Accessories
"2021-03-22",6,Mac Studio,613,Desktop
"2023-05-12",3,iPad Air (4th Generation),952,Tablet
"2021-01-30",5,HomePod mini,266,Smart Speaker
"2023-04-02",6,iPhone 12 Pro Max,544,Smartphone
"2023-01-03",3,Apple Watch Series 5,1296,Wearable
"2020-07-13",7,Beats Solo Pro,1773,Audio
"2022-10-17",4,Apple Watch Series 7,1431,Wearable
"2023-08-21",5,Apple Arcade,549,Subscription Service
"2020-02-03",5,Leather Case for iPhone,866,Accessories
"2022-11-16",4,Beats Fit Pro,1839,Audio
"2021-11-14",3,Magic Trackpad,1242,Accessories
"2024-10-08",5,Apple TV HD,1258,Streaming Device
"2024-10-23",1,iPhone 14,1476,Smartphone
"2021-03-22",6,MacBook Air (M1),1783,Laptop
"2022-12-17",10,Apple Watch Series 5,1296,Wearable
"2022-04-12",8,Mac Pro (Tower),458,Desktop
"2021-03-16",5,HomePod mini,438,Audio
"2024-10-07",8,Lightning to USB Cable,1434,Accessories
"2022-04-24",2,Mac Studio,613,Desktop
"2021-12-01",8,Apple TV 4K,1255,Streaming Device
"2021-09-05",6,iPhone 14 Pro,1380,Smartphone
"2021-10-04",2,iPhone SE (3rd Generation),923,Smartphone
"2023-07-26",10,Apple Watch Nike Edition,884,Wearable
"2021-01-21",9,AirPods Pro,1167,Audio
"2022-06-09",10,Lightning to USB Cable,1434,Accessories
"2020-05-04",4,AirPods Pro,1167,Audio
"2020-11-18",2,Smart Keyboard Folio,572,Accessories
"2022-02-09",2,Beats Powerbeats Pro,1060,Audio
"2021-10-20",5,iPhone 14 Plus,1259,Smartphone
"2022-10-03",7,iPad Air (5th Generation),1591,Tablet
"2023-05-20",10,Magic Keyboard,368,Accessories
"2021-05-11",4,Apple Watch SE,1546,Wearable
"2024-05-17",2,Smart Cover for iPad,1014,Accessories
"2023-08-19",7,iPhone 14 Pro,1380,Smartphone
"2022-07-20",1,iPhone 13 Pro Max,820,Smartphone
"2024-03-17",10,Apple Watch Nike Edition,884,Wearable
"2020-11-09",9,HomePod (2nd Generation),689,Audio
"2020-10-15",5,MacBook Pro 14-inch,768,Laptop
"2021-11-16",1,iMac Pro,1081,Desktop
"2021-06-13",2,Apple TV+,404,Subscription Service
"2024-08-02",1,Beats Solo Pro,1773,Audio
"2020-04-04",9,iPad Pro (M2),1826,Tablet
"2022-11-11",6,iPhone 14 Pro Max,678,Smartphone
"2021-04-12",10,iPad mini (6th Generation),573,Tablet
"2024-02-27",10,iPhone 12 Pro,1342,Smartphone
"2021-12-03",4,Apple Watch Nike Edition,884,Wearable
"2022-11-29",9,Silicone Case for iPhone,1210,Accessories
"2021-06-27",3,AirPods Pro (2nd Generation),696,Audio
"2020-08-27",3,Apple Watch Series 5,1296,Wearable
"2023-12-18",9,iPad (10th Generation),1735,Tablet
"2020-01-03",5,iPad Pro 12.9-inch,1167,Tablet
"2021-07-22",4,Apple Watch Series 7,1431,Wearable
"2023-04-25",9,Apple Watch Ultra,346,Wearable
"2020-04-29",10,Magic Trackpad,1242,Accessories
"2021-10-08",9,Lightning to USB Cable,1434,Accessories
"2020-09-03",2,Mac Pro (2023),681,Desktop
"2024-06-12",9,MacBook,1149,Laptop
"2023-01-20",4,Magic Trackpad,1242,Accessories
"2024-07-24",3,iPad mini (6th Generation),573,Tablet
"2023-02-19",3,iPhone 12 Pro,1342,Smartphone
"2022-03-04",3,MacBook (Retina),231,Laptop
"2020-03-12",4,Apple Pencil (2nd Generation),1506,Accessories
"2022-02-19",8,Mac Pro (2023),681,Desktop
"2022-11-27",6,iPad (9th Generation),1949,Tablet
"2020-01-06",2,HomePod mini,266,Smart Speaker
"2023-02-06",10,Smart Cover for iPad,1014,Accessories
"2022-08-09",5,Magic Keyboard with Touch ID,1162,Accessories
"2023-11-24",3,Apple Watch Series 7,1431,Wearable
"2023-08-13",8,iPad (9th Generation),1949,Tablet
"2020-12-01",10,Apple Watch Series 8,1631,Wearable
"2023-10-30",7,Mac Studio,613,Desktop
"2022-05-07",1,iPhone 14,1476,Smartphone
"2022-08-21",4,MacBook (Retina),231,Laptop
"2024-03-12",4,MacBook Air (M1),1783,Laptop
"2020-03-11",5,iPad Pro 12.9-inch,1167,Tablet
"2023-06-10",2,MacBook Air (Retina),1847,Laptop
"2021-12-02",8,iPhone 12,1436,Smartphone
"2023-03-09",5,Apple Watch Ultra,346,Wearable
"2021-01-06",9,iPhone 14,1476,Smartphone
"2022-05-31",9,iPhone 13 Pro Max,820,Smartphone
"2022-09-02",2,Apple TV 4K,1255,Streaming Device
"2020-12-16",7,Mac Pro (Rack),1415,Desktop
"2022-08-28",6,iPad mini (6th Generation),573,Tablet
"2023-02-03",6,AirPods Pro (2nd Generation),696,Audio
"2022-02-14",7,MacBook Pro 14-inch,768,Laptop
"2022-02-20",8,iPhone 14 Plus,1259,Smartphone
"2022-07-11",3,iPad Pro 11-inch,1761,Tablet
"2023-06-19",4,MacBook Air (M1),1783,Laptop
"2023-08-07",6,Apple Music,1965,Subscription Service
"2020-09-05",4,Apple Watch Ultra,346,Wearable
"2024-08-15",2,Apple TV HD,1258,Streaming Device
"2024-11-09",4,Apple One,488,Subscription Service
"2021-08-12",8,Magic Mouse,313,Accessories
"2022-12-24",7,Apple Music,1965,Subscription Service
"2023-04-10",3,HomePod mini,266,Smart Speaker
"2024-03-08",10,iPhone 14 Pro Max,678,Smartphone
"2020-06-26",2,MagSafe Charger,1744,Accessories
"2021-04-18",4,iPad Pro (M1),1329,Tablet
"2023-12-14",8,Apple Fitness+,923,Subscription Service
"2022-08-06",5,Apple Watch Series 6,462,Wearable
"2020-06-15",2,AirPods Pro (2nd Generation),696,Audio
"2023-02-24",5,Magic Keyboard,368,Accessories
"2020-02-02",4,MacBook (Retina),231,Laptop
"2021-12-15",5,AirPods Pro (2nd Generation),696,Audio
"2021-02-26",4,iPad Pro 12.9-inch,1167,Tablet
"2024-04-12",8,iPhone 13,623,Smartphone
"2021-09-07",4,MacBook Pro 13-inch,1351,Laptop
"2020-01-04",3,iPhone 13 Pro Max,820,Smartphone
"2024-04-02",6,Mac Pro (Tower),458,Desktop
"2021-07-29",2,Apple Watch Nike Edition,884,Wearable
"2022-04-23",7,AirPods (3rd Generation),1842,Audio
"2023-02-18",8,iPhone 14 Pro,1380,Smartphone
"2023-04-11",4,iPad Pro 12.9-inch,1167,Tablet
"2024-07-24",3,iPhone 14,1476,Smartphone
"2023-01-08",6,Apple Fitness+,923,Subscription Service
"2023-10-17",7,Apple Arcade,549,Subscription Service
"2024-07-28",1,Apple Watch Ultra,346,Wearable
"2021-12-08",10,MagSafe Battery Pack,1389,Accessories
"2022-02-26",8,Apple Arcade,549,Subscription Service
"2022-07-02",1,Leather Case for iPhone,866,Accessories
"2021-09-16",2,HomePod mini,438,Audio
"2023-03-27",7,Apple Watch Series 5,1296,Wearable
"2021-07-24",5,HomePod mini,266,Smart Speaker
"2024-04-09",5,Mac Pro (Rack),1415,Desktop
"2024-11-09",10,iPhone 13 Pro,308,Smartphone
"2022-03-02",6,Apple TV+,404,Subscription Service
"2021-08-15",9,iPhone 12 Pro Max,544,Smartphone
"2022-12-29",9,Magic Trackpad,1242,Accessories
"2023-06-01",4,iPad Pro 11-inch,1761,Tablet
"2022-09-12",7,AirPods Pro (2nd Generation),696,Audio
"2024-11-04",3,Apple TV+,404,Subscription Service
"2023-01-07",5,Apple One,488,Subscription Service
"2021-11-21",10,iPhone 14,1476,Smartphone
"2021-08-05",8,Apple Watch Series 7,1431,Wearable
"2021-03-18",10,MacBook Pro 14-inch,768,Laptop
"2023-11-26",7,iPhone 12,1436,Smartphone
"2024-02-19",8,iPad Pro (M1),1329,Tablet
"2023-09-15",7,iPad mini (6th Generation),573,Tablet
"2022-10-23",3,iPhone 14 Pro Max,678,Smartphone
"2021-02-08",1,MacBook Air (Retina),1847,Laptop
"2021-07-04",1,iPhone SE (3rd Generation),923,Smartphone
"2020-02-07",10,MagSafe Battery Pack,1389,Accessories
"2022-05-04",1,Silicone Case for iPhone,1210,Accessories
"2020-06-04",10,Mac Pro (Rack),1415,Desktop
"2021-11-27",3,AirPods Pro (2nd Generation),696,Audio
"2023-04-22",8,Mac Mini (M2),874,Desktop
"2021-10-05",4,Apple Pencil (1st Generation),925,Accessories
"2021-03-11",3,Apple TV (3rd Generation),477,Streaming Device
"2021-08-17",8,MacBook Pro 16-inch,1179,Laptop
"2023-07-10",8,Magic Keyboard,368,Accessories
"2021-01-29",8,Apple Fitness+,923,Subscription Service
"2020-01-30",6,iMac 24-inch,449,Desktop
"2021-05-22",5,MacBook (Retina),231,Laptop
"2022-01-11",6,Apple TV 4K,1255,Streaming Device
"2020-05-16",5,Apple Watch Series 8,1631,Wearable
"2021-03-06",10,iPad (9th Generation),1949,Tablet
"2023-05-25",7,iPhone 13 Pro,308,Smartphone
"2023-01-05",1,Apple Fitness+,923,Subscription Service
"2020-01-03",5,iPhone 13 Pro Max,820,Smartphone
"2020-08-23",6,Apple Fitness+,923,Subscription Service
"2024-09-10",4,iPhone 13 Pro Max,820,Smartphone
"2021-03-14",9,Mac Mini,555,Desktop
"2024-08-26",10,Apple Watch Series 7,1431,Wearable
"2022-12-26",2,Smart Keyboard Folio,572,Accessories
"2024-11-02",6,Mac Mini (M2),874,Desktop
"2021-07-12",8,iPhone 13 Pro Max,820,Smartphone
"2022-04-07",5,Apple Watch Ultra,346,Wearable
"2024-01-21",10,AirPods Pro,1167,Audio
"2021-07-14",1,iPhone 13,623,Smartphone
"2023-01-07",1,Apple TV (3rd Generation),477,Streaming Device
"2020-03-25",3,AirTag,677,Accessories
"2022-10-21",8,Magic Mouse,313,Accessories
"2024-02-23",2,Apple Watch Hermès,1712,Wearable
"2020-02-20",3,Apple Watch Nike Edition,884,Wearable
"2023-03-06",6,Apple One,488,Subscription Service
"2020-09-25",5,Apple Arcade,549,Subscription Service
"2021-11-08",2,Magic Trackpad,1242,Accessories
"2021-02-15",7,iPhone 12 mini,1607,Smartphone
"2024-07-08",6,iPhone 13 Pro Max,820,Smartphone
"2020-03-11",3,AirPods Max,1603,Audio
"2021-08-05",6,Mac Pro (Tower),458,Desktop
"2020-05-16",2,Apple Arcade,549,Subscription Service
"2022-03-05",9,Apple TV 4K,1255,Streaming Device
"2022-07-06",9,MacBook Air (M2),1588,Laptop
"2024-02-05",6,Mac Pro (Tower),458,Desktop
"2020-05-23",4,Mac Pro (Tower),458,Desktop
"2022-09-24",5,Smart Keyboard Folio,572,Accessories
"2022-04-24",9,iPhone 13 mini,1092,Smartphone
"2023-11-12",10,Silicone Case for iPhone,1210,Accessories
"2022-01-26",8,iPhone 14 Plus,1259,Smartphone
"2024-08-20",5,Magic Trackpad,1242,Accessories
"2020-11-13",1,HomePod,1202,Smart Speaker
"2020-01-02",9,MacBook Air (Retina),1847,Laptop
"2022-12-30",6,AirPods Max,1603,Audio
"2023-04-23",10,AirTag,677,Accessories
"2020-12-24",10,MacBook Pro 14-inch,768,Laptop
"2024-08-10",7,iPad mini (6th Generation),573,Tablet
"2021-06-30",10,MacBook,1149,Laptop
"2020-09-23",7,iPhone 14,1476,Smartphone
"2022-10-30",7,Apple Arcade,549,Subscription Service
"2020-12-28",3,HomePod mini,266,Smart Speaker
"2023-02-25",4,Beats Studio Buds,762,Audio
"2024-05-07",8,iPad Pro (M2),1826,Tablet
"2021-01-19",4,iPhone 13,623,Smartphone
"2022-12-12",4,iPad mini (6th Generation),573,Tablet
"2020-10-26",3,Silicone Case for iPhone,1210,Accessories
"2024-06-13",4,iPhone 14,1476,Smartphone
"2020-03-15",1,MacBook,1149,Laptop
"2023-06-01",4,Apple TV (3rd Generation),477,Streaming Device
"2021-05-17",1,Magic Trackpad,1242,Accessories
"2023-05-08",10,Apple Arcade,549,Subscription Service
"2021-03-03",7,Magic Keyboard with Touch ID,1162,Accessories
"2022-03-31",10,iMac 24-inch,449,Desktop
"2021-05-03",8,Apple Watch Series 6,462,Wearable
"2022-02-12",1,iPhone SE (3rd Generation),923,Smartphone
"2023-12-03",8,HomePod mini,266,Smart Speaker
"2020-11-13",6,Apple Fitness+,923,Subscription Service
"2023-06-11",10,Apple TV+,404,Subscription Service
"2020-04-28",8,iPad mini (5th Generation),1912,Tablet
"2021-09-13",4,MacBook Pro 14-inch,768,Laptop
"2022-02-12",8,AirPods Pro,1167,Audio
"2020-09-10",5,Mac Pro (2023),681,Desktop
"2020-10-28",9,MacBook Air (M2),1588,Laptop
"2020-03-14",6,Mac Mini (M2),874,Desktop
"2022-03-29",2,iPhone SE (3rd Generation),923,Smartphone
"2021-11-23",9,Apple Watch Nike Edition,884,Wearable
"2023-10-05",3,MacBook (Retina),231,Laptop
"2020-09-19",5,MacBook Air (M1),1783,Laptop
"2020-04-19",3,iPad Pro (M1),1329,Tablet
"2021-08-25",4,iMac 27-inch,1918,Desktop
"2022-09-22",8,Mac Mini,555,Desktop
"2023-11-09",7,iPhone 13,623,Smartphone
"2022-01-16",1,iPhone 13,623,Smartphone
"2020-03-08",10,AirPods Pro,1167,Audio
"2022-07-31",4,Mac Studio,613,Desktop
"2021-10-21",1,iPhone 12 mini,1607,Smartphone
"2022-01-12",7,iPad Air (4th Generation),952,Tablet
"2020-05-21",4,HomePod mini,438,Audio
"2021-07-23",6,iPhone 13 Pro Max,820,Smartphone
"2022-07-10",9,Apple News+,253,Subscription Service
"2020-03-04",5,Mac Pro (Tower),458,Desktop
"2022-09-18",6,Lightning to USB Cable,1434,Accessories
"2021-10-13",9,AirPods (3rd Generation),1842,Audio
"2020-02-15",9,MacBook Air (M2),1588,Laptop
"2021-03-30",3,MacBook Pro (Touch Bar),1304,Laptop
"2020-03-14",10,MacBook Air (M2),1588,Laptop
"2021-11-25",5,Apple Watch Ultra,346,Wearable
"2020-05-27",8,Mac Mini (M2),874,Desktop
"2021-04-04",2,MagSafe Charger,1744,Accessories
"2022-05-07",10,HomePod (2nd Generation),689,Audio
"2024-03-21",10,Apple Watch Series 7,1431,Wearable
"2020-02-19",2,iPad (10th Generation),1735,Tablet
"2024-05-06",9,Apple Pencil (2nd Generation),1506,Accessories
"2021-02-06",2,HomePod (2nd Generation),689,Audio
"2021-08-20",6,Lightning to USB Cable,1434,Accessories
"2022-12-23",3,Mac Mini (M2),874,Desktop
"2022-05-21",6,iMac with Retina Display,343,Desktop
"2020-01-03",10,iPhone 13 Pro,308,Smartphone
"2023-03-14",2,iPhone 12 Pro Max,544,Smartphone
"2021-05-26",8,iPhone 14,1476,Smartphone
"2021-02-16",7,MacBook Pro 13-inch,1351,Laptop
"2021-05-21",6,iPhone SE (3rd Generation),923,Smartphone
"2021-06-30",2,MacBook Air (Retina),1847,Laptop
"2022-02-02",2,HomePod mini,266,Smart Speaker
"2023-12-20",3,Beats Fit Pro,1839,Audio
"2021-01-24",8,Silicone Case for iPhone,1210,Accessories
"2024-07-01",7,Apple Watch Hermès,1712,Wearable
"2024-10-14",5,Magic Trackpad,1242,Accessories
"2024-03-20",5,iPhone 13 mini,1092,Smartphone
"2023-10-09",8,iCloud,1181,Subscription Service
"2022-10-20",2,iPad Air (5th Generation),1591,Tablet
"2023-05-10",2,Apple Watch Series 9,1014,Wearable
"2023-09-02",4,Apple Pencil (1st Generation),925,Accessories
"2021-09-22",6,Apple Watch Series 5,1296,Wearable
"2023-05-03",4,Magic Keyboard with Touch ID,1162,Accessories
"2020-12-12",3,iPhone 12,1436,Smartphone
"2021-04-22",5,iPad (10th Generation),1735,Tablet
"2024-01-29",6,MacBook Pro 13-inch,1351,Laptop
"2021-09-22",4,iMac with Retina Display,343,Desktop
"2022-09-05",2,Beats Studio Buds,762,Audio
"2022-04-30",6,iMac 24-inch,449,Desktop
"2022-01-16",6,iPhone 13 Pro Max,820,Smartphone
"2021-10-12",9,iPad Air (4th Generation),952,Tablet
"2021-01-16",9,iMac with Retina Display,343,Desktop
"2023-05-14",1,MacBook,1149,Laptop
"2023-09-21",6,Mac Studio,613,Desktop
"2020-07-26",9,Mac Mini,555,Desktop
"2024-09-17",8,MacBook Air (M1),1783,Laptop
"2022-12-28",4,Apple Watch Nike Edition,884,Wearable
"2023-06-05",2,Mac Pro (Tower),458,Desktop
"2021-06-22",1,Beats Powerbeats Pro,1060,Audio
"2020-11-15",10,Apple Watch Ultra,346,Wearable
"2024-03-10",4,MacBook Pro 14-inch,768,Laptop
"2020-01-16",9,Apple TV HD,1258,Streaming Device
"2020-09-06",8,Beats Solo Pro,1773,Audio
"2023-10-04",1,MacBook Air (M2),1588,Laptop
"2020-06-10",6,Apple Arcade,549,Subscription Service
"2023-08-28",8,Beats Powerbeats Pro,1060,Audio
"2021-03-04",3,Apple Watch Hermès,1712,Wearable
"2021-01-13",8,Silicone Case for iPhone,1210,Accessories
"2022-04-27",8,Magic Trackpad,1242,Accessories
"2020-05-02",5,Mac Studio,613,Desktop
"2020-06-16",7,Apple Music,1965,Subscription Service
"2024-10-07",5,Beats Powerbeats Pro,1060,Audio
"2020-03-12",9,Apple TV HD,1258,Streaming Device
"2020-11-23",6,Mac Pro (Tower),458,Desktop
"2021-02-06",2,Apple News+,253,Subscription Service
"2020-02-02",4,iPhone 14 Plus,1259,Smartphone
"2020-04-20",1,Magic Keyboard,368,Accessories
"2024-01-26",6,Apple Watch SE,1546,Wearable
"2022-05-24",10,iPad Pro 12.9-inch,1167,Tablet
"2022-09-11",10,Magic Keyboard,368,Accessories
"2021-03-02",5,Apple Watch Hermès,1712,Wearable
"2020-06-19",8,iPad (10th Generation),1735,Tablet
"2021-05-09",9,Mac Pro (Rack),1415,Desktop
"2021-12-16",5,Apple TV 4K,1255,Streaming Device
"2021-12-23",6,Beats Fit Pro,1839,Audio
"2021-11-27",7,Leather Case for iPhone,866,Accessories
"2021-09-08",5,iPhone 13 Pro Max,820,Smartphone
"2024-10-04",6,iMac with Retina Display,343,Desktop
"2020-09-08",9,MacBook Pro 13-inch,1351,Laptop
"2021-09-14",2,iPad Air (5th Generation),1591,Tablet
"2021-07-11",2,Apple Pencil (2nd Generation),1506,Accessories
"2021-04-28",9,Magic Trackpad,1242,Accessories
"2022-07-03",9,MacBook Air (M2),1588,Laptop
"2022-10-08",10,Beats Solo Pro,1773,Audio
"2021-09-08",1,Silicone Case for iPhone,1210,Accessories
"2023-02-14",9,iPad Air (4th Generation),952,Tablet
"2020-11-19",6,MacBook Air (M1),1783,Laptop
"2021-08-11",8,Apple Fitness+,923,Subscription Service
"2024-01-03",8,iPhone 13 Pro Max,820,Smartphone
"2024-07-10",2,Apple Watch Series 9,1014,Wearable
"2021-06-30",1,iPhone 13 Pro,308,Smartphone
"2022-01-08",9,iCloud,1181,Subscription Service
"2021-08-10",1,Apple Arcade,549,Subscription Service
"2024-03-10",10,iPhone 13,623,Smartphone
"2021-02-19",1,AirPods (2nd Generation),504,Audio
"2021-11-02",3,iPhone 13 Pro Max,820,Smartphone
"2020-11-07",4,HomePod mini,438,Audio
"2021-02-01",7,Apple Watch Series 7,1431,Wearable
"2021-05-22",7,iPhone 12,1436,Smartphone
"2024-09-25",4,Apple Arcade,549,Subscription Service
"2023-02-12",4,Apple Pencil (2nd Generation),1506,Accessories
"2023-04-21",6,AirPods Max,1603,Audio
"2024-02-09",9,Apple Watch Ultra,346,Wearable
"2023-05-02",1,MacBook Air (Retina),1847,Laptop
"2021-08-26",4,Beats Solo Pro,1773,Audio
"2023-11-24",3,MagSafe Battery Pack,1389,Accessories
"2024-01-31",8,MacBook (Retina),231,Laptop
"2021-10-08",10,HomePod mini,438,Audio
"2022-08-02",6,Apple Watch Hermès,1712,Wearable
"2022-07-04",1,Apple Fitness+,923,Subscription Service
"2021-09-28",6,iMac Pro,1081,Desktop
"2020-05-23",7,MacBook (Early 2015),741,Laptop
"2021-05-31",2,AirPods (3rd Generation),1842,Audio
"2024-01-22",9,iPhone SE (3rd Generation),923,Smartphone
"2022-05-01",7,MacBook,1149,Laptop
"2023-04-03",3,iPhone 14 Pro,1380,Smartphone
"2023-04-10",9,iMac 24-inch,449,Desktop
"2020-11-29",3,MacBook Air (M1),1783,Laptop
"2022-07-06",9,MacBook Pro 13-inch,1351,Laptop
"2021-02-21",1,Apple Watch Nike Edition,884,Wearable
"2021-07-13",5,Apple TV+,404,Subscription Service
"2021-04-18",1,iPhone 12 Pro,1342,Smartphone
"2020-04-13",10,MacBook Air (Retina),1847,Laptop
"2024-05-17",4,Mac Studio,613,Desktop
"2022-01-18",10,iMac 27-inch,1918,Desktop
"2024-11-12",2,iMac 24-inch,449,Desktop
"2024-02-08",4,MacBook Pro 13-inch,1351,Laptop
"2024-04-27",1,iPhone 12 mini,1607,Smartphone
"2020-06-10",7,iMac 24-inch,449,Desktop
"2022-09-02",9,iPhone 13 Pro Max,820,Smartphone
"2023-02-11",3,HomePod (2nd Generation),689,Audio
"2023-06-28",4,iMac with Retina Display,343,Desktop
"2024-04-04",2,Apple Watch Series 6,462,Wearable
"2022-10-21",2,iPad mini (6th Generation),573,Tablet
"2021-08-12",2,Mac Mini,555,Desktop
"2020-02-07",3,Beats Studio Buds,762,Audio
"2021-01-11",2,iPad mini (5th Generation),1912,Tablet
"2024-07-23",7,Mac Pro (2023),681,Desktop
"2022-02-22",7,Smart Cover for iPad,1014,Accessories
"2024-06-02",4,iPad mini (6th Generation),573,Tablet
"2022-03-30",7,Mac Pro (Tower),458,Desktop
"2021-06-19",9,iPad Pro 12.9-inch,1167,Tablet
"2022-12-19",7,iPhone 14 Plus,1259,Smartphone
"2022-02-20",5,HomePod (2nd Generation),689,Audio
"2020-02-20",3,Apple Music,1965,Subscription Service
"2022-08-07",6,Apple TV+,404,Subscription Service
"2023-10-29",9,MacBook Air (M1),1783,Laptop
"2022-10-15",7,Smart Cover for iPad,1014,Accessories
"2020-11-11",5,iPhone 12 Pro,1342,Smartphone
"2020-10-09",3,Apple Pencil (1st Generation),925,Accessories
"2024-01-05",10,iPad Air (4th Generation),952,Tablet
"2024-09-10",2,iMac 24-inch,449,Desktop
"2021-05-23",8,Apple Watch Series 8,1631,Wearable
"2022-01-24",6,iMac with Retina Display,343,Desktop
"2021-04-15",9,AirPods Max,1603,Audio
"2022-07-19",6,HomePod mini,266,Smart Speaker
"2020-03-24",1,Beats Powerbeats Pro,1060,Audio
"2022-07-26",9,Apple TV 4K,1255,Streaming Device
"2023-07-01",2,Apple Watch Series 8,1631,Wearable
"2021-01-28",5,MacBook Pro 16-inch,1179,Laptop
"2021-05-11",1,Apple Fitness+,923,Subscription Service
"2020-04-22",7,Apple Watch Series 7,1431,Wearable
"2023-09-23",8,Magic Keyboard,368,Accessories
"2024-11-04",4,iPad (9th Generation),1949,Tablet
"2023-07-02",1,Apple Pencil (1st Generation),925,Accessories
"2020-02-02",8,Apple Watch SE,1546,Wearable
"2021-07-28",4,MacBook Pro 16-inch,1179,Laptop
"2021-02-06",8,iPad Pro (M2),1826,Tablet
"2024-01-05",3,iPad Pro (M1),1329,Tablet
"2021-02-10",6,iPad mini (6th Generation),573,Tablet
"2022-02-09",8,Apple TV+,404,Subscription Service
"2020-10-21",9,Mac Studio,613,Desktop
"2022-04-04",6,iPad mini (6th Generation),573,Tablet
"2021-06-25",6,Magic Keyboard with Touch ID,1162,Accessories
"2021-12-21",5,Beats Studio Buds,762,Audio
"2022-01-28",2,MagSafe Battery Pack,1389,Accessories
"2021-09-06",7,MacBook Air (Retina),1847,Laptop
"2022-09-09",3,AirTag,677,Accessories
"2023-02-20",4,Apple Watch Series 8,1631,Wearable
"2021-03-21",3,AirPods Max,1603,Audio
"2022-12-28",3,Apple Watch Series 7,1431,Wearable
"2021-04-22",8,iPad Air (5th Generation),1591,Tablet
"2022-08-13",4,Beats Fit Pro,1839,Audio
"2021-04-04",6,Apple One,488,Subscription Service
"2020-01-18",9,Apple Watch Nike Edition,884,Wearable
"2023-07-01",9,AirPods (2nd Generation),504,Audio
"2020-01-23",3,Apple News+,253,Subscription Service
"2024-06-27",1,AirTag,677,Accessories
"2024-05-15",5,iPhone SE (3rd Generation),923,Smartphone
"2024-06-15",9,Apple Watch SE,1546,Wearable
"2021-09-02",5,iPhone 12 Pro Max,544,Smartphone
"2023-11-29",8,Smart Cover for iPad,1014,Accessories
"2024-07-09",9,iMac with Retina Display,343,Desktop
"2021-03-06",8,Apple Music,1965,Subscription Service
"2023-01-16",2,iPhone 12 Pro,1342,Smartphone
"2023-10-09",9,Beats Solo Pro,1773,Audio
"2021-12-27",5,Apple News+,253,Subscription Service
"2020-01-24",10,Magic Keyboard,368,Accessories
"2024-04-22",8,iPhone SE (3rd Generation),923,Smartphone
"2021-11-30",3,iMac Pro,1081,Desktop
"2022-11-07",7,Apple Watch Ultra,346,Wearable
"2021-04-17",10,iPhone 13 Pro Max,820,Smartphone
"2023-07-13",7,Mac Studio,613,Desktop
"2021-04-10",10,iMac 24-inch,449,Desktop
"2022-05-07",5,Apple Watch SE,1546,Wearable
"2022-07-08",6,AirPods Pro (2nd Generation),696,Audio
"2023-12-11",8,AirPods Pro (2nd Generation),696,Audio
"2020-02-08",5,MacBook Pro 13-inch,1351,Laptop
"2022-03-28",10,iPad mini (6th Generation),573,Tablet
"2021-12-23",4,AirTag,677,Accessories
"2021-05-29",1,MacBook (Retina),231,Laptop
"2022-07-30",5,Apple Watch Nike Edition,884,Wearable
"2021-07-30",2,Apple Pencil (2nd Generation),1506,Accessories
"2022-02-03",10,Beats Powerbeats Pro,1060,Audio
"2021-08-08",6,iPad mini (5th Generation),1912,Tablet
"2020-02-22",1,Apple Arcade,549,Subscription Service
"2022-09-02",8,Apple Fitness+,923,Subscription Service
"2024-04-07",4,Apple TV (3rd Generation),477,Streaming Device
"2021-08-11",2,Apple Music,1965,Subscription Service
"2020-10-10",1,MacBook Air (M2),1588,Laptop
"2021-02-12",2,Apple Music,1965,Subscription Service
"2022-07-10",4,iMac Pro,1081,Desktop
"2023-04-05",2,iPhone 14 Plus,1259,Smartphone
"2021-06-09",8,Apple Watch Series 5,1296,Wearable
"2023-03-17",4,Mac Studio,613,Desktop
"2020-12-13",8,AirTag,677,Accessories
"2024-01-31",7,iPhone 12 mini,1607,Smartphone
"2020-03-06",3,MacBook Air (M2),1588,Laptop
"2020-05-09",2,MacBook Pro 16-inch,1179,Laptop
"2024-02-26",10,iPhone 14 Plus,1259,Smartphone
"2023-01-10",6,iPhone 14 Pro Max,678,Smartphone
"2020-02-27",3,Beats Powerbeats Pro,1060,Audio
"2024-02-21",5,Mac Studio,613,Desktop
"2022-10-11",7,AirPods Max,1603,Audio
"2022-04-25",4,Magic Mouse,313,Accessories
"2021-06-02",4,Apple Pencil (2nd Generation),1506,Accessories
"2021-02-04",7,Apple Pencil (2nd Generation),1506,Accessories
"2024-07-07",10,Mac Pro (Rack),1415,Desktop
"2022-09-24",3,Apple TV HD,1258,Streaming Device
"2024-05-31",7,Mac Pro (Tower),458,Desktop
"2024-09-09",9,iPhone 14 Pro,1380,Smartphone
"2024-08-18",2,AirPods Pro (2nd Generation),696,Audio
"2024-05-14",10,iPhone 14,1476,Smartphone
"2020-07-24",1,Apple Watch Nike Edition,884,Wearable
"2023-01-06",9,HomePod,1202,Smart Speaker
"2022-12-26",10,Beats Fit Pro,1839,Audio
"2024-05-26",2,Apple Watch Series 8,1631,Wearable
"2021-10-14",2,Apple TV+,404,Subscription Service
"2023-03-28",7,Smart Cover for iPad,1014,Accessories
"2020-04-10",1,AirPods Pro,1167,Audio
"2021-04-12",2,iPhone 12 mini,1607,Smartphone
"2021-02-24",6,MagSafe Battery Pack,1389,Accessories
"2020-09-01",6,Silicone Case for iPhone,1210,Accessories
"2022-09-16",9,Apple TV HD,1258,Streaming Device
"2020-11-03",4,Apple Watch Series 6,462,Wearable
"2022-11-02",10,Apple Watch Series 6,462,Wearable
"2024-01-06",4,AirPods (2nd Generation),504,Audio
"2021-09-21",4,Mac Pro (Tower),458,Desktop
"2021-12-04",3,MacBook Air (Retina),1847,Laptop
"2022-11-23",10,Apple Watch Series 6,462,Wearable
"2022-02-23",7,Beats Fit Pro,1839,Audio
"2021-06-10",7,AirPods Max,1603,Audio
"2021-01-23",2,AirPods Pro,1167,Audio
"2020-05-09",7,HomePod mini,266,Smart Speaker
"2020-01-28",6,Apple TV 4K,1255,Streaming Device
"2023-08-02",10,iPad Pro (M2),1826,Tablet
"2021-07-18",7,Beats Solo Pro,1773,Audio
"2021-08-24",6,Apple One,488,Subscription Service
"2024-03-17",8,AirPods Pro (2nd Generation),696,Audio
"2024-04-13",5,iCloud,1181,Subscription Service
"2021-05-30",6,Beats Solo Pro,1773,Audio
"2022-09-09",3,iPhone 12,1436,Smartphone
"2023-05-11",7,iPhone 14 Pro,1380,Smartphone
"2021-12-22",8,HomePod (2nd Generation),689,Audio
"2020-08-06",4,iMac Pro,1081,Desktop
"2022-04-03",7,Apple Watch Series 5,1296,Wearable
"2021-05-03",2,iPad mini (6th Generation),573,Tablet
"2020-07-09",2,MagSafe Battery Pack,1389,Accessories
"2022-06-24",7,HomePod,1202,Smart Speaker
"2024-04-08",4,Smart Cover for iPad,1014,Accessories
"2024-04-02",10,iPhone 12 mini,1607,Smartphone
"2024-01-05",7,iPad Air (4th Generation),952,Tablet
"2020-10-31",5,Mac Mini,555,Desktop
"2021-11-13",5,Apple TV (3rd Generation),477,Streaming Device
"2023-03-06",9,iPad (10th Generation),1735,Tablet
"2021-04-14",9,iPhone 12 Pro Max,544,Smartphone
"2020-06-04",3,iPad Pro (M2),1826,Tablet
"2024-03-17",2,MacBook (Early 2015),741,Laptop
"2021-07-20",10,Mac Mini (M2),874,Desktop
"2024-09-16",6,Apple Pencil (1st Generation),925,Accessories
"2022-10-12",7,iPad (10th Generation),1735,Tablet
"2024-06-22",1,iPhone 13 Pro Max,820,Smartphone
"2020-03-09",2,Silicone Case for iPhone,1210,Accessories
"2021-05-09",7,Beats Studio Buds,762,Audio
"2021-12-23",1,Magic Trackpad,1242,Accessories
"2022-01-31",8,iPad mini (5th Generation),1912,Tablet
"2021-03-21",10,Magic Keyboard,368,Accessories
"2020-10-25",8,iPhone 14,1476,Smartphone
"2022-07-04",4,iPad Pro (M2),1826,Tablet
"2024-10-24",6,iPhone 13 mini,1092,Smartphone
"2021-12-11",8,iPad mini (5th Generation),1912,Tablet
"2021-02-25",8,HomePod mini,438,Audio
"2022-02-16",9,iMac 24-inch,449,Desktop
"2024-10-19",7,iPad Air (4th Generation),952,Tablet
"2021-07-07",1,MacBook Pro 14-inch,768,Laptop
"2023-08-26",9,iPad Pro (M1),1329,Tablet
"2021-03-22",1,iPad Pro 11-inch,1761,Tablet
"2023-10-29",5,Lightning to USB Cable,1434,Accessories
"2024-04-20",2,AirPods Max,1603,Audio
"2023-09-07",8,iPad Air (4th Generation),952,Tablet
"2020-12-05",2,iPad Pro (M2),1826,Tablet
"2024-03-30",1,MacBook Pro 14-inch,768,Laptop
"2021-02-03",5,Apple Pencil (2nd Generation),1506,Accessories
"2023-01-22",9,iPhone 12 Pro Max,544,Smartphone
"2021-06-19",3,MacBook Pro 16-inch,1179,Laptop
"2020-04-09",5,MacBook Air (M1),1783,Laptop
"2021-03-26",8,iMac 24-inch,449,Desktop
"2021-03-30",7,iPhone 14 Plus,1259,Smartphone
"2021-09-06",7,Apple TV HD,1258,Streaming Device
"2023-01-14",9,iPhone SE (3rd Generation),923,Smartphone
"2021-05-06",3,iPad (9th Generation),1949,Tablet
"2023-08-27",1,iMac 27-inch,1918,Desktop
"2024-04-24",6,Beats Fit Pro,1839,Audio
"2020-04-03",4,MacBook Pro 14-inch,768,Laptop
"2022-04-03",7,iPhone 14,1476,Smartphone
"2023-08-30",10,AirPods Max,1603,Audio
"2022-06-21",6,MagSafe Battery Pack,1389,Accessories
"2022-10-29",3,iPhone 12 Pro Max,544,Smartphone
"2024-10-17",5,iPhone 13 mini,1092,Smartphone
"2023-07-09",4,iPhone 14 Pro,1380,Smartphone
"2022-11-25",8,MacBook Pro 16-inch,1179,Laptop
"2023-02-01",5,Apple Watch SE,1546,Wearable
"2021-10-01",5,iMac Pro,1081,Desktop
"2022-03-22",3,Apple Fitness+,923,Subscription Service
"2020-07-30",9,MacBook Air (Retina),1847,Laptop
"2023-03-11",7,iMac with Retina Display,343,Desktop
"2020-08-07",1,iPad Pro (M2),1826,Tablet
"2021-05-10",2,MacBook Pro (Touch Bar),1304,Laptop
"2022-07-03",4,iPhone 14 Pro Max,678,Smartphone
"2020-10-20",6,Apple Watch Series 7,1431,Wearable
"2021-04-07",4,iPhone 13 Pro,308,Smartphone
"2024-03-24",1,iPhone 12 mini,1607,Smartphone
"2020-06-19",1,Apple One,488,Subscription Service
"2023-06-11",6,Beats Solo Pro,1773,Audio
"2022-02-03",4,Apple Watch Nike Edition,884,Wearable
"2021-08-21",9,MagSafe Battery Pack,1389,Accessories
"2022-11-25",5,MacBook Air (M1),1783,Laptop
"2024-07-05",3,Beats Fit Pro,1839,Audio
"2020-05-13",3,Apple Watch Hermès,1712,Wearable
"2024-02-19",5,Mac Studio,613,Desktop
"2024-03-03",3,iPhone 12 mini,1607,Smartphone
"2023-03-01",5,Smart Keyboard Folio,572,Accessories
"2023-11-27",5,Beats Solo Pro,1773,Audio
"2021-11-13",4,Silicone Case for iPhone,1210,Accessories
"2024-09-09",5,iPad mini (6th Generation),573,Tablet
"2022-09-06",2,iPad (9th Generation),1949,Tablet
"2021-12-28",3,iPad Air (5th Generation),1591,Tablet
"2023-05-21",1,iPhone 12 Pro Max,544,Smartphone
"2021-09-01",5,Apple Watch Ultra,346,Wearable
"2023-11-09",8,iPad mini (5th Generation),1912,Tablet
"2022-10-04",1,iPhone 14 Plus,1259,Smartphone
"2023-02-03",7,Magic Trackpad,1242,Accessories
"2021-01-14",5,Apple Watch Series 8,1631,Wearable
"2023-02-05",10,MacBook (Early 2015),741,Laptop
"2024-08-23",2,iPhone 13 mini,1092,Smartphone
"2024-05-30",8,Mac Pro (Rack),1415,Desktop
"2020-12-07",8,iPhone 12 Pro Max,544,Smartphone
"2020-05-20",1,MacBook,1149,Laptop
"2022-04-26",1,Beats Fit Pro,1839,Audio
"2022-06-10",4,Apple Watch Series 7,1431,Wearable
"2023-08-20",6,HomePod (2nd Generation),689,Audio
"2022-01-09",10,Leather Case for iPhone,866,Accessories
"2023-12-30",4,Mac Mini,555,Desktop
"2021-10-04",5,MacBook (Early 2015),741,Laptop
"2021-12-18",7,Apple Watch Series 9,1014,Wearable
"2024-06-19",6,Apple Watch SE,1546,Wearable
"2023-09-25",3,AirPods Pro,1167,Audio
"2021-11-09",3,Apple Watch Nike Edition,884,Wearable
"2023-10-06",1,iMac 27-inch,1918,Desktop
"2021-12-15",5,iPhone 14 Pro Max,678,Smartphone
"2023-04-11",2,iPad Pro 11-inch,1761,Tablet
"2020-01-18",1,iPad Air (4th Generation),952,Tablet
"2020-02-27",7,MacBook Air (M2),1588,Laptop
"2022-02-06",3,iPad Pro 11-inch,1761,Tablet
"2020-08-09",9,AirPods (3rd Generation),1842,Audio
"2024-06-19",6,Apple One,488,Subscription Service
"2022-02-27",5,HomePod mini,438,Audio
"2020-08-28",8,Apple Watch Series 6,462,Wearable
"2020-03-27",9,Apple Pencil (2nd Generation),1506,Accessories
"2022-05-01",9,Mac Mini (M2),874,Desktop
"2021-07-12",1,HomePod mini,438,Audio
"2023-04-07",1,Apple Watch Series 5,1296,Wearable
"2021-05-17",2,MacBook Pro 16-inch,1179,Laptop
"2021-01-23",8,HomePod mini,438,Audio
"2023-06-14",8,Mac Pro (Tower),458,Desktop
"2022-10-27",3,iPad (10th Generation),1735,Tablet
"2020-02-03",5,iPhone 14 Pro Max,678,Smartphone
"2022-04-03",6,iPhone 12 Pro Max,544,Smartphone
"2023-01-05",6,Apple News+,253,Subscription Service
"2022-05-10",10,iMac Pro,1081,Desktop
"2021-01-09",8,HomePod mini,266,Smart Speaker
"2024-02-10",1,Apple TV (3rd Generation),477,Streaming Device
"2020-06-05",7,Apple Watch Ultra,346,Wearable
"2021-05-01",2,Apple Watch Ultra,346,Wearable
"2021-11-18",1,Apple Watch Hermès,1712,Wearable
"2023-06-20",3,MacBook (Early 2015),741,Laptop
"2022-06-13",2,iPhone 13 Pro,308,Smartphone
"2021-07-24",4,iPhone SE (3rd Generation),923,Smartphone
"2024-08-04",10,Silicone Case for iPhone,1210,Accessories
"2022-05-11",6,iPhone 12 Pro Max,544,Smartphone
"2021-06-23",10,Apple Watch Series 7,1431,Wearable
"2020-02-19",10,Apple TV (3rd Generation),477,Streaming Device
"2024-06-13",2,Apple Watch Series 6,462,Wearable
"2021-12-13",5,iMac 24-inch,449,Desktop
"2023-12-26",6,Mac Studio,613,Desktop
"2021-07-22",8,Beats Studio Buds,762,Audio
"2020-09-03",5,Apple Watch Ultra,346,Wearable
"2023-03-02",2,MacBook (Retina),231,Laptop
"2023-10-14",10,iPhone 12,1436,Smartphone
"2024-05-27",9,iPhone 13 Pro Max,820,Smartphone
"2020-07-29",10,AirPods Pro (2nd Generation),696,Audio
"2020-08-25",7,iPhone 14 Pro Max,678,Smartphone
"2020-01-23",6,iPad Pro (M1),1329,Tablet
"2021-05-22",9,MacBook Pro 14-inch,768,Laptop
"2024-04-02",3,MacBook Pro 13-inch,1351,Laptop
"2021-05-05",4,HomePod mini,438,Audio
"2023-04-02",5,Beats Powerbeats Pro,1060,Audio
"2020-11-04",2,iPhone 14 Pro,1380,Smartphone
"2023-09-04",5,Smart Keyboard Folio,572,Accessories
"2021-05-21",3,MacBook (Early 2015),741,Laptop
"2022-08-17",2,Magic Keyboard with Touch ID,1162,Accessories
"2020-07-10",10,Apple One,488,Subscription Service
"2021-04-01",3,iPad mini (6th Generation),573,Tablet
"2024-05-25",9,iMac 27-inch,1918,Desktop
"2023-05-04",1,Mac Pro (2023),681,Desktop
"2021-07-15",9,Apple Music,1965,Subscription Service
"2020-09-18",6,MacBook (Retina),231,Laptop
"2022-12-28",9,Mac Pro (Rack),1415,Desktop
"2020-02-08",2,iPad (9th Generation),1949,Tablet
"2024-02-06",6,Apple TV 4K,1255,Streaming Device
"2023-07-20",1,Apple Watch Series 9,1014,Wearable
"2023-08-30",3,Apple Arcade,549,Subscription Service
"2024-03-27",9,MagSafe Battery Pack,1389,Accessories
"2023-03-15",1,AirTag,677,Accessories
"2023-06-04",4,Smart Cover for iPad,1014,Accessories
"2020-06-26",10,Apple Fitness+,923,Subscription Service
"2021-06-10",3,Mac Pro (Tower),458,Desktop
"2023-12-11",10,iMac 27-inch,1918,Desktop
"2024-06-29",2,MacBook Pro 16-inch,1179,Laptop
"2024-06-22",7,Apple Music,1965,Subscription Service
"2021-08-14",5,Beats Powerbeats Pro,1060,Audio
"2023-02-01",9,Apple One,488,Subscription Service
"2021-05-04",8,Beats Powerbeats Pro,1060,Audio
"2024-02-12",2,Mac Pro (Tower),458,Desktop
"2023-11-15",1,Apple TV (3rd Generation),477,Streaming Device
"2023-07-07",9,AirPods Pro (2nd Generation),696,Audio
"2021-12-20",8,iPad Air (4th Generation),952,Tablet
"2023-01-21",6,MacBook Pro 16-inch,1179,Laptop
"2023-05-29",7,iPad mini (6th Generation),573,Tablet
"2024-09-17",3,Apple Watch Nike Edition,884,Wearable
"2022-08-17",10,Beats Powerbeats Pro,1060,Audio
"2024-01-21",7,iPhone SE (3rd Generation),923,Smartphone
"2023-05-10",9,MacBook Pro 13-inch,1351,Laptop
"2020-02-27",5,iPhone 12 Pro,1342,Smartphone
"2021-10-06",4,Mac Studio,613,Desktop
"2022-03-13",2,Apple Watch Hermès,1712,Wearable
"2022-05-03",9,MacBook (Early 2015),741,Laptop
"2024-09-28",9,Magic Keyboard,368,Accessories
"2023-07-29",1,Magic Trackpad,1242,Accessories
"2023-05-27",9,Apple TV HD,1258,Streaming Device
"2020-06-24",2,Apple Pencil (2nd Generation),1506,Accessories
"2022-08-14",5,iPhone 12 mini,1607,Smartphone
"2022-07-05",3,HomePod mini,438,Audio
"2024-04-15",1,Lightning to USB Cable,1434,Accessories
"2023-05-11",2,HomePod,1202,Smart Speaker
"2024-10-05",4,Magic Mouse,313,Accessories
"2021-11-22",9,iMac 27-inch,1918,Desktop
"2024-03-26",7,Apple Watch Ultra,346,Wearable
"2021-11-07",6,Apple News+,253,Subscription Service
"2023-11-20",8,MacBook Pro 14-inch,768,Laptop
"2020-03-27",7,Apple Watch Series 6,462,Wearable
"2021-12-27",2,iPad Air (5th Generation),1591,Tablet
"2021-10-21",6,iPad Pro (M1),1329,Tablet
"2024-04-01",6,Magic Mouse,313,Accessories
"2023-10-13",8,MacBook Pro 14-inch,768,Laptop
"2022-02-09",3,iPhone 14 Plus,1259,Smartphone
"2021-04-08",1,Mac Pro (Tower),458,Desktop
"2020-03-12",10,Apple Pencil (1st Generation),925,Accessories
"2022-05-18",4,Mac Mini,555,Desktop
"2020-08-05",5,iPad mini (6th Generation),573,Tablet
"2023-02-03",9,Mac Pro (2023),681,Desktop
"2024-06-10",8,AirPods (2nd Generation),504,Audio
"2023-08-01",7,iPhone 13 Pro,308,Smartphone
"2021-04-23",5,MacBook Air (Retina),1847,Laptop
"2022-08-11",6,Lightning to USB Cable,1434,Accessories
"2022-10-10",5,iPad Pro (M2),1826,Tablet
"2024-07-01",5,iPad mini (5th Generation),1912,Tablet
"2024-05-31",2,Smart Keyboard Folio,572,Accessories
"2024-09-02",6,AirPods Pro,1167,Audio
"2024-10-20",5,AirTag,677,Accessories
"2024-09-09",2,Apple One,488,Subscription Service
"2021-07-06",10,MacBook Pro 14-inch,768,Laptop
"2022-05-01",9,Beats Powerbeats Pro,1060,Audio
"2023-04-14",5,Smart Keyboard Folio,572,Accessories
"2024-04-12",5,iPad mini (5th Generation),1912,Tablet
"2021-01-30",7,iPhone 12 Pro Max,544,Smartphone
"2023-09-01",5,Leather Case for iPhone,866,Accessories
"2020-01-21",1,HomePod mini,266,Smart Speaker
"2023-07-04",9,iPad (9th Generation),1949,Tablet
"2023-06-08",4,Apple Watch Series 7,1431,Wearable
"2021-02-13",8,Silicone Case for iPhone,1210,Accessories
"2023-06-18",4,iPhone 14 Pro Max,678,Smartphone
"2024-02-29",2,MagSafe Charger,1744,Accessories
"2023-02-28",8,MacBook Pro 16-inch,1179,Laptop
"2023-02-25",10,Smart Keyboard Folio,572,Accessories
"2021-02-02",10,Mac Pro (Tower),458,Desktop
"2020-07-24",8,HomePod,1202,Smart Speaker
"2022-05-22",3,Apple Watch Series 6,462,Wearable
"2020-11-02",9,Apple Watch Nike Edition,884,Wearable
"2023-10-07",10,MacBook Pro (Touch Bar),1304,Laptop
"2022-04-27",2,MacBook Air (M2),1588,Laptop
"2024-09-18",10,iPhone 13 Pro,308,Smartphone
"2021-08-26",9,iPhone 14 Plus,1259,Smartphone
"2020-12-13",4,Apple Watch Ultra,346,Wearable
"2023-01-23",8,MacBook Pro 13-inch,1351,Laptop
"2024-08-22",4,Mac Mini (M2),874,Desktop
"2022-02-18",10,Beats Studio Buds,762,Audio
"2024-05-20",6,Apple TV+,404,Subscription Service
"2023-05-19",3,iPad mini (6th Generation),573,Tablet
"2024-04-13",6,iMac with Retina Display,343,Desktop
"2021-01-15",3,iPhone 12,1436,Smartphone
"2022-01-21",9,iPad (10th Generation),1735,Tablet
"2022-04-30",1,Apple Watch Series 5,1296,Wearable
"2020-04-10",6,MacBook Pro (Touch Bar),1304,Laptop
"2020-04-01",10,iPhone 13 Pro Max,820,Smartphone
"2023-12-30",1,Lightning to USB Cable,1434,Accessories
"2023-09-19",1,Apple Watch Series 7,1431,Wearable
"2021-03-15",9,iPhone 14 Plus,1259,Smartphone
"2022-01-02",2,iMac Pro,1081,Desktop
"2024-02-04",1,iPhone 13 Pro Max,820,Smartphone
"2021-09-29",8,iPhone 13 Pro Max,820,Smartphone
"2021-04-16",3,Beats Studio Buds,762,Audio
"2021-07-11",8,MacBook Air (Retina),1847,Laptop
"2024-01-26",2,MacBook Air (Retina),1847,Laptop
"2021-05-31",9,Mac Mini (M2),874,Desktop
"2024-06-20",2,Apple Fitness+,923,Subscription Service
"2023-04-02",3,Beats Powerbeats Pro,1060,Audio
"2022-02-19",1,Mac Pro (Rack),1415,Desktop
"2021-10-26",10,iPhone 12 mini,1607,Smartphone
"2021-02-01",4,iPhone 13 Pro Max,820,Smartphone
"2022-04-15",7,Apple Watch Series 9,1014,Wearable
"2024-09-22",10,HomePod,1202,Smart Speaker
"2022-08-09",3,iPad Pro 11-inch,1761,Tablet
"2022-02-27",6,AirPods Pro (2nd Generation),696,Audio
"2020-06-10",10,Apple TV+,404,Subscription Service
"2022-01-07",10,iMac 24-inch,449,Desktop
"2020-06-16",6,MacBook,1149,Laptop
"2021-01-27",10,iPhone 13,623,Smartphone
"2023-12-27",1,Apple Watch Hermès,1712,Wearable
"2020-07-07",5,Apple Watch Hermès,1712,Wearable
"2023-08-13",3,AirPods (3rd Generation),1842,Audio
"2024-06-14",2,iPad Pro (M1),1329,Tablet
"2023-06-15",6,iCloud,1181,Subscription Service
"2022-10-28",3,iPhone 12 Pro Max,544,Smartphone
"2023-04-27",9,AirPods Pro,1167,Audio
"2020-09-28",1,Mac Mini,555,Desktop
"2020-01-29",2,Apple Watch SE,1546,Wearable
"2020-04-23",7,Apple News+,253,Subscription Service
"2020-05-11",2,Mac Pro (2023),681,Desktop
"2022-10-18",2,Apple Watch Series 6,462,Wearable
"2020-04-21",3,Beats Studio Buds,762,Audio
"2023-05-08",4,Apple TV (3rd Generation),477,Streaming Device
"2020-03-13",6,iPhone 12 Pro Max,544,Smartphone
"2022-01-05",2,Apple Pencil (1st Generation),925,Accessories
"2022-10-14",2,AirTag,677,Accessories
"2022-12-01",1,iPad Pro 12.9-inch,1167,Tablet
"2021-05-16",4,Mac Pro (Tower),458,Desktop
"2024-03-30",5,iPad mini (5th Generation),1912,Tablet
"2023-01-17",4,Apple TV+,404,Subscription Service
"2022-04-11",7,AirPods Max,1603,Audio
"2020-10-13",10,iPhone 13 mini,1092,Smartphone
"2020-03-16",3,Apple Pencil (1st Generation),925,Accessories
"2024-06-25",10,Apple Watch Hermès,1712,Wearable
"2024-04-19",1,MagSafe Battery Pack,1389,Accessories
"2024-09-15",2,Beats Powerbeats Pro,1060,Audio
"2024-07-30",10,MagSafe Battery Pack,1389,Accessories
"2022-10-27",9,AirPods Max,1603,Audio
"2021-01-05",1,iPhone 12 Pro,1342,Smartphone
"2023-06-16",6,Magic Keyboard with Touch ID,1162,Accessories
"2022-08-08",9,iPad Air (4th Generation),952,Tablet
"2021-10-12",1,Apple Pencil (2nd Generation),1506,Accessories
"2020-09-26",6,MacBook Air (Retina),1847,Laptop
"2022-08-02",6,iMac 27-inch,1918,Desktop
"2023-01-03",7,Apple TV (3rd Generation),477,Streaming Device
"2020-03-31",3,HomePod mini,438,Audio
"2020-05-29",8,iPhone 13,623,Smartphone
"2024-08-25",8,iPhone 13 mini,1092,Smartphone
"2020-08-19",7,AirPods Pro,1167,Audio
"2024-07-03",10,MacBook Air (M2),1588,Laptop
"2024-09-18",5,iPhone 12 Pro,1342,Smartphone
"2021-12-12",5,iPhone 14 Pro,1380,Smartphone
"2024-08-03",3,Apple TV+,404,Subscription Service
"2022-03-31",2,AirPods Pro (2nd Generation),696,Audio
"2020-07-23",3,iPad Pro (M2),1826,Tablet
"2021-12-09",4,iPhone 12 mini,1607,Smartphone
"2022-01-26",3,Mac Studio,613,Desktop
"2022-02-14",5,iPhone 13,623,Smartphone
"2022-06-05",4,Apple Arcade,549,Subscription Service
"2024-08-06",7,Silicone Case for iPhone,1210,Accessories
"2022-10-31",6,iPhone 14 Plus,1259,Smartphone
"2022-12-13",5,Leather Case for iPhone,866,Accessories
"2020-01-30",5,HomePod (2nd Generation),689,Audio
"2020-07-15",4,Apple Fitness+,923,Subscription Service
"2021-02-25",1,iPad Pro 11-inch,1761,Tablet
"2024-07-13",5,Apple Watch SE,1546,Wearable
"2024-03-30",2,iPad Air (5th Generation),1591,Tablet
"2020-04-06",10,MagSafe Charger,1744,Accessories
"2020-07-25",5,Mac Mini,555,Desktop
"2024-07-25",4,iPhone 14 Pro Max,678,Smartphone
"2023-11-14",7,iPad (9th Generation),1949,Tablet
"2024-06-06",5,AirPods Pro (2nd Generation),696,Audio
"2021-02-15",9,iPad Air (5th Generation),1591,Tablet
"2020-04-01",9,MagSafe Battery Pack,1389,Accessories
"2024-01-16",5,Apple Watch Series 7,1431,Wearable
"2022-03-12",7,Mac Mini,555,Desktop
"2023-09-21",10,iPad (9th Generation),1949,Tablet
"2022-10-04",6,Beats Fit Pro,1839,Audio
"2022-07-24",1,iPhone 14 Pro Max,678,Smartphone
"2023-11-19",2,iPhone 14 Plus,1259,Smartphone
"2022-07-28",2,AirPods Pro (2nd Generation),696,Audio
"2023-05-27",10,MagSafe Charger,1744,Accessories
"2022-02-04",1,AirPods (2nd Generation),504,Audio
"2024-06-25",8,iPad (10th Generation),1735,Tablet
"2024-08-19",5,Apple One,488,Subscription Service
"2020-06-17",8,AirPods Pro,1167,Audio
"2024-04-28",4,Mac Pro (Rack),1415,Desktop
"2022-10-30",6,Mac Studio,613,Desktop
"2020-05-16",6,iMac 24-inch,449,Desktop
"2023-08-16",4,Magic Keyboard with Touch ID,1162,Accessories
"2021-01-13",2,iPad Pro (M2),1826,Tablet
"2024-04-27",9,MacBook Air (M1),1783,Laptop
"2024-07-02",7,MacBook (Early 2015),741,Laptop
"2022-07-17",10,Beats Fit Pro,1839,Audio
"2023-12-02",7,Apple Watch Series 7,1431,Wearable
"2022-02-21",10,Magic Keyboard with Touch ID,1162,Accessories
"2022-11-02",10,AirPods Pro (2nd Generation),696,Audio
"2021-10-08",6,AirPods Pro,1167,Audio
"2020-08-01",2,Beats Solo Pro,1773,Audio
"2020-08-23",5,Apple TV 4K,1255,Streaming Device
"2021-01-30",8,Mac Mini,555,Desktop
"2021-07-31",5,Mac Mini,555,Desktop
"2022-01-28",6,Magic Mouse,313,Accessories
"2023-01-15",10,iPhone 14,1476,Smartphone
"2023-06-17",10,iPad Pro 12.9-inch,1167,Tablet
"2022-07-12",8,Apple TV (3rd Generation),477,Streaming Device
"2023-07-07",3,iPhone 14,1476,Smartphone
"2021-07-19",6,Apple News+,253,Subscription Service
"2020-10-07",6,iPad Air (5th Generation),1591,Tablet
"2020-07-08",2,AirPods (3rd Generation),1842,Audio
"2023-05-25",1,Smart Cover for iPad,1014,Accessories
"2024-03-27",9,Magic Mouse,313,Accessories
"2020-11-18",9,AirPods (3rd Generation),1842,Audio
"2023-04-06",4,Magic Keyboard,368,Accessories
"2024-06-15",10,MacBook Air (Retina),1847,Laptop
"2022-02-05",6,Apple News+,253,Subscription Service
"2020-03-07",7,AirPods Pro (2nd Generation),696,Audio
"2020-02-20",7,MacBook Air (M1),1783,Laptop
"2022-02-04",8,iPhone 13 Pro Max,820,Smartphone
"2023-01-06",10,iPad Air (5th Generation),1591,Tablet
"2020-12-30",7,MacBook Pro 13-inch,1351,Laptop
"2022-12-15",2,iPad Pro 11-inch,1761,Tablet
"2024-08-26",1,Apple News+,253,Subscription Service
"2021-03-17",9,Magic Trackpad,1242,Accessories
"2021-07-30",5,MacBook Pro 16-inch,1179,Laptop
"2022-03-12",8,Magic Mouse,313,Accessories
"2020-11-24",7,HomePod (2nd Generation),689,Audio
"2022-09-04",6,AirPods (3rd Generation),1842,Audio
"2020-06-27",3,HomePod (2nd Generation),689,Audio
"2020-11-15",10,MacBook (Early 2015),741,Laptop
"2021-05-17",8,HomePod (2nd Generation),689,Audio
"2022-04-16",9,Beats Powerbeats Pro,1060,Audio
"2022-09-10",6,iPad (9th Generation),1949,Tablet
"2021-02-09",3,Beats Solo Pro,1773,Audio
"2021-06-01",9,iPad Pro 11-inch,1761,Tablet
"2021-12-11",8,iPad mini (6th Generation),573,Tablet
"2022-12-28",6,Apple TV+,404,Subscription Service
"2021-05-28",5,iPad Pro (M1),1329,Tablet
"2021-11-13",8,Mac Mini,555,Desktop
"2022-04-21",1,MacBook (Early 2015),741,Laptop
"2021-07-02",5,iPad (10th Generation),1735,Tablet
"2022-11-10",9,iPhone 14 Pro Max,678,Smartphone
"2022-11-20",9,MacBook Pro 13-inch,1351,Laptop
"2020-06-20",2,Apple Watch Series 9,1014,Wearable
"2023-04-04",4,iPhone 14 Pro,1380,Smartphone
"2024-06-03",7,Apple Watch Series 7,1431,Wearable
"2021-03-18",3,Apple Arcade,549,Subscription Service
"2023-05-04",9,iMac 27-inch,1918,Desktop
"2022-02-26",3,Smart Keyboard Folio,572,Accessories
"2022-08-31",8,iCloud,1181,Subscription Service
"2022-11-09",3,iPad mini (5th Generation),1912,Tablet
"2022-06-11",3,Apple News+,253,Subscription Service
"2020-04-14",9,Apple Watch SE,1546,Wearable
"2020-02-22",1,AirPods (2nd Generation),504,Audio
"2024-05-05",8,MacBook,1149,Laptop
"2020-03-31",10,iPhone 12 Pro,1342,Smartphone
"2022-08-02",8,Apple News+,253,Subscription Service
"2023-03-16",5,iPhone 12 mini,1607,Smartphone
"2024-04-19",2,iPhone 12 Pro Max,544,Smartphone
"2024-01-23",7,iPhone 12 Pro Max,544,Smartphone
"2024-06-08",10,iPhone 14 Pro Max,678,Smartphone
"2020-10-19",1,Mac Pro (2023),681,Desktop
"2023-07-11",8,Apple TV HD,1258,Streaming Device
"2023-01-27",7,MacBook Pro 13-inch,1351,Laptop
"2023-06-12",1,Beats Solo Pro,1773,Audio
"2021-10-13",3,Mac Pro (Tower),458,Desktop
"2024-07-16",4,Apple Pencil (1st Generation),925,Accessories
"2024-07-22",4,Lightning to USB Cable,1434,Accessories
"2023-07-11",2,Leather Case for iPhone,866,Accessories
"2020-09-23",10,Apple Watch Series 9,1014,Wearable
"2022-02-06",3,Apple Pencil (1st Generation),925,Accessories
"2023-02-26",8,Silicone Case for iPhone,1210,Accessories
"2022-06-19",2,iPad Air (5th Generation),1591,Tablet
"2022-02-19",5,Lightning to USB Cable,1434,Accessories
"2020-05-18",4,Apple Pencil (2nd Generation),1506,Accessories
"2020-10-06",9,MacBook (Early 2015),741,Laptop
"2023-11-18",4,Apple TV (3rd Generation),477,Streaming Device
"2021-11-11",1,HomePod mini,266,Smart Speaker
"2020-01-28",4,Apple Watch Hermès,1712,Wearable
"2021-12-11",6,iPhone 14 Plus,1259,Smartphone
"2022-01-20",7,Smart Cover for iPad,1014,Accessories
"2020-09-01",7,MacBook Pro 16-inch,1179,Laptop
"2020-12-13",1,iPad mini (6th Generation),573,Tablet
"2021-12-21",5,Beats Powerbeats Pro,1060,Audio
"2023-09-22",9,iPad (10th Generation),1735,Tablet
"2020-04-26",6,iPhone 14 Pro Max,678,Smartphone
"2022-07-26",10,HomePod,1202,Smart Speaker
"2023-06-18",5,Beats Studio Buds,762,Audio
"2022-03-11",4,iMac 27-inch,1918,Desktop
"2021-11-13",1,MacBook Pro 16-inch,1179,Laptop
"2024-09-21",3,MagSafe Charger,1744,Accessories
"2023-03-21",6,Beats Fit Pro,1839,Audio
"2021-12-27",7,Apple Watch SE,1546,Wearable
"2021-11-07",3,Beats Fit Pro,1839,Audio
"2020-05-18",2,HomePod mini,438,Audio
"2020-12-29",10,Apple Watch Series 5,1296,Wearable
"2021-05-29",4,iMac 27-inch,1918,Desktop
"2023-02-22",5,Apple News+,253,Subscription Service
"2024-07-28",1,Apple Watch Series 9,1014,Wearable
"2020-02-04",10,Apple Watch Nike Edition,884,Wearable
"2023-01-05",4,iCloud,1181,Subscription Service
"2024-07-05",1,iPad (10th Generation),1735,Tablet
"2020-11-01",5,Apple TV (3rd Generation),477,Streaming Device
"2020-03-19",2,Apple TV HD,1258,Streaming Device
"2024-05-19",7,Beats Studio Buds,762,Audio
"2021-10-05",9,iPad Pro (M1),1329,Tablet
"2023-02-24",6,Beats Studio Buds,762,Audio
"2023-09-13",4,iPhone 12 Pro Max,544,Smartphone
"2022-10-15",6,MacBook Air (Retina),1847,Laptop
"2024-06-07",1,Leather Case for iPhone,866,Accessories
"2020-04-24",7,Smart Cover for iPad,1014,Accessories
"2021-01-02",9,HomePod,1202,Smart Speaker
"2023-02-15",10,Mac Studio,613,Desktop
"2024-02-09",7,iPhone 14,1476,Smartphone
"2024-03-07",3,MacBook Pro (Touch Bar),1304,Laptop
"2022-04-25",6,iPhone 13 mini,1092,Smartphone
"2023-05-16",6,Beats Fit Pro,1839,Audio
"2023-03-01",6,iPhone 13 Pro,308,Smartphone
"2021-10-31",3,HomePod (2nd Generation),689,Audio
"2024-10-01",7,iMac 24-inch,449,Desktop
"2023-11-03",1,iPhone 14,1476,Smartphone
"2024-05-12",10,Apple Fitness+,923,Subscription Service
"2024-07-20",6,Apple Fitness+,923,Subscription Service
"2024-03-02",6,Mac Pro (2023),681,Desktop
"2020-10-06",7,MacBook,1149,Laptop
"2020-04-19",1,Mac Pro (Rack),1415,Desktop
"2023-03-12",2,iPhone 13,623,Smartphone
"2022-01-30",8,Mac Pro (2023),681,Desktop
"2023-07-29",2,Lightning to USB Cable,1434,Accessories
"2024-06-24",9,Apple Arcade,549,Subscription Service
"2020-12-26",5,iPhone 14 Pro Max,678,Smartphone
"2020-04-23",7,Smart Cover for iPad,1014,Accessories
"2020-10-26",9,Leather Case for iPhone,866,Accessories
"2023-05-29",8,Apple Pencil (2nd Generation),1506,Accessories
"2021-11-11",7,Apple Watch Series 7,1431,Wearable
"2022-03-04",3,Smart Keyboard Folio,572,Accessories
"2020-06-03",5,Mac Mini,555,Desktop
"2021-05-03",2,Apple Music,1965,Subscription Service
"2020-09-15",7,iPhone 13 Pro Max,820,Smartphone
"2020-03-13",8,Magic Keyboard,368,Accessories
"2021-07-11",10,iPad Pro 12.9-inch,1167,Tablet
"2020-05-16",8,Apple Watch Series 6,462,Wearable
"2023-08-07",3,Mac Pro (Tower),458,Desktop
"2021-06-27",5,iPhone 13,623,Smartphone
"2021-03-24",6,Magic Keyboard,368,Accessories
"2023-08-26",9,Apple Watch Series 8,1631,Wearable
"2020-04-29",10,Mac Mini (M2),874,Desktop
"2022-01-29",7,iPad mini (6th Generation),573,Tablet
"2020-08-10",9,Mac Pro (Tower),458,Desktop
"2023-12-18",2,Smart Keyboard Folio,572,Accessories
"2024-05-08",10,iPhone 13,623,Smartphone
"2021-05-19",8,Mac Mini (M2),874,Desktop
"2020-02-05",3,iPhone 13 Pro Max,820,Smartphone
"2023-04-25",4,Beats Studio Buds,762,Audio
"2023-06-20",1,Apple Watch Series 8,1631,Wearable
"2020-11-22",8,AirPods (2nd Generation),504,Audio
"2020-12-29",1,Mac Pro (Rack),1415,Desktop
"2022-08-10",7,iPad Pro (M1),1329,Tablet
"2024-05-23",8,iPhone 13,623,Smartphone
"2021-08-10",2,HomePod,1202,Smart Speaker
"2021-12-23",10,Apple News+,253,Subscription Service
"2020-07-19",3,Apple Pencil (1st Generation),925,Accessories
"2020-07-05",1,Lightning to USB Cable,1434,Accessories
"2022-04-02",9,iPad Pro 12.9-inch,1167,Tablet
"2024-03-26",5,MacBook Pro 16-inch,1179,Laptop
"2020-06-12",4,HomePod mini,438,Audio
"2024-07-18",3,iMac 27-inch,1918,Desktop
"2020-04-16",7,Beats Fit Pro,1839,Audio
"2023-11-20",1,MacBook Pro 16-inch,1179,Laptop
"2020-12-25",7,iMac with Retina Display,343,Desktop
"2020-10-19",2,Apple Watch SE,1546,Wearable
"2020-06-11",7,iPad Pro 11-inch,1761,Tablet
"2023-07-30",1,Apple Music,1965,Subscription Service
"2022-02-17",9,AirTag,677,Accessories
"2022-07-04",7,Magic Keyboard with Touch ID,1162,Accessories
"2024-10-16",8,iPhone 12 Pro Max,544,Smartphone
"2024-10-10",3,Beats Solo Pro,1773,Audio
"2020-05-11",10,Apple Watch Series 7,1431,Wearable
"2024-10-03",4,Lightning to USB Cable,1434,Accessories
"2021-11-26",5,iPhone 13 mini,1092,Smartphone
"2020-07-08",7,AirPods Pro,1167,Audio
"2022-09-12",6,Smart Keyboard Folio,572,Accessories
"2020-01-08",1,Apple Watch Series 9,1014,Wearable
"2021-07-23",1,iPad Pro 11-inch,1761,Tablet
"2020-02-17",8,MacBook,1149,Laptop
"2021-08-05",2,Apple Arcade,549,Subscription Service
"2022-05-13",4,Magic Keyboard with Touch ID,1162,Accessories
"2020-04-22",10,MacBook Pro 13-inch,1351,Laptop
"2022-12-06",9,Apple Pencil (1st Generation),925,Accessories
"2020-01-26",8,iMac Pro,1081,Desktop
"2024-02-27",9,Magic Keyboard,368,Accessories
"2023-03-09",2,iPad Pro 12.9-inch,1167,Tablet
"2022-10-31",3,Smart Keyboard Folio,572,Accessories
"2020-01-25",6,iPad Pro 12.9-inch,1167,Tablet
"2022-06-08",8,iPhone 13 Pro,308,Smartphone
"2022-06-18",8,iCloud,1181,Subscription Service
"2023-11-06",6,iPhone 12 Pro Max,544,Smartphone
"2023-08-10",10,Smart Keyboard Folio,572,Accessories
"2022-09-21",4,MacBook Air (M2),1588,Laptop
"2020-12-01",7,Apple One,488,Subscription Service
"2023-06-24",1,iPhone 13,623,Smartphone
"2023-09-14",5,iPhone 12 Pro,1342,Smartphone
"2021-11-28",6,Mac Mini (M2),874,Desktop
"2022-08-06",5,Apple TV+,404,Subscription Service
"2024-01-01",8,iPhone SE (3rd Generation),923,Smartphone
"2024-03-10",2,iPhone 14 Pro,1380,Smartphone
"2023-01-20",5,Apple Watch Ultra,346,Wearable
"2022-09-23",2,iPhone 13 Pro,308,Smartphone
"2023-07-13",4,iPad (10th Generation),1735,Tablet
"2020-10-28",10,Beats Solo Pro,1773,Audio
"2022-12-05",4,iPhone SE (3rd Generation),923,Smartphone
"2020-07-11",2,Magic Mouse,313,Accessories
"2021-12-04",1,Apple Watch Series 6,462,Wearable
"2022-05-11",4,Mac Pro (Tower),458,Desktop
"2024-05-10",7,MacBook Air (Retina),1847,Laptop
"2024-06-26",7,Smart Keyboard Folio,572,Accessories
"2023-01-20",8,Magic Keyboard with Touch ID,1162,Accessories
"2024-02-16",4,iPad Pro (M2),1826,Tablet
"2021-02-07",4,Apple Watch Series 6,462,Wearable
"2021-09-27",9,iPad Air (4th Generation),952,Tablet
"2023-08-20",3,iPhone 12,1436,Smartphone
"2020-03-05",2,Lightning to USB Cable,1434,Accessories
"2023-06-29",2,Apple TV HD,1258,Streaming Device
"2020-06-11",5,Silicone Case for iPhone,1210,Accessories
"2023-11-21",6,iPad Air (5th Generation),1591,Tablet
"2021-12-20",2,iPhone 14,1476,Smartphone
"2022-03-31",4,iPhone 12,1436,Smartphone
"2021-08-24",10,Mac Mini,555,Desktop
"2021-02-21",3,Apple Watch Series 7,1431,Wearable
"2020-01-07",9,iPhone 14 Plus,1259,Smartphone
"2020-06-16",5,Beats Studio Buds,762,Audio
"2023-02-03",1,Apple Watch Series 8,1631,Wearable
"2021-07-20",9,Beats Fit Pro,1839,Audio
"2023-10-09",2,AirPods (2nd Generation),504,Audio
"2020-10-05",10,Apple Pencil (1st Generation),925,Accessories
"2023-08-16",3,Apple TV (3rd Generation),477,Streaming Device
"2024-04-02",10,MacBook Air (M1),1783,Laptop
"2022-12-22",4,iPad (10th Generation),1735,Tablet
"2021-01-02",3,iPad mini (6th Generation),573,Tablet
"2021-03-12",8,iPhone 12,1436,Smartphone
"2023-03-28",4,Leather Case for iPhone,866,Accessories
"2024-08-16",7,iPad (10th Generation),1735,Tablet
"2023-09-18",7,iPad Pro 12.9-inch,1167,Tablet
"2022-05-18",5,Mac Mini (M2),874,Desktop
"2023-03-31",10,Apple Watch SE,1546,Wearable
"2022-05-29",4,Apple Watch Nike Edition,884,Wearable
"2021-03-10",8,Silicone Case for iPhone,1210,Accessories
"2020-01-14",8,iPad mini (6th Generation),573,Tablet
"2023-04-16",9,iMac with Retina Display,343,Desktop
"2022-03-18",6,Apple Watch Series 7,1431,Wearable
"2024-06-08",2,Mac Mini (M2),874,Desktop
"2023-12-24",4,Apple Watch SE,1546,Wearable
"2024-03-01",9,Mac Pro (Tower),458,Desktop
"2020-05-19",8,MacBook Pro (Touch Bar),1304,Laptop
"2022-12-10",4,iPad Pro 11-inch,1761,Tablet
"2024-02-02",8,HomePod,1202,Smart Speaker
"2020-02-14",5,iPad Pro 11-inch,1761,Tablet
"2022-09-08",2,Mac Pro (Rack),1415,Desktop
"2024-05-21",8,MacBook Air (M1),1783,Laptop
"2022-02-06",9,iPad Pro 11-inch,1761,Tablet
"2023-10-25",7,Apple Watch SE,1546,Wearable
"2021-04-10",3,iPhone 12 mini,1607,Smartphone
"2023-11-23",7,Beats Solo Pro,1773,Audio
"2022-07-10",4,Smart Cover for iPad,1014,Accessories
"2021-02-19",4,Beats Solo Pro,1773,Audio
"2023-11-08",1,AirPods Pro,1167,Audio
"2023-04-10",6,Apple Watch Series 7,1431,Wearable
"2022-09-11",5,AirPods (3rd Generation),1842,Audio
"2022-08-09",7,iMac Pro,1081,Desktop
"2020-11-03",7,Apple Watch Nike Edition,884,Wearable
"2021-02-12",9,iPhone 14 Pro Max,678,Smartphone
"2023-12-06",10,iPhone 13 Pro,308,Smartphone
"2024-01-02",1,HomePod,1202,Smart Speaker
"2020-06-24",9,iPad mini (5th Generation),1912,Tablet
"2024-07-19",2,AirTag,677,Accessories
"2021-07-20",8,Mac Mini (M2),874,Desktop
"2022-08-01",7,AirPods Pro,1167,Audio
"2021-01-29",8,Magic Keyboard with Touch ID,1162,Accessories
"2024-10-23",2,MacBook (Early 2015),741,Laptop
"2021-11-22",3,iPad Air (5th Generation),1591,Tablet
"2023-08-05",7,iPad Pro (M1),1329,Tablet
"2022-04-14",9,HomePod (2nd Generation),689,Audio
"2021-08-08",10,iPad Air (5th Generation),1591,Tablet
"2023-11-09",3,Mac Mini,555,Desktop
"2022-11-17",7,Apple TV HD,1258,Streaming Device
"2022-09-29",10,iPhone 12 mini,1607,Smartphone
"2023-04-03",4,Apple Watch Series 7,1431,Wearable
"2024-11-04",1,MagSafe Charger,1744,Accessories
"2024-06-25",8,Mac Pro (Tower),458,Desktop
"2022-06-07",4,Mac Studio,613,Desktop
"2020-08-09",3,MacBook (Early 2015),741,Laptop
"2020-04-01",8,iMac Pro,1081,Desktop
"2024-07-16",9,Apple Watch Hermès,1712,Wearable
"2023-03-16",3,iPhone 14,1476,Smartphone
"2023-09-17",2,iPhone 13,623,Smartphone
"2022-03-06",6,Apple Watch Ultra,346,Wearable
"2021-03-09",8,Apple Watch Ultra,346,Wearable
"2021-12-31",7,iPad Pro 12.9-inch,1167,Tablet
"2022-11-07",7,iPad mini (5th Generation),1912,Tablet
"2024-02-10",3,Leather Case for iPhone,866,Accessories
"2023-12-27",9,MacBook Air (Retina),1847,Laptop
"2021-07-12",10,Apple Watch Series 8,1631,Wearable
"2023-04-20",5,iPad Pro (M1),1329,Tablet
"2022-04-22",10,iPad mini (5th Generation),1912,Tablet
"2021-06-20",4,MacBook Air (Retina),1847,Laptop
"2024-05-25",6,AirTag,677,Accessories
"2020-08-28",3,Apple Watch Series 7,1431,Wearable
"2023-08-24",6,iPad (10th Generation),1735,Tablet
"2021-01-17",4,iPhone SE (3rd Generation),923,Smartphone
"2021-04-15",2,Beats Powerbeats Pro,1060,Audio
"2023-09-08",7,MacBook,1149,Laptop
"2023-09-24",3,Mac Pro (2023),681,Desktop
"2022-03-23",10,iPhone 14,1476,Smartphone
"2022-01-09",8,Apple Watch Ultra,346,Wearable
"2024-01-12",7,HomePod (2nd Generation),689,Audio
"2020-11-16",9,iPad mini (5th Generation),1912,Tablet
"2020-09-05",5,AirPods Max,1603,Audio
"2021-04-19",1,Apple One,488,Subscription Service
"2021-06-14",6,iPhone 14,1476,Smartphone
"2021-01-28",9,Magic Keyboard,368,Accessories
"2020-10-09",4,Mac Mini (M2),874,Desktop
"2021-06-02",7,Apple TV+,404,Subscription Service
"2023-02-27",10,Smart Cover for iPad,1014,Accessories
"2023-04-18",5,Beats Fit Pro,1839,Audio
"2024-10-12",1,iPhone 12 Pro Max,544,Smartphone
"2023-09-29",10,Smart Cover for iPad,1014,Accessories
"2022-05-14",8,Mac Pro (2023),681,Desktop
"2021-01-27",1,iMac 27-inch,1918,Desktop
"2023-04-18",7,iPhone SE (3rd Generation),923,Smartphone
"2023-02-10",8,iPad Pro (M2),1826,Tablet
"2020-11-01",6,Lightning to USB Cable,1434,Accessories
"2020-08-26",7,iPad (10th Generation),1735,Tablet
"2023-06-17",9,Mac Pro (Rack),1415,Desktop
"2024-02-12",2,iPad Pro (M1),1329,Tablet
"2021-12-20",4,MagSafe Charger,1744,Accessories
"2024-08-29",1,Apple Watch Series 6,462,Wearable
"2023-07-17",3,iPad (10th Generation),1735,Tablet
"2022-01-03",7,Apple Watch Series 9,1014,Wearable
"2023-03-10",5,MacBook Pro 13-inch,1351,Laptop
"2021-04-06",7,iPhone 13,623,Smartphone
"2021-04-27",5,HomePod mini,266,Smart Speaker
"2023-12-11",5,iPad mini (6th Generation),573,Tablet
"2022-03-18",4,iPhone 13 Pro,308,Smartphone
"2024-07-14",5,Apple TV HD,1258,Streaming Device
"2023-08-05",6,AirPods Pro,1167,Audio
"2020-06-10",7,iPhone 14 Pro Max,678,Smartphone
"2021-03-31",4,iPhone 13 Pro Max,820,Smartphone
"2020-02-11",9,Mac Pro (Tower),458,Desktop
"2023-09-24",1,Mac Pro (Rack),1415,Desktop
"2024-03-30",3,iPad Pro 11-inch,1761,Tablet
"2023-12-30",7,iPad mini (5th Generation),1912,Tablet
"2023-03-13",8,iPhone 14 Pro,1380,Smartphone
"2021-08-03",5,AirPods Pro,1167,Audio
"2023-06-04",1,Smart Cover for iPad,1014,Accessories
"2021-08-24",7,Mac Mini (M2),874,Desktop
"2021-02-18",7,MacBook,1149,Laptop
"2022-09-22",6,Mac Pro (Tower),458,Desktop
"2023-12-20",6,Apple Watch Hermès,1712,Wearable
"2020-04-22",9,iPhone 13 Pro,308,Smartphone
"2023-08-09",9,HomePod,1202,Smart Speaker
"2020-11-18",10,MacBook Pro 13-inch,1351,Laptop
"2022-01-01",8,Apple Watch Nike Edition,884,Wearable
"2023-11-12",3,iPad Pro 12.9-inch,1167,Tablet
"2022-10-05",6,AirTag,677,Accessories
"2023-10-29",10,iCloud,1181,Subscription Service
"2023-09-25",8,MacBook,1149,Laptop
"2021-09-29",2,AirPods (3rd Generation),1842,Audio
"2023-03-13",5,iPhone 14 Pro Max,678,Smartphone
"2020-12-16",6,Apple Watch Ultra,346,Wearable
"2021-12-02",2,iPad Pro 12.9-inch,1167,Tablet
"2021-10-23",10,AirPods (2nd Generation),504,Audio
"2023-07-18",10,iPad Air (5th Generation),1591,Tablet
"2021-02-15",1,Mac Mini,555,Desktop
"2021-12-10",9,HomePod (2nd Generation),689,Audio
"2024-10-07",7,MacBook,1149,Laptop
"2024-08-13",10,iPad Air (4th Generation),952,Tablet
"2022-05-12",7,Apple Watch Series 6,462,Wearable
"2023-05-07",5,Mac Studio,613,Desktop
"2020-06-16",10,MacBook Air (M1),1783,Laptop
"2023-03-16",2,iPhone 12 Pro Max,544,Smartphone
"2023-05-05",6,Apple Fitness+,923,Subscription Service
"2020-04-11",7,Apple Watch Series 9,1014,Wearable
"2023-03-06",10,MacBook Pro 14-inch,768,Laptop
"2023-06-09",5,MacBook Pro (Touch Bar),1304,Laptop
"2023-06-06",1,Mac Mini (M2),874,Desktop
"2023-01-30",6,iPad Pro (M2),1826,Tablet
"2023-10-23",7,iPhone 13,623,Smartphone
"2023-09-07",4,iPad Pro 12.9-inch,1167,Tablet
"2024-09-30",5,MacBook (Retina),231,Laptop
"2020-10-16",10,iPad mini (6th Generation),573,Tablet
"2021-06-20",9,MacBook Air (M1),1783,Laptop
"2021-04-23",4,Beats Fit Pro,1839,Audio
"2022-09-22",10,iPhone 14,1476,Smartphone
"2020-02-03",6,MacBook Air (M2),1588,Laptop
"2024-02-28",3,iPhone 14 Pro,1380,Smartphone
"2023-08-21",10,Apple Watch Series 7,1431,Wearable
"2022-07-26",2,Apple TV HD,1258,Streaming Device
"2024-01-10",5,iPhone 12 mini,1607,Smartphone
"2021-06-02",10,iPhone 14,1476,Smartphone
"2020-12-03",1,iPad Air (4th Generation),952,Tablet
"2022-03-17",9,Apple TV (3rd Generation),477,Streaming Device
"2020-11-13",6,Beats Studio Buds,762,Audio
"2022-11-07",1,Smart Cover for iPad,1014,Accessories
"2024-07-02",10,iPad mini (6th Generation),573,Tablet
"2020-05-02",10,Apple Music,1965,Subscription Service
"2020-01-14",4,Apple Watch Series 9,1014,Wearable
"2023-11-08",10,Apple TV (3rd Generation),477,Streaming Device
"2020-02-29",4,Apple TV+,404,Subscription Service
"2023-05-07",4,Magic Mouse,313,Accessories
"2023-07-02",9,Apple News+,253,Subscription Service
"2023-02-22",4,iPad (10th Generation),1735,Tablet
"2024-02-26",7,iPad (9th Generation),1949,Tablet
"2020-08-08",2,AirPods Max,1603,Audio
"2022-11-29",8,iPhone 13,623,Smartphone
"2021-04-22",3,Apple Fitness+,923,Subscription Service
"2021-10-09",3,iPad mini (6th Generation),573,Tablet
"2022-10-26",7,iMac 24-inch,449,Desktop
"2022-02-27",9,iPad (9th Generation),1949,Tablet
"2023-09-26",7,iPhone 13 Pro Max,820,Smartphone
"2023-05-21",9,MacBook,1149,Laptop
"2023-10-29",2,Smart Cover for iPad,1014,Accessories
"2023-07-11",4,Magic Trackpad,1242,Accessories
"2024-08-16",10,MagSafe Battery Pack,1389,Accessories
"2021-05-16",8,AirTag,677,Accessories
"2023-07-23",1,AirTag,677,Accessories
"2021-12-20",7,AirPods (3rd Generation),1842,Audio
"2023-01-13",5,iPad Pro 11-inch,1761,Tablet
"2020-06-20",2,Beats Fit Pro,1839,Audio
"2022-10-04",5,AirPods Pro,1167,Audio
"2022-03-19",4,iPad Air (4th Generation),952,Tablet
"2023-09-23",9,iPad mini (5th Generation),1912,Tablet
"2023-08-29",9,iPhone 12 Pro,1342,Smartphone
"2023-11-26",5,MacBook Air (Retina),1847,Laptop
"2024-06-24",10,Mac Studio,613,Desktop
"2022-02-13",1,Leather Case for iPhone,866,Accessories
"2021-11-10",10,Apple Watch Series 5,1296,Wearable
"2023-09-20",6,iPad (9th Generation),1949,Tablet
"2024-09-04",1,Mac Studio,613,Desktop
"2021-06-25",7,Apple Arcade,549,Subscription Service
"2023-05-29",3,Magic Keyboard with Touch ID,1162,Accessories
"2023-05-28",5,Apple Pencil (1st Generation),925,Accessories
"2023-12-30",1,MagSafe Battery Pack,1389,Accessories
"2023-10-14",10,AirPods Max,1603,Audio
"2023-10-18",5,AirTag,677,Accessories
"2024-03-01",8,iPad Air (5th Generation),1591,Tablet
"2020-12-08",4,Apple One,488,Subscription Service
"2024-06-14",3,MacBook (Retina),231,Laptop
"2023-02-25",8,iPhone 12 Pro Max,544,Smartphone
"2022-08-22",5,iPhone 14 Pro,1380,Smartphone
"2021-12-20",2,iPhone 12,1436,Smartphone
"2021-03-08",8,Apple Music,1965,Subscription Service
"2022-11-12",9,MagSafe Charger,1744,Accessories
"2020-10-19",4,iMac 27-inch,1918,Desktop
"2022-09-10",6,iPad mini (5th Generation),1912,Tablet
"2021-05-09",5,Apple TV HD,1258,Streaming Device
"2020-09-18",4,MacBook Air (Retina),1847,Laptop
"2023-07-22",8,Smart Cover for iPad,1014,Accessories
"2023-05-02",10,iPad Pro 12.9-inch,1167,Tablet
"2021-05-04",9,Mac Pro (Rack),1415,Desktop
"2024-10-05",2,Apple Watch Series 7,1431,Wearable
"2023-02-18",3,Apple TV HD,1258,Streaming Device
"2023-09-23",4,iMac with Retina Display,343,Desktop
"2024-05-21",1,Apple Watch Nike Edition,884,Wearable
"2023-05-21",8,MagSafe Battery Pack,1389,Accessories
"2020-06-29",7,MagSafe Charger,1744,Accessories
"2023-09-17",1,Apple Watch Hermès,1712,Wearable
"2022-11-20",10,iPad (9th Generation),1949,Tablet
"2024-06-19",2,HomePod,1202,Smart Speaker
"2020-02-06",5,Apple Watch Series 6,462,Wearable
"2021-03-08",9,MagSafe Battery Pack,1389,Accessories
"2020-05-28",1,HomePod,1202,Smart Speaker
"2020-04-08",7,Lightning to USB Cable,1434,Accessories
"2021-03-23",4,iMac 24-inch,449,Desktop
"2024-02-26",6,Mac Mini (M2),874,Desktop
"2021-07-17",7,Magic Keyboard with Touch ID,1162,Accessories
"2023-05-23",5,Smart Keyboard Folio,572,Accessories
"2021-01-22",8,HomePod (2nd Generation),689,Audio
"2022-10-13",10,Apple Watch Ultra,346,Wearable
"2020-05-29",6,iMac Pro,1081,Desktop
"2020-04-27",9,Apple Watch SE,1546,Wearable
"2022-07-29",3,Apple Watch Hermès,1712,Wearable
"2023-02-08",7,iPad Pro 12.9-inch,1167,Tablet
"2023-09-19",2,AirTag,677,Accessories
"2023-03-15",2,AirTag,677,Accessories
"2020-05-03",4,iPad Air (5th Generation),1591,Tablet
"2020-09-20",8,iPhone 13 Pro,308,Smartphone
"2021-01-28",4,MacBook Pro 13-inch,1351,Laptop
"2020-05-08",9,MagSafe Charger,1744,Accessories
"2024-01-03",3,iPad Pro 12.9-inch,1167,Tablet
"2023-07-18",9,iCloud,1181,Subscription Service
"2020-11-11",2,Beats Solo Pro,1773,Audio
"2021-08-27",2,iPad Pro (M2),1826,Tablet
"2020-01-23",7,Apple Watch Series 7,1431,Wearable
"2020-06-10",4,Apple Watch Ultra,346,Wearable
"2024-09-02",3,Apple TV (3rd Generation),477,Streaming Device
"2024-03-12",9,MacBook (Retina),231,Laptop
"2023-11-11",7,iPhone 13,623,Smartphone
"2023-01-20",6,MacBook Pro 16-inch,1179,Laptop
"2021-02-27",9,Apple Watch Series 9,1014,Wearable
"2020-12-22",2,iPad Pro 11-inch,1761,Tablet
"2024-03-14",8,Apple One,488,Subscription Service
"2021-10-10",2,Apple Arcade,549,Subscription Service
"2024-07-05",7,Apple TV 4K,1255,Streaming Device
"2020-06-07",1,iPhone 13,623,Smartphone
"2024-03-28",4,Magic Keyboard with Touch ID,1162,Accessories
"2024-08-16",5,Magic Trackpad,1242,Accessories
"2024-03-28",7,iMac Pro,1081,Desktop
"2023-01-20",6,Magic Mouse,313,Accessories
"2023-06-27",5,Mac Mini,555,Desktop
"2020-12-10",1,Mac Pro (Tower),458,Desktop
"2021-09-23",7,iPad Air (4th Generation),952,Tablet
"2021-10-28",9,iMac with Retina Display,343,Desktop
"2020-10-10",4,iPhone 13 Pro Max,820,Smartphone
"2020-09-20",4,Apple Music,1965,Subscription Service
"2020-01-28",8,MagSafe Battery Pack,1389,Accessories
"2022-12-15",9,iPhone 13 mini,1092,Smartphone
"2023-05-26",8,AirPods Pro (2nd Generation),696,Audio
"2024-04-23",9,Apple Watch Series 8,1631,Wearable
"2023-08-02",7,iMac with Retina Display,343,Desktop
"2023-01-23",7,Apple Watch Series 9,1014,Wearable
"2021-08-18",9,AirPods Pro (2nd Generation),696,Audio
"2023-12-17",5,Magic Trackpad,1242,Accessories
"2023-09-11",4,HomePod mini,266,Smart Speaker
"2020-10-14",8,MagSafe Battery Pack,1389,Accessories
"2024-10-13",4,Silicone Case for iPhone,1210,Accessories
"2024-09-14",8,Mac Studio,613,Desktop
"2022-10-16",10,Mac Mini (M2),874,Desktop
"2023-01-14",3,MagSafe Battery Pack,1389,Accessories
"2024-06-09",2,iPhone 13 Pro Max,820,Smartphone
"2023-03-25",4,Magic Trackpad,1242,Accessories
"2020-05-03",8,Mac Mini,555,Desktop
"2022-12-07",7,MacBook Pro 16-inch,1179,Laptop
"2020-04-02",5,Beats Powerbeats Pro,1060,Audio
"2020-10-07",6,Apple Watch Hermès,1712,Wearable
"2021-01-02",2,Apple Pencil (2nd Generation),1506,Accessories
"2022-03-07",10,Apple Music,1965,Subscription Service
"2023-04-14",4,MacBook Air (M1),1783,Laptop
"2024-07-06",4,MacBook Pro 13-inch,1351,Laptop
"2020-11-02",2,Magic Trackpad,1242,Accessories
"2024-07-14",4,HomePod (2nd Generation),689,Audio
"2023-11-16",5,Apple Watch Series 6,462,Wearable
"2021-08-18",7,AirPods Max,1603,Audio
"2021-04-26",4,iPad Pro (M2),1826,Tablet
"2020-02-22",2,Smart Cover for iPad,1014,Accessories
"2020-06-28",4,Apple Pencil (2nd Generation),1506,Accessories
"2023-09-26",7,Apple Pencil (1st Generation),925,Accessories
"2024-07-08",4,Apple One,488,Subscription Service
"2022-01-13",6,iPhone 13 mini,1092,Smartphone
"2020-10-11",2,iPhone SE (3rd Generation),923,Smartphone
"2022-06-06",2,Apple Watch Series 9,1014,Wearable
"2021-02-17",7,MacBook Pro (Touch Bar),1304,Laptop
"2022-08-08",7,Beats Fit Pro,1839,Audio
"2023-07-25",1,MacBook Pro 16-inch,1179,Laptop
"2022-04-02",9,Apple TV (3rd Generation),477,Streaming Device
"2020-02-12",8,iPad mini (5th Generation),1912,Tablet
"2020-10-25",9,iPad Pro 12.9-inch,1167,Tablet
"2020-05-13",10,iPhone 13 mini,1092,Smartphone
"2024-03-21",5,Apple News+,253,Subscription Service
"2020-07-10",10,MacBook Pro 13-inch,1351,Laptop
"2021-02-20",2,AirPods Max,1603,Audio
"2021-03-16",2,Apple Watch Series 6,462,Wearable
"2024-11-06",5,Beats Powerbeats Pro,1060,Audio
"2024-10-02",7,MacBook (Retina),231,Laptop
"2022-10-07",6,iPad Pro (M2),1826,Tablet
"2022-06-27",1,AirPods (2nd Generation),504,Audio
"2020-02-14",6,iCloud,1181,Subscription Service
"2022-05-28",5,MagSafe Battery Pack,1389,Accessories
"2020-02-10",5,Mac Pro (2023),681,Desktop
"2020-08-05",7,Beats Fit Pro,1839,Audio
"2022-02-22",1,HomePod (2nd Generation),689,Audio
"2020-12-01",1,iMac 24-inch,449,Desktop
"2024-02-05",9,iMac 27-inch,1918,Desktop
"2020-04-22",2,MacBook Pro 14-inch,768,Laptop
"2024-06-11",4,iPad mini (6th Generation),573,Tablet
"2021-04-08",5,Beats Powerbeats Pro,1060,Audio
"2021-12-20",8,iPhone 14 Pro,1380,Smartphone
"2024-02-28",3,HomePod mini,266,Smart Speaker
"2022-10-09",6,AirTag,677,Accessories
"2022-05-27",2,iPad mini (6th Generation),573,Tablet
"2020-09-09",8,Apple Pencil (2nd Generation),1506,Accessories
"2023-09-20",1,Apple Music,1965,Subscription Service
"2021-12-07",1,iMac 24-inch,449,Desktop
"2022-05-15",1,Apple Watch SE,1546,Wearable
"2024-01-07",4,iPhone 12,1436,Smartphone
"2024-04-28",2,Apple Fitness+,923,Subscription Service
"2021-01-17",9,Apple Watch Series 7,1431,Wearable
"2021-09-15",10,iPad (9th Generation),1949,Tablet
"2022-07-12",6,iPad Pro (M1),1329,Tablet
"2022-05-06",5,HomePod,1202,Smart Speaker
"2021-05-04",4,Beats Powerbeats Pro,1060,Audio
"2022-01-23",6,Apple TV (3rd Generation),477,Streaming Device
"2021-04-01",2,HomePod mini,266,Smart Speaker
"2020-06-29",3,Apple Music,1965,Subscription Service
"2023-01-25",4,iPad (10th Generation),1735,Tablet
"2023-03-26",5,MacBook Pro (Touch Bar),1304,Laptop
"2020-07-30",1,Apple TV+,404,Subscription Service
"2020-01-21",2,Apple TV HD,1258,Streaming Device
"2021-09-10",9,iPhone 13 Pro Max,820,Smartphone
"2024-07-02",7,iPad Pro (M2),1826,Tablet
"2022-11-13",8,MagSafe Charger,1744,Accessories
"2020-03-07",4,Beats Studio Buds,762,Audio
"2022-09-26",10,HomePod (2nd Generation),689,Audio
"2024-06-04",3,Apple One,488,Subscription Service
"2022-04-15",10,Apple Music,1965,Subscription Service
"2020-12-09",2,iPhone 14,1476,Smartphone
"2023-07-18",6,AirPods Pro (2nd Generation),696,Audio
"2023-01-09",10,iPhone 14,1476,Smartphone
"2021-11-03",7,iPhone SE (3rd Generation),923,Smartphone
"2024-10-16",9,iPad Air (4th Generation),952,Tablet
"2023-03-18",9,iPhone 12 Pro,1342,Smartphone
"2024-04-15",4,Apple Watch Series 7,1431,Wearable
"2021-12-22",6,Mac Pro (Tower),458,Desktop
"2020-02-13",2,iPhone 12,1436,Smartphone
"2022-11-02",7,iPad mini (6th Generation),573,Tablet
"2024-08-09",1,Lightning to USB Cable,1434,Accessories
"2022-02-18",4,Apple Fitness+,923,Subscription Service
"2020-06-22",4,Smart Cover for iPad,1014,Accessories
"2022-04-25",10,iPad Air (4th Generation),952,Tablet
"2021-07-24",9,MacBook Pro 13-inch,1351,Laptop
"2020-08-09",7,iPhone 14 Plus,1259,Smartphone
"2023-07-09",3,AirPods Pro (2nd Generation),696,Audio
"2024-10-26",9,MacBook Pro (Touch Bar),1304,Laptop
"2022-03-04",5,iMac Pro,1081,Desktop
"2023-04-07",6,AirTag,677,Accessories
"2022-07-14",7,Apple Watch Series 5,1296,Wearable
"2022-03-18",7,iPhone 14 Plus,1259,Smartphone
"2023-09-30",2,iPhone 14 Plus,1259,Smartphone
"2024-05-11",4,Beats Solo Pro,1773,Audio
"2024-09-08",6,Apple Fitness+,923,Subscription Service
"2021-08-18",1,iMac 27-inch,1918,Desktop
"2022-08-30",7,AirPods (3rd Generation),1842,Audio
"2021-06-24",1,Apple Arcade,549,Subscription Service
"2022-01-29",6,iMac 24-inch,449,Desktop
"2023-03-22",3,Smart Keyboard Folio,572,Accessories
"2021-12-23",7,Apple Fitness+,923,Subscription Service
"2022-04-22",2,MagSafe Charger,1744,Accessories
"2023-01-02",2,Apple TV 4K,1255,Streaming Device
"2023-11-16",10,AirPods Pro (2nd Generation),696,Audio
"2022-08-07",10,Apple Pencil (1st Generation),925,Accessories
"2022-08-02",5,iPhone 13 Pro Max,820,Smartphone
"2020-08-28",7,HomePod,1202,Smart Speaker
"2021-10-05",7,MacBook Pro 16-inch,1179,Laptop
"2023-09-26",3,Silicone Case for iPhone,1210,Accessories
"2022-02-28",7,iMac with Retina Display,343,Desktop
"2024-02-12",2,Mac Mini,555,Desktop
"2024-09-10",2,HomePod mini,438,Audio
"2023-09-30",10,Mac Pro (Rack),1415,Desktop
"2020-08-04",9,Apple One,488,Subscription Service
"2020-05-30",6,iPad mini (6th Generation),573,Tablet
"2023-02-10",5,Magic Keyboard with Touch ID,1162,Accessories
"2023-05-01",3,iPad (10th Generation),1735,Tablet
"2021-01-03",10,AirPods Max,1603,Audio
"2024-09-27",4,MagSafe Battery Pack,1389,Accessories
"2022-07-29",8,iPhone 12,1436,Smartphone
"2024-05-13",4,AirPods (3rd Generation),1842,Audio
"2024-01-14",9,iPad Air (4th Generation),952,Tablet
"2020-03-22",7,MacBook Pro 16-inch,1179,Laptop
"2024-09-26",9,Mac Pro (Tower),458,Desktop
"2020-11-10",2,AirPods Pro,1167,Audio
"2021-02-13",3,Apple Watch Ultra,346,Wearable
"2023-05-19",6,iPad Air (5th Generation),1591,Tablet
"2023-09-29",9,Apple Watch SE,1546,Wearable
"2024-01-13",8,Magic Keyboard,368,Accessories
"2020-07-24",7,Leather Case for iPhone,866,Accessories
"2024-04-13",6,iPhone 13 mini,1092,Smartphone
"2022-12-26",10,MacBook Pro 16-inch,1179,Laptop
"2023-06-29",5,iPhone 12,1436,Smartphone
"2023-10-14",9,Apple Watch Series 9,1014,Wearable
"2020-10-28",9,Beats Fit Pro,1839,Audio
"2020-08-25",4,MacBook Pro (Touch Bar),1304,Laptop
"2022-02-05",4,Apple TV HD,1258,Streaming Device
"2022-09-11",1,MacBook Pro 13-inch,1351,Laptop
"2024-05-08",2,Apple Fitness+,923,Subscription Service
"2022-01-09",10,MagSafe Charger,1744,Accessories
"2021-05-20",4,Apple Fitness+,923,Subscription Service
"2022-04-18",7,Mac Pro (Rack),1415,Desktop
"2023-12-20",9,iPhone SE (3rd Generation),923,Smartphone
"2023-06-27",4,Leather Case for iPhone,866,Accessories
"2020-09-07",4,Apple TV+,404,Subscription Service
"2024-01-31",8,iPhone SE (3rd Generation),923,Smartphone
"2020-07-21",9,iMac with Retina Display,343,Desktop
"2024-02-01",2,Apple TV+,404,Subscription Service
"2022-05-15",7,iPhone 13 mini,1092,Smartphone
"2021-11-23",4,iPad Pro 12.9-inch,1167,Tablet
"2024-08-27",5,Apple TV+,404,Subscription Service
"2020-07-13",10,iPad mini (6th Generation),573,Tablet
"2021-01-07",4,Apple TV+,404,Subscription Service
"2021-08-15",10,iPad mini (6th Generation),573,Tablet
"2023-03-17",4,HomePod mini,438,Audio
"2022-04-25",10,Mac Pro (Rack),1415,Desktop
"2020-07-31",7,Apple TV (3rd Generation),477,Streaming Device
"2022-07-04",9,AirPods Pro (2nd Generation),696,Audio
"2020-04-09",1,MacBook Pro 16-inch,1179,Laptop
"2022-09-25",5,Mac Studio,613,Desktop
"2024-06-26",2,MacBook (Retina),231,Laptop
"2023-07-09",8,Apple Pencil (1st Generation),925,Accessories
"2024-06-23",3,iPhone 12,1436,Smartphone
"2024-03-25",1,MacBook (Retina),231,Laptop
"2022-05-26",7,iMac Pro,1081,Desktop
"2020-04-04",4,AirPods Pro (2nd Generation),696,Audio
"2022-12-08",4,Apple Pencil (2nd Generation),1506,Accessories
"2022-01-20",2,MacBook Air (M1),1783,Laptop
"2020-03-31",5,iPhone 14 Plus,1259,Smartphone
"2022-08-09",8,Apple Pencil (1st Generation),925,Accessories
"2022-07-24",2,Beats Fit Pro,1839,Audio
"2023-12-20",10,AirPods Max,1603,Audio
"2022-03-26",10,Apple Watch Series 8,1631,Wearable
"2021-12-10",6,AirPods (2nd Generation),504,Audio
"2022-11-25",5,Beats Fit Pro,1839,Audio
"2024-10-16",2,Apple Arcade,549,Subscription Service
"2022-07-17",4,MacBook Pro 13-inch,1351,Laptop
"2022-06-23",9,iMac with Retina Display,343,Desktop
"2023-06-17",7,MacBook (Retina),231,Laptop
"2023-04-13",3,AirPods Pro (2nd Generation),696,Audio
"2024-09-17",8,iPhone 13 Pro Max,820,Smartphone
"2022-01-21",1,Magic Keyboard with Touch ID,1162,Accessories
"2023-08-02",5,Apple Watch Nike Edition,884,Wearable
"2023-10-09",1,Apple Fitness+,923,Subscription Service
"2023-12-01",9,AirPods Pro (2nd Generation),696,Audio
"2022-01-30",6,Lightning to USB Cable,1434,Accessories
"2023-12-18",3,Apple TV+,404,Subscription Service
"2024-04-01",2,iPhone 12 mini,1607,Smartphone
"2022-02-10",6,Apple TV (3rd Generation),477,Streaming Device
"2024-04-03",9,MacBook Pro (Touch Bar),1304,Laptop
"2024-04-04",6,Smart Cover for iPad,1014,Accessories
"2021-08-03",9,Magic Trackpad,1242,Accessories
"2024-05-31",9,Apple Watch Series 7,1431,Wearable
"2021-02-01",6,iMac 27-inch,1918,Desktop
"2020-11-07",1,Magic Keyboard with Touch ID,1162,Accessories
"2023-05-25",7,HomePod mini,266,Smart Speaker
"2023-08-15",1,HomePod (2nd Generation),689,Audio
"2023-04-07",8,HomePod,1202,Smart Speaker
"2020-04-04",5,Smart Cover for iPad,1014,Accessories
"2021-06-20",5,Apple Pencil (1st Generation),925,Accessories
"2020-05-28",1,Beats Studio Buds,762,Audio
"2024-05-03",6,Apple Pencil (2nd Generation),1506,Accessories
"2020-12-16",3,iMac 24-inch,449,Desktop
"2022-05-24",7,Apple Watch Series 9,1014,Wearable
"2020-07-09",6,iPad (9th Generation),1949,Tablet
"2024-06-01",10,AirPods Max,1603,Audio
"2023-02-25",3,iPhone 14 Plus,1259,Smartphone
"2020-02-28",8,HomePod,1202,Smart Speaker
"2021-06-23",3,MacBook Air (Retina),1847,Laptop
"2023-08-29",7,HomePod (2nd Generation),689,Audio
"2022-10-02",8,Magic Keyboard with Touch ID,1162,Accessories
"2020-04-02",7,iPhone 13 Pro,308,Smartphone
"2023-05-29",3,iPhone 13 mini,1092,Smartphone
"2023-03-12",5,Apple Watch Ultra,346,Wearable
"2023-05-16",6,MacBook Pro 16-inch,1179,Laptop
"2023-08-26",2,iMac Pro,1081,Desktop
"2024-07-31",2,iPad mini (6th Generation),573,Tablet
"2021-02-28",2,iPad Pro (M1),1329,Tablet
"2024-01-25",1,MacBook Air (M1),1783,Laptop
"2024-02-07",9,iPhone 12 mini,1607,Smartphone
"2020-09-19",6,iPad (10th Generation),1735,Tablet
"2021-12-29",6,iPad (9th Generation),1949,Tablet
"2020-02-04",5,AirPods Pro,1167,Audio
"2022-09-08",7,Leather Case for iPhone,866,Accessories
"2022-03-31",9,Apple Watch Series 6,462,Wearable
"2023-01-05",6,Apple Watch Ultra,346,Wearable
"2020-06-21",3,Mac Mini (M2),874,Desktop
"2021-03-10",4,iPad mini (5th Generation),1912,Tablet
"2021-11-23",6,MagSafe Charger,1744,Accessories
"2022-04-07",9,iPhone 13 mini,1092,Smartphone
"2020-03-10",1,iPhone 13,623,Smartphone
"2023-08-30",7,iCloud,1181,Subscription Service
"2023-10-29",7,Mac Studio,613,Desktop
"2021-08-23",8,iPad Pro 12.9-inch,1167,Tablet
"2022-05-05",2,iCloud,1181,Subscription Service
"2024-09-07",1,Silicone Case for iPhone,1210,Accessories
"2022-04-05",7,Apple Pencil (1st Generation),925,Accessories
"2022-07-23",10,MacBook Pro 16-inch,1179,Laptop
"2022-12-08",2,AirPods Pro (2nd Generation),696,Audio
"2021-12-30",3,MacBook Pro 14-inch,768,Laptop
"2021-04-29",9,iPhone 14 Plus,1259,Smartphone
"2023-01-29",5,Beats Fit Pro,1839,Audio
"2020-08-04",4,Leather Case for iPhone,866,Accessories
"2023-07-12",3,Apple TV+,404,Subscription Service
"2022-01-05",8,Lightning to USB Cable,1434,Accessories
"2023-02-12",3,Beats Solo Pro,1773,Audio
"2021-07-09",9,Apple Watch Series 5,1296,Wearable
"2022-09-21",2,iPhone 14,1476,Smartphone
"2022-08-06",6,iMac 27-inch,1918,Desktop
"2021-06-24",5,iPhone 12,1436,Smartphone
"2024-09-10",4,iMac 24-inch,449,Desktop
"2023-06-01",7,Silicone Case for iPhone,1210,Accessories
"2023-10-19",7,Apple Arcade,549,Subscription Service
"2020-08-08",9,Apple TV 4K,1255,Streaming Device
"2023-08-22",7,MacBook (Retina),231,Laptop
"2023-08-18",7,AirTag,677,Accessories
"2024-03-07",7,Apple Watch Nike Edition,884,Wearable
"2023-08-31",10,iMac 24-inch,449,Desktop
"2020-02-12",5,Apple One,488,Subscription Service
"2024-08-26",8,Apple One,488,Subscription Service
"2023-07-23",8,MacBook Pro 13-inch,1351,Laptop
"2020-03-22",3,HomePod mini,266,Smart Speaker
"2022-06-25",2,HomePod mini,438,Audio
"2021-05-30",10,iPhone SE (3rd Generation),923,Smartphone
"2024-03-11",8,Mac Pro (Rack),1415,Desktop
"2023-09-16",8,iPhone 12 Pro,1342,Smartphone
"2024-09-24",6,Apple Watch Nike Edition,884,Wearable
"2023-10-22",10,Leather Case for iPhone,866,Accessories
"2023-02-16",8,AirTag,677,Accessories
"2021-08-19",6,Magic Mouse,313,Accessories
"2024-11-05",8,MacBook Air (Retina),1847,Laptop
"2024-07-06",10,iMac 27-inch,1918,Desktop
"2024-05-18",2,MacBook Air (Retina),1847,Laptop
"2020-10-08",2,AirPods (3rd Generation),1842,Audio
"2022-06-14",9,Apple Watch Hermès,1712,Wearable
"2022-05-27",6,Apple Pencil (1st Generation),925,Accessories
"2022-01-26",3,MacBook Pro (Touch Bar),1304,Laptop
"2021-11-02",9,MacBook Pro (Touch Bar),1304,Laptop
"2024-11-05",3,iPad Pro (M1),1329,Tablet
"2024-06-24",3,Apple News+,253,Subscription Service
"2022-09-05",10,iPad Air (5th Generation),1591,Tablet
"2024-04-07",2,iPhone 14 Pro,1380,Smartphone
"2020-02-22",6,Apple Watch Series 5,1296,Wearable
"2023-01-16",6,Apple Watch Nike Edition,884,Wearable
"2023-08-20",10,Apple Watch Hermès,1712,Wearable
"2024-11-10",4,Apple Fitness+,923,Subscription Service
"2023-11-16",4,Apple TV+,404,Subscription Service
"2023-04-22",9,Beats Studio Buds,762,Audio
"2023-05-19",5,MagSafe Charger,1744,Accessories
"2023-02-13",10,Apple News+,253,Subscription Service
"2021-08-09",1,iPad Pro (M1),1329,Tablet
"2021-09-10",5,Magic Mouse,313,Accessories
"2023-09-10",10,Apple News+,253,Subscription Service
"2021-11-05",5,iPhone 14,1476,Smartphone
"2022-09-02",5,iPhone 13 mini,1092,Smartphone
"2020-01-02",8,Mac Mini (M2),874,Desktop
"2020-03-16",10,MacBook (Early 2015),741,Laptop
"2022-07-04",4,iMac Pro,1081,Desktop
"2022-12-03",4,Apple Watch Hermès,1712,Wearable
"2023-01-13",10,Apple Watch SE,1546,Wearable
"2022-04-08",9,Apple TV (3rd Generation),477,Streaming Device
"2021-07-04",10,Apple TV (3rd Generation),477,Streaming Device
"2022-12-18",10,Beats Powerbeats Pro,1060,Audio
"2023-04-16",1,iPhone 13 mini,1092,Smartphone
"2023-04-07",3,iPhone 12,1436,Smartphone
"2024-10-21",4,iPad Pro (M2),1826,Tablet
"2020-03-15",10,iPad Pro (M1),1329,Tablet
"2022-02-09",4,iPad mini (6th Generation),573,Tablet
"2021-12-07",7,AirPods (2nd Generation),504,Audio
"2022-09-27",5,Apple Watch SE,1546,Wearable
"2021-11-07",3,MacBook Pro 16-inch,1179,Laptop
"2021-03-24",7,iPad Pro 11-inch,1761,Tablet
"2023-11-26",2,iMac 24-inch,449,Desktop
"2023-12-03",1,iPad (9th Generation),1949,Tablet
"2022-09-27",9,Beats Fit Pro,1839,Audio
"2024-10-16",6,iPad (10th Generation),1735,Tablet
"2023-08-12",7,Apple One,488,Subscription Service
"2021-06-06",1,iCloud,1181,Subscription Service
"2024-08-29",6,Lightning to USB Cable,1434,Accessories
"2022-05-16",3,iPad Air (4th Generation),952,Tablet
"2020-04-11",9,iMac 24-inch,449,Desktop
"2021-10-16",10,Magic Keyboard with Touch ID,1162,Accessories
"2020-07-20",2,iPhone 12 Pro Max,544,Smartphone
"2020-10-02",5,Beats Studio Buds,762,Audio
"2023-01-27",1,iPad (9th Generation),1949,Tablet
"2023-12-09",3,Apple Watch Series 8,1631,Wearable
"2022-06-11",9,Apple Pencil (2nd Generation),1506,Accessories
"2023-06-04",10,Apple Arcade,549,Subscription Service
"2020-05-12",3,Apple Watch Ultra,346,Wearable
"2024-08-03",5,Apple Fitness+,923,Subscription Service
"2022-08-22",9,AirPods Pro,1167,Audio
"2024-02-26",4,iMac Pro,1081,Desktop
"2023-09-16",1,iMac 24-inch,449,Desktop
"2023-08-03",6,Apple TV HD,1258,Streaming Device
"2023-03-16",7,iPad Air (4th Generation),952,Tablet
"2021-03-28",9,MacBook,1149,Laptop
"2023-06-08",1,MacBook Pro 13-inch,1351,Laptop
"2021-07-17",7,iPhone 14 Pro Max,678,Smartphone
"2024-06-11",6,iMac Pro,1081,Desktop
"2022-04-13",5,Mac Mini,555,Desktop
"2022-01-09",4,iPad (9th Generation),1949,Tablet
"2024-07-23",5,MacBook (Retina),231,Laptop
"2020-10-29",9,MacBook Air (M1),1783,Laptop
"2022-01-14",3,Silicone Case for iPhone,1210,Accessories
"2023-04-05",8,Mac Studio,613,Desktop
"2023-07-19",1,Mac Mini,555,Desktop
"2021-05-07",6,Apple Watch SE,1546,Wearable
"2024-11-08",5,Mac Mini,555,Desktop
"2021-08-18",5,Smart Cover for iPad,1014,Accessories
"2020-06-15",1,iPhone 12,1436,Smartphone
"2024-03-26",6,iPad Air (4th Generation),952,Tablet
"2021-05-10",10,Apple Pencil (1st Generation),925,Accessories
"2022-05-25",10,AirPods (3rd Generation),1842,Audio
"2020-01-07",7,iPhone 13,623,Smartphone
"2024-01-07",6,MacBook Pro 14-inch,768,Laptop
"2024-01-21",3,HomePod mini,438,Audio
"2021-01-18",7,iPhone 12 Pro,1342,Smartphone
"2023-12-17",7,Apple Arcade,549,Subscription Service
"2023-02-09",10,Mac Pro (Tower),458,Desktop
"2022-07-19",3,Magic Keyboard,368,Accessories
"2020-11-03",5,Apple TV+,404,Subscription Service
"2022-12-26",7,Apple Watch Ultra,346,Wearable
"2022-11-25",1,Mac Pro (2023),681,Desktop
"2022-08-06",7,Mac Pro (Rack),1415,Desktop
"2023-02-01",9,iPhone 14 Pro Max,678,Smartphone
"2022-11-04",8,iMac 27-inch,1918,Desktop
"2021-03-19",2,Apple Watch Series 8,1631,Wearable
"2020-05-19",7,Beats Studio Buds,762,Audio
"2024-06-04",1,iPhone 13 Pro Max,820,Smartphone
"2023-08-12",7,iPhone 12,1436,Smartphone
"2022-01-16",6,Mac Pro (Tower),458,Desktop
"2020-08-16",7,Mac Studio,613,Desktop
"2024-03-01",3,Smart Cover for iPad,1014,Accessories
"2021-04-12",7,iPhone 13 mini,1092,Smartphone
"2021-12-03",2,iPad Pro 12.9-inch,1167,Tablet
"2020-08-12",5,iCloud,1181,Subscription Service
"2022-09-13",6,iMac 27-inch,1918,Desktop
"2020-09-09",4,Apple Watch Series 6,462,Wearable
"2022-05-23",1,Apple Arcade,549,Subscription Service
"2021-08-10",6,Apple Watch SE,1546,Wearable
"2020-05-06",4,HomePod,1202,Smart Speaker
"2024-11-02",1,Apple Watch Series 7,1431,Wearable
"2023-08-10",3,MagSafe Battery Pack,1389,Accessories
"2022-07-25",7,iPad (10th Generation),1735,Tablet
"2022-04-14",4,AirPods Pro (2nd Generation),696,Audio
"2022-12-11",2,Apple Watch Ultra,346,Wearable
"2023-04-27",5,MagSafe Battery Pack,1389,Accessories
"2020-10-30",4,HomePod,1202,Smart Speaker
"2021-03-07",2,Apple TV 4K,1255,Streaming Device
"2020-01-15",7,Apple Watch Hermès,1712,Wearable
"2020-10-27",3,iPhone 14 Plus,1259,Smartphone
"2021-01-04",10,AirPods (3rd Generation),1842,Audio
"2021-01-16",8,Mac Pro (Rack),1415,Desktop
"2021-10-02",7,Mac Pro (Rack),1415,Desktop
"2022-10-15",3,Magic Keyboard,368,Accessories
"2022-08-15",7,Apple Pencil (2nd Generation),1506,Accessories
"2023-06-12",6,Mac Pro (Rack),1415,Desktop
"2024-01-14",9,iPhone 14,1476,Smartphone
"2021-07-15",9,Apple Watch Nike Edition,884,Wearable
"2022-05-03",6,Apple TV HD,1258,Streaming Device
"2022-06-23",6,iPhone 14 Plus,1259,Smartphone
"2024-07-17",4,Apple TV (3rd Generation),477,Streaming Device
"2022-03-06",9,iPad mini (5th Generation),1912,Tablet
"2024-04-13",3,iPad (10th Generation),1735,Tablet
"2020-05-15",7,iPad Air (5th Generation),1591,Tablet
"2021-09-03",6,Apple Watch SE,1546,Wearable
"2024-04-17",5,iMac 24-inch,449,Desktop
"2022-12-22",7,Apple Music,1965,Subscription Service
"2024-09-09",2,iMac 27-inch,1918,Desktop
"2021-11-11",5,Magic Trackpad,1242,Accessories
"2024-09-13",3,Apple Watch SE,1546,Wearable
"2024-04-28",8,MacBook,1149,Laptop
"2022-11-25",1,iPhone 13 mini,1092,Smartphone
"2024-08-14",2,MacBook,1149,Laptop
"2022-05-30",5,HomePod,1202,Smart Speaker
"2020-03-22",7,iPhone 13 Pro Max,820,Smartphone
"2024-05-22",7,AirPods Pro (2nd Generation),696,Audio
"2024-01-20",10,MacBook Pro (Touch Bar),1304,Laptop
"2024-09-11",8,iPad mini (6th Generation),573,Tablet
"2022-08-15",4,Apple Watch Hermès,1712,Wearable
"2024-08-20",2,iPhone 13 Pro,308,Smartphone
"2023-01-04",5,Apple TV (3rd Generation),477,Streaming Device
"2024-09-21",9,AirPods Pro,1167,Audio
"2022-03-22",9,HomePod,1202,Smart Speaker
"2020-06-12",9,iPhone 12 Pro Max,544,Smartphone
"2020-09-11",9,Magic Keyboard with Touch ID,1162,Accessories
"2024-10-11",1,iMac 24-inch,449,Desktop
"2022-02-13",7,iPad Air (4th Generation),952,Tablet
"2024-04-02",3,Mac Mini,555,Desktop
"2021-09-30",2,MacBook (Early 2015),741,Laptop
"2024-02-07",2,Apple Watch Series 6,462,Wearable
"2021-06-14",6,iPhone 12 Pro,1342,Smartphone
"2024-10-04",3,MagSafe Charger,1744,Accessories
"2020-06-11",7,iPad Pro 12.9-inch,1167,Tablet
"2024-03-08",3,MacBook Pro (Touch Bar),1304,Laptop
"2020-04-26",6,iMac 24-inch,449,Desktop
"2020-10-23",8,iPad Pro (M2),1826,Tablet
"2024-08-14",1,Beats Studio Buds,762,Audio
"2023-10-02",2,Mac Mini,555,Desktop
"2024-07-28",9,iPhone 13,623,Smartphone
"2022-05-01",8,Mac Studio,613,Desktop
"2021-01-23",3,AirPods Pro,1167,Audio
"2023-12-23",4,iPhone 12,1436,Smartphone
"2024-07-30",2,iPad (10th Generation),1735,Tablet
"2022-01-31",8,MacBook Air (M2),1588,Laptop
"2022-10-09",2,MagSafe Battery Pack,1389,Accessories
"2024-03-27",9,iMac with Retina Display,343,Desktop
"2023-10-17",4,Mac Mini (M2),874,Desktop
"2021-06-22",8,iPhone 13,623,Smartphone
"2020-09-06",2,iPad mini (6th Generation),573,Tablet
"2023-05-20",1,Beats Powerbeats Pro,1060,Audio
"2022-01-15",7,Magic Trackpad,1242,Accessories
"2020-04-25",10,Apple Watch Ultra,346,Wearable
"2023-07-02",10,Mac Pro (2023),681,Desktop
"2022-07-21",3,Beats Powerbeats Pro,1060,Audio
"2022-07-23",4,Apple Watch Ultra,346,Wearable
"2020-03-09",7,iMac 24-inch,449,Desktop
"2021-06-23",3,iPad Pro 12.9-inch,1167,Tablet
"2024-08-12",10,Apple Watch Series 9,1014,Wearable
"2020-10-20",3,HomePod,1202,Smart Speaker
"2022-05-28",8,Magic Trackpad,1242,Accessories
"2020-05-23",10,iPhone 13 mini,1092,Smartphone
"2023-02-18",8,Apple Watch Series 7,1431,Wearable
"2020-01-24",3,Magic Trackpad,1242,Accessories
"2023-08-22",3,Smart Cover for iPad,1014,Accessories
"2020-07-20",8,Apple Arcade,549,Subscription Service
"2022-07-09",9,Beats Powerbeats Pro,1060,Audio
"2021-02-18",10,Apple TV HD,1258,Streaming Device
"2020-02-25",6,AirPods Pro (2nd Generation),696,Audio
"2022-02-11",4,HomePod mini,266,Smart Speaker
"2023-07-19",9,Beats Powerbeats Pro,1060,Audio
"2024-05-17",6,MacBook (Early 2015),741,Laptop
"2020-06-06",7,Apple Watch Series 8,1631,Wearable
"2024-05-03",7,MacBook (Early 2015),741,Laptop
"2021-04-13",9,iPad (10th Generation),1735,Tablet
"2024-03-17",6,iMac with Retina Display,343,Desktop
"2024-08-12",6,Mac Mini (M2),874,Desktop
"2024-06-24",5,MacBook Air (M1),1783,Laptop
"2021-05-25",2,Apple One,488,Subscription Service
"2024-09-30",4,Smart Cover for iPad,1014,Accessories
"2021-09-23",1,MacBook Pro (Touch Bar),1304,Laptop
"2024-01-14",5,AirPods Pro,1167,Audio
"2020-10-14",9,Beats Fit Pro,1839,Audio
"2020-03-22",5,MagSafe Battery Pack,1389,Accessories
"2022-11-15",1,Lightning to USB Cable,1434,Accessories
"2022-02-15",10,iCloud,1181,Subscription Service
"2022-08-26",4,AirPods Pro,1167,Audio
"2021-12-01",3,iPad Air (4th Generation),952,Tablet
"2022-08-18",3,MacBook Pro 13-inch,1351,Laptop
"2021-05-10",10,iMac 24-inch,449,Desktop
"2024-10-05",7,MacBook Air (M2),1588,Laptop
"2022-12-21",4,Apple Arcade,549,Subscription Service
"2020-08-27",1,AirPods (2nd Generation),504,Audio
"2022-11-05",10,HomePod,1202,Smart Speaker
"2023-11-26",3,iPhone 12 Pro Max,544,Smartphone
"2024-10-14",5,AirTag,677,Accessories
"2023-10-25",1,Leather Case for iPhone,866,Accessories
"2023-12-12",3,MacBook Pro (Touch Bar),1304,Laptop
"2022-01-03",8,iPad Pro (M1),1329,Tablet
"2023-02-28",6,Beats Fit Pro,1839,Audio
"2022-01-16",1,iPhone 13 Pro,308,Smartphone
"2021-02-10",9,Magic Mouse,313,Accessories
"2023-09-17",6,HomePod (2nd Generation),689,Audio
"2023-02-10",5,Apple Watch SE,1546,Wearable
"2022-03-10",1,MacBook Air (M2),1588,Laptop
"2024-05-04",1,Apple Watch Series 9,1014,Wearable
"2024-02-01",9,MacBook Pro 14-inch,768,Laptop
"2022-04-08",2,MacBook Air (Retina),1847,Laptop
"2024-07-14",4,Apple Watch SE,1546,Wearable
"2022-01-12",1,iPhone SE (3rd Generation),923,Smartphone
"2022-08-29",3,Mac Mini,555,Desktop
"2023-01-12",1,Apple TV (3rd Generation),477,Streaming Device
"2023-10-28",1,AirPods Pro,1167,Audio
"2024-08-10",8,Apple Watch Series 7,1431,Wearable
"2024-06-27",8,MagSafe Battery Pack,1389,Accessories
"2020-11-15",7,iPad Pro 11-inch,1761,Tablet
"2023-07-30",1,Apple News+,253,Subscription Service
"2022-07-31",2,iCloud,1181,Subscription Service
"2023-01-30",6,Apple TV+,404,Subscription Service
"2024-10-29",2,Beats Powerbeats Pro,1060,Audio
"2020-12-15",4,MacBook (Retina),231,Laptop
"2021-03-08",5,Beats Solo Pro,1773,Audio
"2020-07-08",4,Magic Keyboard,368,Accessories
"2024-03-25",9,iMac with Retina Display,343,Desktop
"2021-10-20",10,Apple Watch Series 5,1296,Wearable
"2020-08-08",3,iMac 27-inch,1918,Desktop
"2020-04-26",6,iPhone 14 Plus,1259,Smartphone
"2022-12-21",9,MacBook (Early 2015),741,Laptop
"2020-04-23",7,iMac 27-inch,1918,Desktop
"2024-10-03",8,AirTag,677,Accessories
"2023-09-12",1,iPhone SE (3rd Generation),923,Smartphone
"2022-04-04",5,AirPods (2nd Generation),504,Audio
"2020-02-03",3,Apple Watch Nike Edition,884,Wearable
"2024-10-30",6,Smart Cover for iPad,1014,Accessories
"2021-11-14",10,MacBook Air (M1),1783,Laptop
"2023-07-31",6,AirPods Pro,1167,Audio
"2021-07-06",9,Apple TV HD,1258,Streaming Device
"2024-10-12",9,Apple Music,1965,Subscription Service
"2021-09-30",5,iPad Pro 11-inch,1761,Tablet
"2020-05-08",8,HomePod mini,438,Audio
"2021-07-02",6,Beats Fit Pro,1839,Audio
"2022-10-20",5,Mac Pro (Tower),458,Desktop
"2021-08-09",3,Mac Pro (Rack),1415,Desktop
"2022-02-09",6,AirPods (3rd Generation),1842,Audio
"2020-11-23",9,iPad Pro (M1),1329,Tablet
"2023-03-22",8,Apple Watch Nike Edition,884,Wearable
"2023-01-20",9,MacBook Air (M2),1588,Laptop
"2021-01-09",5,MagSafe Battery Pack,1389,Accessories
"2024-08-10",5,Apple Pencil (1st Generation),925,Accessories
"2021-09-20",10,iPad Air (5th Generation),1591,Tablet
"2023-10-17",7,MacBook Pro 16-inch,1179,Laptop
"2020-11-08",10,MacBook (Retina),231,Laptop
"2023-05-17",5,iPhone 14 Plus,1259,Smartphone
"2021-02-24",2,MacBook,1149,Laptop
"2022-06-14",3,Magic Mouse,313,Accessories
"2020-12-08",4,Apple Fitness+,923,Subscription Service
"2020-06-29",3,iPhone 13 Pro,308,Smartphone
"2020-06-13",10,Apple Music,1965,Subscription Service
"2020-02-20",9,iPhone 12,1436,Smartphone
"2022-03-14",3,Apple TV (3rd Generation),477,Streaming Device
"2024-11-05",3,Apple Fitness+,923,Subscription Service
"2021-02-12",10,iPhone 14 Pro Max,678,Smartphone
"2021-10-30",9,iPhone 14 Pro,1380,Smartphone
"2024-04-22",1,Apple Watch Series 6,462,Wearable
"2020-12-13",10,Beats Studio Buds,762,Audio
"2023-04-15",9,iMac 24-inch,449,Desktop
"2022-10-06",2,Apple TV 4K,1255,Streaming Device
"2021-04-21",10,iPhone 13,623,Smartphone
"2024-05-06",1,MacBook,1149,Laptop
"2020-03-23",8,iPad Pro (M2),1826,Tablet
"2022-04-10",2,Apple Watch Hermès,1712,Wearable
"2023-07-26",4,Apple Arcade,549,Subscription Service
"2024-08-05",9,iPhone 14 Pro Max,678,Smartphone
"2024-01-04",8,AirTag,677,Accessories
"2020-02-06",9,MacBook (Retina),231,Laptop
"2024-02-05",2,HomePod mini,438,Audio
"2020-10-23",9,Apple One,488,Subscription Service
"2022-08-08",8,Apple Watch Series 7,1431,Wearable
"2020-04-14",3,Silicone Case for iPhone,1210,Accessories
"2022-01-09",9,iMac 27-inch,1918,Desktop
"2023-10-11",5,iPad (10th Generation),1735,Tablet
"2020-08-18",10,Smart Keyboard Folio,572,Accessories
"2020-04-16",5,MacBook Air (M1),1783,Laptop
"2023-10-12",9,iPad Air (5th Generation),1591,Tablet
"2020-07-24",5,iPhone 12 mini,1607,Smartphone
"2021-12-10",6,iPad Pro 11-inch,1761,Tablet
"2021-10-29",3,Magic Mouse,313,Accessories
"2020-04-02",5,AirTag,677,Accessories
"2022-12-12",1,Apple Arcade,549,Subscription Service
"2024-01-04",3,iPad mini (6th Generation),573,Tablet
"2023-09-23",4,Apple Watch Nike Edition,884,Wearable
"2022-09-15",6,Apple Pencil (2nd Generation),1506,Accessories
"2024-11-08",7,Apple Watch Series 8,1631,Wearable
"2021-07-23",3,Mac Pro (2023),681,Desktop
"2024-04-02",4,Apple News+,253,Subscription Service
"2022-08-02",3,Mac Mini,555,Desktop
"2021-07-04",7,iPhone SE (3rd Generation),923,Smartphone
"2023-09-28",2,iPhone 13 Pro Max,820,Smartphone
"2021-02-09",6,iPhone 14 Pro Max,678,Smartphone
"2021-04-04",7,iPhone 13,623,Smartphone
"2023-06-10",2,Magic Keyboard with Touch ID,1162,Accessories
"2024-09-02",8,iCloud,1181,Subscription Service
"2023-07-01",4,MacBook Air (M1),1783,Laptop
"2021-09-03",7,iPhone 13,623,Smartphone
"2022-04-15",2,iPhone 12 mini,1607,Smartphone
"2020-07-09",1,Apple Watch Series 7,1431,Wearable
"2020-01-06",10,iPad Pro (M1),1329,Tablet
"2022-01-16",10,Apple TV (3rd Generation),477,Streaming Device
"2020-08-30",5,Apple Watch Ultra,346,Wearable
"2021-09-17",8,Beats Fit Pro,1839,Audio
"2021-09-21",6,HomePod mini,266,Smart Speaker
"2023-08-09",9,iPad (10th Generation),1735,Tablet
"2022-09-13",5,Beats Studio Buds,762,Audio
"2023-02-14",5,iPhone 13 Pro,308,Smartphone
"2022-02-07",8,iPad Pro 11-inch,1761,Tablet
"2022-06-28",8,AirPods Pro (2nd Generation),696,Audio
"2023-06-16",1,Apple TV 4K,1255,Streaming Device
"2024-04-17",10,Apple Watch Series 8,1631,Wearable
"2022-08-05",3,AirTag,677,Accessories
"2022-05-25",7,Apple Watch Ultra,346,Wearable
"2024-09-23",2,iPad (10th Generation),1735,Tablet
"2022-06-10",10,Apple Watch Ultra,346,Wearable
"2024-11-07",6,iPad mini (5th Generation),1912,Tablet
"2022-02-01",9,iPhone 14,1476,Smartphone
"2020-08-20",7,Mac Mini,555,Desktop
"2022-11-05",8,Beats Fit Pro,1839,Audio
"2020-08-15",4,Lightning to USB Cable,1434,Accessories
"2021-10-18",3,MacBook (Early 2015),741,Laptop
"2023-05-02",2,Apple Watch Series 6,462,Wearable
"2022-02-07",5,Magic Keyboard,368,Accessories
"2020-04-12",5,Apple TV 4K,1255,Streaming Device
"2020-04-18",6,Mac Studio,613,Desktop
"2020-11-12",7,MacBook (Retina),231,Laptop
"2021-06-07",9,Mac Mini,555,Desktop
"2020-02-19",10,Apple Watch SE,1546,Wearable
"2021-07-02",9,Beats Powerbeats Pro,1060,Audio
"2022-02-27",7,iPhone 14,1476,Smartphone
"2021-12-07",5,Smart Keyboard Folio,572,Accessories
"2020-12-18",1,MagSafe Battery Pack,1389,Accessories
"2023-03-03",4,Apple Watch Series 5,1296,Wearable
"2021-08-22",5,Mac Mini,555,Desktop
"2023-12-09",7,Mac Mini,555,Desktop
"2022-02-10",7,AirPods Max,1603,Audio
"2023-02-03",6,iCloud,1181,Subscription Service
"2022-05-30",9,MacBook (Retina),231,Laptop
"2024-01-17",3,iPad Air (5th Generation),1591,Tablet
"2020-12-27",8,Mac Pro (Rack),1415,Desktop
"2022-04-21",10,MacBook Air (M2),1588,Laptop
"2023-08-13",10,iPad Air (4th Generation),952,Tablet
"2022-02-21",3,HomePod,1202,Smart Speaker
"2020-02-15",10,iPhone 13,623,Smartphone
"2022-09-13",6,iPad mini (6th Generation),573,Tablet
"2021-02-15",4,iPad Air (5th Generation),1591,Tablet
"2022-08-01",1,iPad (9th Generation),1949,Tablet
"2024-07-01",10,Mac Mini (M2),874,Desktop
"2021-12-07",4,Mac Mini (M2),874,Desktop
"2021-06-05",5,iPhone 13 Pro,308,Smartphone
"2024-04-27",5,Mac Mini,555,Desktop
"2021-01-26",1,Smart Keyboard Folio,572,Accessories
"2023-08-08",10,Apple Pencil (1st Generation),925,Accessories
"2020-02-22",9,iPhone SE (3rd Generation),923,Smartphone
"2022-02-17",1,Smart Keyboard Folio,572,Accessories
"2024-02-21",3,iPhone 13 Pro Max,820,Smartphone
"2023-02-17",6,Apple TV 4K,1255,Streaming Device
"2021-01-03",3,iPad Pro (M2),1826,Tablet
"2023-11-29",1,HomePod,1202,Smart Speaker
"2024-04-17",2,iPad (10th Generation),1735,Tablet
"2024-05-31",6,iMac with Retina Display,343,Desktop
"2021-08-04",4,iPhone 14 Pro,1380,Smartphone
"2023-08-28",5,AirPods (2nd Generation),504,Audio
"2020-09-03",3,HomePod (2nd Generation),689,Audio
"2023-09-12",6,Apple Pencil (2nd Generation),1506,Accessories
"2022-10-21",2,iPad Air (4th Generation),952,Tablet
"2024-01-18",3,HomePod (2nd Generation),689,Audio
"2021-01-05",2,Apple Pencil (2nd Generation),1506,Accessories
"2021-11-20",8,Beats Studio Buds,762,Audio
"2020-08-17",8,iMac Pro,1081,Desktop
"2021-07-09",2,Smart Keyboard Folio,572,Accessories
"2020-02-17",5,Apple TV HD,1258,Streaming Device
"2020-12-22",2,Magic Keyboard with Touch ID,1162,Accessories
"2020-01-09",7,MacBook Pro 14-inch,768,Laptop
"2021-11-29",3,iPhone 13 Pro Max,820,Smartphone
"2020-02-24",7,Mac Pro (2023),681,Desktop
"2020-02-18",8,Apple Watch Nike Edition,884,Wearable
"2023-03-14",6,Apple Watch Series 5,1296,Wearable
"2021-02-13",3,iPad mini (5th Generation),1912,Tablet
"2020-08-08",4,MacBook (Retina),231,Laptop
"2020-04-15",5,MacBook Pro (Touch Bar),1304,Laptop
"2021-06-15",4,Apple Watch Ultra,346,Wearable
"2024-09-12",5,Lightning to USB Cable,1434,Accessories
"2021-07-06",3,Magic Keyboard,368,Accessories
"2020-09-29",2,Mac Mini (M2),874,Desktop
"2021-10-09",9,Apple TV HD,1258,Streaming Device
"2022-10-12",2,MacBook Pro 16-inch,1179,Laptop
"2022-05-24",4,iPad (9th Generation),1949,Tablet
"2021-06-21",7,Apple Watch Nike Edition,884,Wearable
"2023-06-02",10,iPhone 14 Pro,1380,Smartphone
"2020-10-17",9,Mac Pro (Tower),458,Desktop
"2021-03-08",5,iPhone 14 Pro,1380,Smartphone
"2024-03-05",5,iPad Air (5th Generation),1591,Tablet
"2022-12-30",1,iPhone 14,1476,Smartphone
"2023-10-06",10,Apple TV+,404,Subscription Service
"2023-10-30",7,Smart Keyboard Folio,572,Accessories
"2024-03-11",9,Apple Fitness+,923,Subscription Service
"2021-08-02",10,Mac Mini,555,Desktop
"2023-01-29",10,Apple TV 4K,1255,Streaming Device
"2020-10-24",10,Beats Studio Buds,762,Audio
"2021-01-23",10,Apple TV HD,1258,Streaming Device
"2020-01-02",10,Magic Keyboard with Touch ID,1162,Accessories
"2024-10-03",3,iMac 24-inch,449,Desktop
"2020-08-06",9,iPhone SE (3rd Generation),923,Smartphone
"2020-04-30",7,HomePod,1202,Smart Speaker
"2021-06-30",2,Apple Watch Series 8,1631,Wearable
"2024-06-17",7,iPhone 14 Plus,1259,Smartphone
"2023-04-01",7,iPad Air (4th Generation),952,Tablet
"2020-07-26",2,Mac Studio,613,Desktop
"2023-03-14",8,AirPods Max,1603,Audio
"2023-03-22",10,iPhone 12 mini,1607,Smartphone
"2022-04-10",1,Apple TV (3rd Generation),477,Streaming Device
"2024-11-11",3,iCloud,1181,Subscription Service
"2020-10-21",4,Apple Watch Series 9,1014,Wearable
"2023-10-01",6,iPad mini (6th Generation),573,Tablet
"2020-03-04",2,MacBook Air (Retina),1847,Laptop
"2022-01-15",9,Apple Fitness+,923,Subscription Service
"2023-01-16",2,AirPods Pro,1167,Audio
"2022-02-17",6,HomePod,1202,Smart Speaker
"2021-01-24",7,Apple TV (3rd Generation),477,Streaming Device
"2020-01-09",1,Mac Pro (Rack),1415,Desktop
"2021-05-18",6,MacBook Pro 16-inch,1179,Laptop
"2021-12-04",10,iMac 27-inch,1918,Desktop
"2023-11-29",9,AirPods (3rd Generation),1842,Audio
"2024-08-19",8,MacBook Air (Retina),1847,Laptop
"2020-12-06",1,Apple Pencil (2nd Generation),1506,Accessories
"2024-09-07",4,AirPods (3rd Generation),1842,Audio
"2022-12-04",8,MacBook,1149,Laptop
"2023-06-17",4,iPad Air (4th Generation),952,Tablet
"2022-12-13",8,iPhone 14 Plus,1259,Smartphone
"2020-07-03",3,iMac 24-inch,449,Desktop
"2021-08-04",8,Mac Mini,555,Desktop
"2023-10-11",4,Apple Watch Ultra,346,Wearable
"2024-08-20",4,AirPods Max,1603,Audio
"2020-01-11",8,Mac Mini,555,Desktop
"2021-02-06",10,Magic Keyboard,368,Accessories
"2020-07-03",9,Magic Keyboard with Touch ID,1162,Accessories
"2024-03-18",2,iPhone SE (3rd Generation),923,Smartphone
"2020-11-29",6,Apple Watch SE,1546,Wearable
"2021-08-05",5,Magic Trackpad,1242,Accessories
"2022-01-13",9,HomePod mini,266,Smart Speaker
"2022-08-13",9,iPhone 14 Pro Max,678,Smartphone
"2024-04-15",9,Apple Arcade,549,Subscription Service
"2020-04-22",10,Apple TV HD,1258,Streaming Device
"2023-04-04",5,iPad Pro 11-inch,1761,Tablet
"2022-02-16",3,MacBook Pro 16-inch,1179,Laptop
"2022-11-21",9,HomePod mini,438,Audio
"2020-04-06",6,Silicone Case for iPhone,1210,Accessories
"2020-02-23",5,iPad Air (4th Generation),952,Tablet
"2021-07-31",2,iPad Air (5th Generation),1591,Tablet
"2024-04-09",9,iPad Pro 12.9-inch,1167,Tablet
"2024-02-15",4,iPad Pro (M2),1826,Tablet
"2023-12-04",1,iPhone 12,1436,Smartphone
"2024-10-16",2,iPhone 14 Pro Max,678,Smartphone
"2023-10-16",2,Smart Keyboard Folio,572,Accessories
"2021-10-03",9,iPad (10th Generation),1735,Tablet
"2023-03-10",9,MacBook Pro (Touch Bar),1304,Laptop
"2020-05-22",4,iMac Pro,1081,Desktop
"2022-04-28",6,iPhone 13 Pro Max,820,Smartphone
"2023-12-31",2,Mac Mini (M2),874,Desktop
"2020-10-22",2,Apple Watch Series 5,1296,Wearable
"2023-08-24",1,Beats Solo Pro,1773,Audio
"2020-09-05",6,MagSafe Charger,1744,Accessories
"2022-01-27",4,MagSafe Battery Pack,1389,Accessories
"2020-06-10",1,iPhone 12,1436,Smartphone
"2022-05-11",7,Apple TV 4K,1255,Streaming Device
"2020-05-15",8,AirPods (3rd Generation),1842,Audio
"2020-04-06",3,Apple News+,253,Subscription Service
"2020-06-11",5,iPhone 13 Pro,308,Smartphone
"2021-04-08",1,iPad Pro (M2),1826,Tablet
"2023-01-21",2,Apple News+,253,Subscription Service
"2023-05-24",3,Mac Pro (Rack),1415,Desktop
"2020-05-14",10,iPhone 12 mini,1607,Smartphone
"2024-06-25",4,Mac Pro (2023),681,Desktop
"2021-12-28",2,Apple Pencil (2nd Generation),1506,Accessories
"2020-01-12",4,Apple Watch Ultra,346,Wearable
"2023-11-16",5,Beats Solo Pro,1773,Audio
"2020-12-23",9,iMac 24-inch,449,Desktop
"2021-08-10",1,HomePod mini,266,Smart Speaker
"2024-08-03",1,iPhone 12 Pro,1342,Smartphone
"2020-02-29",6,MacBook Pro 13-inch,1351,Laptop
"2021-01-01",4,iPhone 14 Pro Max,678,Smartphone
"2022-06-30",10,Apple Watch Series 5,1296,Wearable
"2024-04-27",3,HomePod mini,438,Audio
"2022-04-08",7,Mac Mini (M2),874,Desktop
"2021-06-21",9,iPad Air (5th Generation),1591,Tablet
"2023-01-23",3,Beats Powerbeats Pro,1060,Audio
"2022-01-25",5,Beats Powerbeats Pro,1060,Audio
"2024-09-30",7,HomePod mini,266,Smart Speaker
"2021-01-10",10,iMac 27-inch,1918,Desktop
"2021-06-25",8,MacBook Pro (Touch Bar),1304,Laptop
"2024-01-24",2,Mac Studio,613,Desktop
"2021-08-13",6,Lightning to USB Cable,1434,Accessories
"2024-08-22",5,HomePod mini,438,Audio
"2022-07-04",7,AirPods (2nd Generation),504,Audio
"2023-08-22",9,iPhone 14 Pro,1380,Smartphone
"2021-10-16",10,Beats Fit Pro,1839,Audio
"2023-07-19",1,iPhone 13,623,Smartphone
"2023-04-27",2,HomePod,1202,Smart Speaker
"2024-08-08",6,Apple TV HD,1258,Streaming Device
"2023-09-12",5,iCloud,1181,Subscription Service
"2021-03-22",5,Apple Pencil (1st Generation),925,Accessories
"2023-09-19",8,iPad mini (6th Generation),573,Tablet
"2022-09-22",5,MacBook Air (M1),1783,Laptop
"2022-04-30",8,iPad Pro (M2),1826,Tablet
"2021-01-18",7,iPhone 14 Pro,1380,Smartphone
"2023-05-01",6,iPhone 13 Pro,308,Smartphone
"2021-07-20",8,Apple TV+,404,Subscription Service
"2021-12-25",4,Beats Fit Pro,1839,Audio
"2023-12-16",6,iPhone 12 Pro Max,544,Smartphone
"2022-05-02",3,Apple Watch Series 9,1014,Wearable
"2020-02-24",5,Apple Watch Series 7,1431,Wearable
"2023-05-05",8,Apple Watch Series 7,1431,Wearable
"2024-07-25",6,Mac Pro (2023),681,Desktop
"2024-08-05",8,Apple Arcade,549,Subscription Service
"2020-07-04",10,Apple TV 4K,1255,Streaming Device
"2024-04-13",6,Mac Mini,555,Desktop
"2023-03-24",1,iPhone 14,1476,Smartphone
"2022-10-17",8,Magic Keyboard with Touch ID,1162,Accessories
"2023-09-01",7,iMac with Retina Display,343,Desktop
"2020-03-22",3,Apple Watch Series 9,1014,Wearable
"2021-08-08",2,iPhone 13,623,Smartphone
"2020-11-08",7,Apple Music,1965,Subscription Service
"2024-09-15",6,HomePod,1202,Smart Speaker
"2023-01-27",10,Apple Watch SE,1546,Wearable
"2022-07-08",10,Apple TV (3rd Generation),477,Streaming Device
"2020-07-10",2,Mac Studio,613,Desktop
"2020-01-01",4,Apple Music,1965,Subscription Service
"2022-11-20",2,Magic Mouse,313,Accessories
"2023-07-27",9,MagSafe Charger,1744,Accessories
"2023-08-11",5,Beats Studio Buds,762,Audio
"2022-08-11",10,Mac Pro (Rack),1415,Desktop
"2020-01-08",10,Apple Watch Series 8,1631,Wearable
"2021-05-25",6,Mac Studio,613,Desktop
"2021-09-03",9,MagSafe Charger,1744,Accessories
"2023-07-22",1,Magic Keyboard,368,Accessories
"2020-11-30",9,Lightning to USB Cable,1434,Accessories
"2023-03-25",7,Apple Fitness+,923,Subscription Service
"2023-11-01",9,iMac 24-inch,449,Desktop
"2024-07-21",6,Mac Mini (M2),874,Desktop
"2020-07-11",3,MacBook Air (M1),1783,Laptop
"2022-01-06",2,Smart Keyboard Folio,572,Accessories
"2021-11-04",2,Apple Watch Series 8,1631,Wearable
"2020-04-01",7,Apple Watch SE,1546,Wearable
"2023-12-26",9,iPhone 14 Pro Max,678,Smartphone
"2021-01-26",8,Mac Mini (M2),874,Desktop
"2020-03-17",9,Apple Watch Hermès,1712,Wearable
"2024-09-15",10,MacBook Pro 13-inch,1351,Laptop
"2021-02-25",9,Apple News+,253,Subscription Service
"2021-01-22",4,MacBook Air (M1),1783,Laptop
"2020-08-02",1,iMac Pro,1081,Desktop
"2022-10-16",9,Mac Mini,555,Desktop
"2020-06-29",5,iPhone 13 Pro Max,820,Smartphone
"2023-08-10",8,iMac with Retina Display,343,Desktop
"2020-07-24",6,iPad Air (4th Generation),952,Tablet
"2021-08-03",3,MacBook (Retina),231,Laptop
"2021-08-09",6,MacBook Pro (Touch Bar),1304,Laptop
"2022-05-08",4,iPhone SE (3rd Generation),923,Smartphone
"2024-09-14",3,iPhone 14 Pro,1380,Smartphone
"2020-05-19",3,iPad Pro (M1),1329,Tablet
"2022-03-12",3,Beats Fit Pro,1839,Audio
"2022-08-16",4,Beats Solo Pro,1773,Audio
"2023-11-23",6,iPhone 12 Pro Max,544,Smartphone
"2024-01-14",9,Apple TV 4K,1255,Streaming Device
"2021-06-09",8,Mac Pro (Tower),458,Desktop
"2021-09-18",8,Leather Case for iPhone,866,Accessories
"2020-02-10",1,Apple Pencil (2nd Generation),1506,Accessories
"2023-01-22",2,Apple Watch Series 5,1296,Wearable
"2023-06-01",5,Mac Mini,555,Desktop
"2024-11-09",5,MacBook Air (M1),1783,Laptop
"2020-11-06",8,Apple Watch Series 6,462,Wearable
"2020-12-20",10,Apple Watch Ultra,346,Wearable
"2024-07-28",9,Lightning to USB Cable,1434,Accessories
"2023-09-29",3,iPhone 13,623,Smartphone
"2022-07-28",6,iPad mini (6th Generation),573,Tablet
"2022-10-28",10,Apple Watch Series 7,1431,Wearable
"2023-03-24",7,Apple TV+,404,Subscription Service
"2021-12-24",2,Apple Pencil (1st Generation),925,Accessories
"2020-05-20",2,AirPods Pro (2nd Generation),696,Audio
"2020-09-05",1,Apple Watch Hermès,1712,Wearable
"2023-03-11",1,MagSafe Charger,1744,Accessories
"2023-03-04",1,MacBook Pro 16-inch,1179,Laptop
"2022-07-02",4,iPad Pro (M1),1329,Tablet
"2023-01-22",5,Mac Pro (Rack),1415,Desktop
"2022-05-28",2,Magic Keyboard with Touch ID,1162,Accessories
"2022-07-27",8,iPhone 13 mini,1092,Smartphone
"2021-10-26",3,iPad Air (5th Generation),1591,Tablet
"2024-01-27",6,MacBook Pro 14-inch,768,Laptop
"2020-02-01",10,HomePod (2nd Generation),689,Audio
"2020-08-20",4,iPad (9th Generation),1949,Tablet
"2021-01-03",3,MacBook Air (Retina),1847,Laptop
"2022-01-11",4,AirPods Pro (2nd Generation),696,Audio
"2024-06-23",3,Silicone Case for iPhone,1210,Accessories
"2021-01-14",8,Magic Trackpad,1242,Accessories
"2021-03-27",8,Mac Studio,613,Desktop
"2020-02-24",3,Magic Keyboard with Touch ID,1162,Accessories
"2023-08-22",8,iPhone 12,1436,Smartphone
"2024-08-22",2,AirPods Pro (2nd Generation),696,Audio
"2024-10-12",2,iMac Pro,1081,Desktop
"2021-02-26",4,Beats Powerbeats Pro,1060,Audio
"2023-12-12",10,iPhone 12 Pro,1342,Smartphone
"2021-09-05",6,iMac Pro,1081,Desktop
"2021-03-19",2,iPad Air (4th Generation),952,Tablet
"2024-09-20",6,MacBook (Retina),231,Laptop
"2020-04-30",4,iPhone SE (3rd Generation),923,Smartphone
"2022-02-06",7,iMac Pro,1081,Desktop
"2021-10-27",9,iPhone 13,623,Smartphone
"2024-11-02",6,Magic Trackpad,1242,Accessories
"2022-12-25",10,Apple Pencil (1st Generation),925,Accessories
"2022-06-30",10,Apple Fitness+,923,Subscription Service
"2020-09-02",2,Magic Keyboard,368,Accessories
"2021-10-27",4,iPhone 13 Pro,308,Smartphone
"2020-04-13",9,iPhone 14 Plus,1259,Smartphone
"2020-10-23",7,Mac Mini (M2),874,Desktop
"2023-07-04",5,Apple Watch Series 9,1014,Wearable
"2024-01-27",6,HomePod mini,266,Smart Speaker
"2022-08-12",6,iMac 24-inch,449,Desktop
"2020-03-31",3,Apple Watch Series 8,1631,Wearable
"2023-08-16",9,iPhone 12,1436,Smartphone
"2024-02-27",7,MacBook Air (M2),1588,Laptop
"2023-02-01",4,Beats Solo Pro,1773,Audio
"2020-02-19",1,Apple Watch Series 6,462,Wearable
"2020-08-19",3,iMac 24-inch,449,Desktop
"2024-04-29",7,MacBook Air (Retina),1847,Laptop
"2022-04-25",7,Apple Watch Series 9,1014,Wearable
"2021-06-16",10,Apple Music,1965,Subscription Service
"2020-03-16",1,HomePod,1202,Smart Speaker
"2022-07-23",10,Apple Watch SE,1546,Wearable
"2023-12-11",5,Smart Keyboard Folio,572,Accessories
"2020-06-09",7,iPad (10th Generation),1735,Tablet
"2022-03-26",7,Smart Cover for iPad,1014,Accessories
"2022-06-10",9,iPad Pro 11-inch,1761,Tablet
"2023-09-13",5,Apple Watch SE,1546,Wearable
"2024-08-10",5,MacBook (Early 2015),741,Laptop
"2021-02-22",4,Apple Watch Series 6,462,Wearable
"2020-09-03",7,iPad Pro 11-inch,1761,Tablet
"2020-02-28",2,iPhone 12 mini,1607,Smartphone
"2023-04-06",4,iPad Pro (M1),1329,Tablet
"2024-06-25",7,AirTag,677,Accessories
"2020-11-07",6,HomePod mini,266,Smart Speaker
"2023-09-14",9,iPhone 14 Plus,1259,Smartphone
"2022-10-25",6,iPhone 13 Pro Max,820,Smartphone
"2020-10-07",6,Lightning to USB Cable,1434,Accessories
"2022-09-22",6,MacBook (Early 2015),741,Laptop
"2020-04-07",1,Apple Pencil (2nd Generation),1506,Accessories
"2020-09-24",10,Mac Mini (M2),874,Desktop
"2021-07-04",9,Apple TV (3rd Generation),477,Streaming Device
"2022-11-22",6,MacBook Pro (Touch Bar),1304,Laptop
"2023-10-04",8,MacBook Pro (Touch Bar),1304,Laptop
"2022-09-05",7,iPhone 12 Pro Max,544,Smartphone
"2023-05-31",8,Smart Cover for iPad,1014,Accessories
"2022-12-03",6,MacBook Air (M1),1783,Laptop
"2021-05-18",7,iPhone 13 mini,1092,Smartphone
"2021-11-26",6,Apple Pencil (1st Generation),925,Accessories
"2022-02-18",9,Apple TV HD,1258,Streaming Device
"2022-10-01",9,AirPods Pro (2nd Generation),696,Audio
"2024-06-30",1,iPhone 14,1476,Smartphone
"2020-03-17",7,Apple Music,1965,Subscription Service
"2021-04-10",2,Apple Fitness+,923,Subscription Service
"2024-04-08",7,HomePod,1202,Smart Speaker
"2020-11-09",7,Apple Watch Series 5,1296,Wearable
"2020-05-21",8,iMac 24-inch,449,Desktop
"2024-07-31",7,MagSafe Charger,1744,Accessories
"2024-07-23",6,MacBook Pro 16-inch,1179,Laptop
"2020-12-21",6,iPhone 13 mini,1092,Smartphone
"2020-01-28",5,iPad Air (5th Generation),1591,Tablet
"2022-10-26",2,Apple Watch SE,1546,Wearable
"2020-01-27",8,MacBook (Early 2015),741,Laptop
"2024-10-23",5,Apple Music,1965,Subscription Service
"2022-03-30",6,iPhone 12 Pro,1342,Smartphone
"2022-10-22",3,AirPods (3rd Generation),1842,Audio
"2021-05-16",7,AirPods Pro,1167,Audio
"2022-03-15",6,Mac Mini (M2),874,Desktop
"2024-05-02",5,Mac Mini,555,Desktop
"2021-12-29",9,AirPods Pro (2nd Generation),696,Audio
"2023-04-09",7,Silicone Case for iPhone,1210,Accessories
"2023-10-30",6,iPad Pro (M1),1329,Tablet
"2023-07-23",6,Magic Trackpad,1242,Accessories
"2020-05-15",4,Silicone Case for iPhone,1210,Accessories
"2022-06-16",3,AirPods Pro (2nd Generation),696,Audio
"2022-10-27",1,Apple Watch Series 7,1431,Wearable
"2020-05-02",5,Apple Pencil (2nd Generation),1506,Accessories
"2023-08-25",3,Magic Keyboard,368,Accessories
"2022-07-06",4,Mac Pro (Rack),1415,Desktop
"2024-07-04",8,Apple TV 4K,1255,Streaming Device
"2024-07-05",7,Apple Watch Series 5,1296,Wearable
"2023-09-05",2,Apple TV (3rd Generation),477,Streaming Device
"2022-11-05",5,iPhone 12 mini,1607,Smartphone
"2024-09-19",6,MacBook Pro (Touch Bar),1304,Laptop
"2022-03-29",6,iPad Pro 12.9-inch,1167,Tablet
"2023-01-03",4,Apple Watch Series 6,462,Wearable
"2022-01-25",9,iPhone 13 mini,1092,Smartphone
"2023-01-29",1,iPad Pro (M1),1329,Tablet
"2022-02-03",9,Beats Studio Buds,762,Audio
"2024-01-06",3,iPad Air (5th Generation),1591,Tablet
"2021-08-28",2,Mac Mini (M2),874,Desktop
"2022-05-16",9,Mac Studio,613,Desktop
"2022-05-30",5,MacBook Pro 16-inch,1179,Laptop
"2021-03-04",3,Magic Trackpad,1242,Accessories
"2023-11-20",1,Mac Pro (Rack),1415,Desktop
"2023-08-03",8,iMac with Retina Display,343,Desktop
"2022-10-14",10,iPad (9th Generation),1949,Tablet
"2024-10-14",8,MacBook Pro (Touch Bar),1304,Laptop
"2022-05-25",9,Apple TV+,404,Subscription Service
"2021-12-07",7,Apple TV 4K,1255,Streaming Device
"2024-08-21",5,Apple Pencil (2nd Generation),1506,Accessories
"2020-11-29",7,Apple Watch Series 5,1296,Wearable
"2023-12-10",8,HomePod,1202,Smart Speaker
"2022-10-05",8,iPad Pro (M1),1329,Tablet
"2022-10-04",1,MagSafe Charger,1744,Accessories
"2020-01-22",7,iPad Pro 11-inch,1761,Tablet
"2020-07-28",1,Apple Watch Nike Edition,884,Wearable
"2021-01-05",8,MacBook Air (M1),1783,Laptop
"2021-01-18",5,iMac Pro,1081,Desktop
"2024-09-16",5,iPhone 12 Pro Max,544,Smartphone
"2024-10-30",8,Beats Powerbeats Pro,1060,Audio
"2024-09-28",3,Magic Keyboard,368,Accessories
"2020-11-17",8,iMac 27-inch,1918,Desktop
"2021-11-24",6,AirPods Max,1603,Audio
"2020-07-30",5,iPad Pro 11-inch,1761,Tablet
"2020-07-17",8,Magic Keyboard,368,Accessories
"2023-08-29",1,HomePod,1202,Smart Speaker
"2023-10-07",4,Apple TV 4K,1255,Streaming Device
"2022-04-18",10,iPad Pro 11-inch,1761,Tablet
"2020-12-10",5,Mac Pro (Tower),458,Desktop
"2023-12-24",9,HomePod,1202,Smart Speaker
"2021-05-14",3,iPad Air (5th Generation),1591,Tablet
"2024-08-11",1,MacBook Air (M2),1588,Laptop
"2022-02-28",3,MacBook (Retina),231,Laptop
"2022-04-12",9,iPhone 13 Pro,308,Smartphone
"2020-07-25",1,Mac Studio,613,Desktop
"2022-09-19",8,iPhone 12 Pro,1342,Smartphone
"2023-06-12",9,Lightning to USB Cable,1434,Accessories
"2023-01-26",4,Apple TV (3rd Generation),477,Streaming Device
"2021-06-29",8,iPad Air (5th Generation),1591,Tablet
"2021-01-12",6,HomePod mini,266,Smart Speaker
"2023-03-12",10,iPhone 14 Pro,1380,Smartphone
"2021-08-10",5,iMac with Retina Display,343,Desktop
"2021-06-21",6,Apple Watch Ultra,346,Wearable
"2021-06-16",7,iPhone 14,1476,Smartphone
"2021-05-10",7,Apple News+,253,Subscription Service
"2024-08-08",10,iPad (10th Generation),1735,Tablet
"2024-05-07",5,Magic Keyboard,368,Accessories
"2021-01-14",4,iPad Pro 11-inch,1761,Tablet
"2021-12-05",3,AirPods (3rd Generation),1842,Audio
"2023-07-16",9,Apple Watch Series 5,1296,Wearable
"2024-03-21",3,Apple Watch Nike Edition,884,Wearable
"2021-09-09",5,Leather Case for iPhone,866,Accessories
"2020-12-27",2,Mac Mini,555,Desktop
"2022-04-09",10,Magic Mouse,313,Accessories
"2024-05-31",5,iPad (9th Generation),1949,Tablet
"2023-11-08",10,iPad (9th Generation),1949,Tablet
"2022-12-12",2,iPhone 12 Pro,1342,Smartphone
"2023-03-07",5,AirPods (3rd Generation),1842,Audio
"2022-04-22",3,iPhone 14 Plus,1259,Smartphone
"2020-06-13",9,HomePod,1202,Smart Speaker
"2024-09-28",10,Apple One,488,Subscription Service
"2023-10-21",2,iCloud,1181,Subscription Service
"2022-09-16",8,AirPods (2nd Generation),504,Audio
"2020-03-28",2,iPad (10th Generation),1735,Tablet
"2022-10-25",2,MacBook Air (Retina),1847,Laptop
"2024-09-12",3,Apple Watch Series 8,1631,Wearable
"2021-06-19",1,MacBook Air (M1),1783,Laptop
"2021-04-08",4,Mac Pro (Rack),1415,Desktop
"2021-11-16",5,iPad (10th Generation),1735,Tablet
"2023-08-10",9,iPhone 14 Pro,1380,Smartphone
"2024-07-11",9,iPhone 13 mini,1092,Smartphone
"2020-02-16",2,iPhone 13 Pro,308,Smartphone
"2021-03-06",2,Mac Pro (Tower),458,Desktop
"2024-06-03",8,HomePod (2nd Generation),689,Audio
"2021-08-04",9,iMac 27-inch,1918,Desktop
"2021-08-29",1,iPhone 12 Pro,1342,Smartphone
"2023-07-03",6,MacBook Air (M2),1588,Laptop
"2021-05-01",10,Beats Solo Pro,1773,Audio
"2021-06-04",5,MacBook (Early 2015),741,Laptop
"2023-08-30",7,AirPods Pro (2nd Generation),696,Audio
"2023-08-15",1,Mac Mini (M2),874,Desktop
"2021-09-08",3,MacBook Pro (Touch Bar),1304,Laptop
"2020-08-20",4,Apple Watch Series 5,1296,Wearable
"2023-08-13",6,iPhone 13 Pro Max,820,Smartphone
"2021-12-22",6,iPad Air (5th Generation),1591,Tablet
"2023-03-07",6,Beats Fit Pro,1839,Audio
"2024-11-05",7,Apple Watch Series 6,462,Wearable
"2021-10-11",7,Beats Studio Buds,762,Audio
"2023-01-24",6,Magic Trackpad,1242,Accessories
"2022-09-11",5,HomePod (2nd Generation),689,Audio
"2024-06-04",9,iPhone 13 mini,1092,Smartphone
"2023-12-26",4,Apple Watch Hermès,1712,Wearable
"2020-07-09",10,Apple Pencil (1st Generation),925,Accessories
"2021-06-11",1,HomePod mini,266,Smart Speaker
"2022-08-26",3,MacBook Pro 13-inch,1351,Laptop
"2024-08-01",6,iPhone SE (3rd Generation),923,Smartphone
"2021-05-31",5,AirPods Max,1603,Audio
"2021-10-30",10,MacBook Air (M1),1783,Laptop
"2024-04-14",3,Apple Pencil (2nd Generation),1506,Accessories
"2024-03-05",2,Mac Studio,613,Desktop
"2020-10-17",9,Lightning to USB Cable,1434,Accessories
"2020-09-03",4,iPhone 14 Plus,1259,Smartphone
"2020-11-15",10,Apple Watch Series 8,1631,Wearable
"2022-07-06",8,Beats Solo Pro,1773,Audio
"2021-02-19",7,AirTag,677,Accessories
"2023-07-22",9,Silicone Case for iPhone,1210,Accessories
"2020-10-09",4,iPhone SE (3rd Generation),923,Smartphone
"2021-01-31",2,Mac Mini,555,Desktop
"2021-02-11",7,iPad Pro (M2),1826,Tablet
"2024-03-01",4,MacBook,1149,Laptop
"2023-06-18",8,iPhone 12,1436,Smartphone
"2023-10-19",4,Smart Keyboard Folio,572,Accessories
"2021-06-24",4,MacBook Pro 14-inch,768,Laptop
"2020-09-30",8,MacBook Pro 14-inch,768,Laptop
"2020-08-09",6,Leather Case for iPhone,866,Accessories
"2021-01-04",7,iPhone 13 Pro Max,820,Smartphone
"2022-10-10",2,Apple Watch Series 6,462,Wearable
"2024-05-02",7,iPhone 13,623,Smartphone
"2022-07-28",8,iMac 27-inch,1918,Desktop
"2023-09-29",4,iPhone 12 Pro Max,544,Smartphone
"2022-07-12",1,iPad (9th Generation),1949,Tablet
"2024-09-19",3,HomePod,1202,Smart Speaker
"2022-01-26",4,iPad Pro 12.9-inch,1167,Tablet
"2024-10-06",6,MacBook Pro (Touch Bar),1304,Laptop
"2024-04-08",8,MacBook Air (M1),1783,Laptop
"2024-04-18",10,Magic Keyboard with Touch ID,1162,Accessories
"2023-01-19",10,Magic Trackpad,1242,Accessories
"2023-09-02",6,Smart Cover for iPad,1014,Accessories
"2023-06-10",5,iPhone 12,1436,Smartphone
"2021-11-04",6,iPad Air (4th Generation),952,Tablet
"2022-06-27",4,Beats Fit Pro,1839,Audio
"2022-03-06",7,Mac Pro (Rack),1415,Desktop
"2020-09-26",5,MacBook Air (M2),1588,Laptop
"2024-10-10",10,Apple News+,253,Subscription Service
"2024-05-10",5,Apple Pencil (2nd Generation),1506,Accessories
"2022-04-09",9,iCloud,1181,Subscription Service
"2021-04-21",5,Mac Mini,555,Desktop
"2022-08-26",8,MacBook Pro 16-inch,1179,Laptop
"2024-09-24",4,iPad Pro (M2),1826,Tablet
"2024-10-08",8,AirPods (2nd Generation),504,Audio
"2024-09-05",7,Mac Pro (Rack),1415,Desktop
"2023-02-04",3,MacBook Air (M2),1588,Laptop
"2021-03-23",10,iPhone 14,1476,Smartphone
"2021-06-09",3,iPad Pro 12.9-inch,1167,Tablet
"2023-07-13",6,Apple Watch Series 9,1014,Wearable
"2022-06-01",4,Beats Powerbeats Pro,1060,Audio
"2024-11-10",3,iPad Pro (M2),1826,Tablet
"2023-05-13",1,iPhone SE (3rd Generation),923,Smartphone
"2023-02-04",7,Apple TV HD,1258,Streaming Device
"2020-01-05",5,Apple One,488,Subscription Service
"2023-06-23",6,MacBook Air (M1),1783,Laptop
"2020-07-05",3,iMac 24-inch,449,Desktop
"2023-04-28",9,Smart Keyboard Folio,572,Accessories
"2021-01-11",1,Apple Watch Series 7,1431,Wearable
"2023-04-07",3,MacBook,1149,Laptop
"2021-03-07",6,iMac with Retina Display,343,Desktop
"2021-02-11",3,Apple TV HD,1258,Streaming Device
"2023-12-06",4,Apple News+,253,Subscription Service
"2024-10-20",4,iPhone 12 Pro Max,544,Smartphone
"2024-10-07",5,MagSafe Battery Pack,1389,Accessories
"2023-01-03",8,iPad (9th Generation),1949,Tablet
"2023-07-31",8,Silicone Case for iPhone,1210,Accessories
"2020-12-29",2,iPhone 14,1476,Smartphone
"2024-09-19",2,AirPods Max,1603,Audio
"2020-03-19",5,Mac Mini (M2),874,Desktop
"2021-02-12",2,iPhone 12 Pro Max,544,Smartphone
"2021-03-25",5,Apple One,488,Subscription Service
"2024-07-05",8,MacBook Air (M1),1783,Laptop
"2022-03-03",9,Silicone Case for iPhone,1210,Accessories
"2021-08-25",10,iPad mini (5th Generation),1912,Tablet
"2020-09-15",6,MacBook Pro 14-inch,768,Laptop
"2021-04-07",4,Smart Cover for iPad,1014,Accessories
"2021-01-29",7,iPad Pro (M1),1329,Tablet
"2022-05-27",1,iPad Pro (M1),1329,Tablet
"2023-06-26",8,iMac with Retina Display,343,Desktop
"2024-07-30",1,iPhone 13 mini,1092,Smartphone
"2022-05-31",1,MacBook Air (Retina),1847,Laptop
"2024-06-03",5,Mac Studio,613,Desktop
"2020-12-15",4,HomePod mini,438,Audio
"2022-02-16",7,MacBook (Early 2015),741,Laptop
"2020-08-02",7,Lightning to USB Cable,1434,Accessories
"2024-04-21",4,Magic Keyboard with Touch ID,1162,Accessories
"2023-08-03",2,iMac Pro,1081,Desktop
"2024-08-13",5,iCloud,1181,Subscription Service
"2023-04-19",9,Leather Case for iPhone,866,Accessories
"2020-08-25",10,Lightning to USB Cable,1434,Accessories
"2023-06-15",8,iPhone 14 Plus,1259,Smartphone
"2023-10-09",3,Apple Watch Hermès,1712,Wearable
"2022-07-09",3,Magic Trackpad,1242,Accessories
"2022-01-26",6,Apple News+,253,Subscription Service
"2020-06-14",4,iPhone 13 Pro Max,820,Smartphone
"2022-03-27",6,Apple Watch Series 8,1631,Wearable
"2022-04-30",4,iPhone 14 Pro Max,678,Smartphone
"2023-04-21",6,Mac Pro (Tower),458,Desktop
"2020-11-28",3,Apple Pencil (2nd Generation),1506,Accessories
"2022-12-11",10,Magic Mouse,313,Accessories
"2023-08-04",2,MacBook Pro 13-inch,1351,Laptop
"2022-12-02",5,AirPods Pro,1167,Audio
"2023-08-17",4,Mac Pro (2023),681,Desktop
"2023-05-25",10,MacBook Air (M1),1783,Laptop
"2022-08-04",10,Mac Studio,613,Desktop
"2024-04-08",5,Apple TV+,404,Subscription Service
"2023-03-01",1,MacBook,1149,Laptop
"2020-04-25",9,Magic Mouse,313,Accessories
"2021-02-10",4,MacBook Air (Retina),1847,Laptop
"2020-10-24",9,AirPods Pro (2nd Generation),696,Audio
"2024-01-09",8,iPhone 14 Pro,1380,Smartphone
"2024-01-06",3,iMac with Retina Display,343,Desktop
"2021-12-16",2,iPad (10th Generation),1735,Tablet
"2021-01-18",10,MagSafe Battery Pack,1389,Accessories
"2023-10-18",4,iPhone 13 Pro Max,820,Smartphone
"2024-05-13",10,Apple Arcade,549,Subscription Service
"2022-12-14",7,Apple Watch Hermès,1712,Wearable
"2022-09-09",1,MacBook,1149,Laptop
"2022-06-29",8,iPhone 12 Pro Max,544,Smartphone
"2022-06-29",5,MacBook (Early 2015),741,Laptop
"2022-08-01",9,iPad (10th Generation),1735,Tablet
"2020-02-18",2,Apple Fitness+,923,Subscription Service
"2023-08-31",5,iPhone SE (3rd Generation),923,Smartphone
"2024-03-19",6,MacBook Air (M1),1783,Laptop
"2021-02-03",8,iPad Pro (M1),1329,Tablet
"2021-12-28",8,Apple Watch Series 6,462,Wearable
"2023-06-02",1,AirPods Max,1603,Audio
"2023-11-24",1,Apple TV+,404,Subscription Service
"2020-03-14",5,Apple Watch Series 9,1014,Wearable
"2023-04-09",7,Smart Keyboard Folio,572,Accessories
"2020-05-27",8,MagSafe Charger,1744,Accessories
"2021-07-25",6,Mac Pro (Tower),458,Desktop
"2022-08-25",8,AirPods Pro,1167,Audio
"2023-03-15",4,Apple Pencil (2nd Generation),1506,Accessories
"2020-02-03",6,MagSafe Charger,1744,Accessories
"2020-11-10",4,AirPods Pro (2nd Generation),696,Audio
"2022-01-25",9,Lightning to USB Cable,1434,Accessories
"2021-10-12",7,iCloud,1181,Subscription Service
"2020-12-26",7,Apple One,488,Subscription Service
"2020-04-01",2,iPad mini (6th Generation),573,Tablet
"2020-11-28",3,Apple Music,1965,Subscription Service
"2020-02-18",3,MacBook Air (M2),1588,Laptop
"2023-06-24",3,iPad Pro (M2),1826,Tablet
"2021-07-05",6,iPhone SE (3rd Generation),923,Smartphone
"2023-12-26",6,Apple Music,1965,Subscription Service
"2020-06-11",1,iPhone 12 mini,1607,Smartphone
"2021-08-19",1,Apple TV HD,1258,Streaming Device
"2023-11-05",6,Mac Pro (Rack),1415,Desktop
"2023-12-31",9,iPhone 14 Pro Max,678,Smartphone
"2021-06-06",4,Apple Music,1965,Subscription Service
"2024-01-10",7,Apple TV HD,1258,Streaming Device
"2021-08-03",10,iMac 27-inch,1918,Desktop
"2024-06-04",8,iPad Pro 11-inch,1761,Tablet
"2020-12-13",2,Mac Mini (M2),874,Desktop
"2024-08-12",6,MacBook Pro 16-inch,1179,Laptop
"2023-02-22",6,iMac 24-inch,449,Desktop
"2024-02-01",1,Beats Solo Pro,1773,Audio
"2023-04-04",1,Apple Watch Nike Edition,884,Wearable
"2020-01-31",8,Apple Pencil (1st Generation),925,Accessories
"2021-03-16",6,Magic Keyboard,368,Accessories
"2022-02-15",4,Apple Watch Series 6,462,Wearable
"2020-09-28",7,Apple Watch Hermès,1712,Wearable
"2021-05-23",7,iPhone SE (3rd Generation),923,Smartphone
"2023-06-01",6,MacBook (Early 2015),741,Laptop
"2022-09-06",3,iMac with Retina Display,343,Desktop
"2022-03-03",9,AirPods (3rd Generation),1842,Audio
"2022-09-01",2,iPhone 14 Pro Max,678,Smartphone
"2022-01-16",5,Lightning to USB Cable,1434,Accessories
"2023-09-15",7,Apple Watch Series 5,1296,Wearable
"2023-07-12",7,Apple TV+,404,Subscription Service
"2021-06-30",7,AirPods Pro,1167,Audio
"2022-01-10",8,Apple Watch Series 7,1431,Wearable
"2020-07-30",2,MacBook,1149,Laptop
"2023-04-19",5,Magic Mouse,313,Accessories
"2023-09-02",7,Apple TV 4K,1255,Streaming Device
"2020-06-19",6,iPhone 14,1476,Smartphone
"2022-02-14",4,iPad Pro (M1),1329,Tablet
"2024-04-06",10,MacBook Pro 16-inch,1179,Laptop
"2024-02-14",9,iPhone 13 mini,1092,Smartphone
"2023-09-03",9,Mac Mini (M2),874,Desktop
"2020-02-20",7,iMac Pro,1081,Desktop
"2022-02-04",7,Apple Watch SE,1546,Wearable
"2021-05-01",9,Apple Arcade,549,Subscription Service
"2020-02-11",4,Apple Watch Ultra,346,Wearable
"2022-03-26",1,Smart Keyboard Folio,572,Accessories
"2022-07-06",8,MacBook,1149,Laptop
"2024-10-13",6,iPhone SE (3rd Generation),923,Smartphone
"2024-07-07",10,Apple Watch Series 9,1014,Wearable
"2022-05-24",2,Mac Mini,555,Desktop
"2023-04-23",3,iMac Pro,1081,Desktop
"2024-04-27",6,iPhone 12 mini,1607,Smartphone
"2021-02-14",8,Apple Watch SE,1546,Wearable
"2020-01-06",7,iPhone 13 Pro Max,820,Smartphone
"2023-09-06",6,Apple Arcade,549,Subscription Service
"2022-11-02",1,Apple Pencil (2nd Generation),1506,Accessories
"2024-11-08",9,Apple Watch Ultra,346,Wearable
"2021-02-21",1,iMac 24-inch,449,Desktop
"2024-05-05",2,iPhone 13 Pro Max,820,Smartphone
"2021-03-16",5,Magic Trackpad,1242,Accessories
"2020-01-23",5,iMac with Retina Display,343,Desktop
"2022-12-14",1,iPhone 12 Pro,1342,Smartphone
"2023-12-20",5,Mac Mini (M2),874,Desktop
"2023-08-30",2,Apple Watch Hermès,1712,Wearable
"2021-10-12",1,iMac with Retina Display,343,Desktop
"2023-07-09",9,MacBook Air (Retina),1847,Laptop
"2021-02-24",6,iPad mini (5th Generation),1912,Tablet
"2024-07-13",9,HomePod (2nd Generation),689,Audio
"2024-10-08",8,iMac 27-inch,1918,Desktop
"2021-03-27",9,Mac Pro (Tower),458,Desktop
"2020-02-26",6,Apple One,488,Subscription Service
"2020-11-08",5,AirPods (3rd Generation),1842,Audio
"2022-02-02",9,Beats Solo Pro,1773,Audio
"2021-03-23",9,iPad Air (4th Generation),952,Tablet
"2024-03-06",5,Apple One,488,Subscription Service
"2020-10-28",10,Leather Case for iPhone,866,Accessories
"2022-01-22",10,iPad (9th Generation),1949,Tablet
"2022-04-12",7,Silicone Case for iPhone,1210,Accessories
"2023-01-18",8,iPhone 14 Pro Max,678,Smartphone
"2022-07-13",4,iPhone 13 Pro,308,Smartphone
"2024-01-14",2,iPhone 13 mini,1092,Smartphone
"2021-04-16",4,iMac 24-inch,449,Desktop
"2024-10-26",10,HomePod mini,266,Smart Speaker
"2022-09-20",8,Apple Watch Series 9,1014,Wearable
"2022-09-16",4,MacBook Pro 16-inch,1179,Laptop
"2023-02-14",2,iPhone 14 Plus,1259,Smartphone
"2020-01-05",8,iPhone 12 Pro Max,544,Smartphone
"2022-05-30",6,MacBook Pro 16-inch,1179,Laptop
"2020-02-29",6,Beats Studio Buds,762,Audio
"2024-08-22",6,Mac Studio,613,Desktop
"2020-08-06",1,Beats Studio Buds,762,Audio
"2021-02-01",1,Apple Watch Series 5,1296,Wearable
"2023-06-09",3,Apple Music,1965,Subscription Service
"2023-11-28",6,iPad mini (5th Generation),1912,Tablet
"2021-11-15",3,Mac Mini (M2),874,Desktop
"2020-12-26",8,Magic Trackpad,1242,Accessories
"2022-06-03",1,MacBook (Retina),231,Laptop
"2020-02-14",9,MacBook,1149,Laptop
"2023-02-07",6,Apple Watch Series 8,1631,Wearable
"2024-09-04",7,Apple Watch Nike Edition,884,Wearable
"2020-11-17",2,MagSafe Battery Pack,1389,Accessories
"2020-01-26",6,MacBook Air (M1),1783,Laptop
"2020-11-08",2,iPad Air (5th Generation),1591,Tablet
"2020-04-12",9,Smart Keyboard Folio,572,Accessories
"2020-02-15",1,iPhone 12 Pro Max,544,Smartphone
"2022-07-19",7,MacBook Pro 13-inch,1351,Laptop
"2023-06-11",1,iPhone 13 Pro Max,820,Smartphone
"2023-07-27",9,iPhone 14 Pro Max,678,Smartphone
"2023-08-13",9,Apple One,488,Subscription Service
"2020-04-23",9,iPad (10th Generation),1735,Tablet
"2022-02-21",8,Apple Music,1965,Subscription Service
"2022-12-01",1,iMac 24-inch,449,Desktop
"2021-08-11",4,iPad Pro (M1),1329,Tablet
"2023-03-05",2,iPhone 12 Pro,1342,Smartphone
"2024-05-23",10,Apple Fitness+,923,Subscription Service
"2023-11-20",5,Smart Keyboard Folio,572,Accessories
"2022-09-16",7,iPhone 14 Plus,1259,Smartphone
"2022-09-22",9,HomePod mini,266,Smart Speaker
"2023-03-12",3,iPad Air (4th Generation),952,Tablet
"2021-12-10",1,Apple Fitness+,923,Subscription Service
"2024-08-17",6,Apple One,488,Subscription Service
"2021-09-01",9,Apple Watch Nike Edition,884,Wearable
"2021-07-08",7,iPhone 14,1476,Smartphone
"2024-04-23",8,Apple Watch Hermès,1712,Wearable
"2020-03-07",2,iMac 24-inch,449,Desktop
"2023-07-01",7,Apple Watch Nike Edition,884,Wearable
"2024-06-05",4,Apple One,488,Subscription Service
"2020-08-22",9,Beats Powerbeats Pro,1060,Audio
"2024-10-22",7,iMac with Retina Display,343,Desktop
"2022-03-01",8,Mac Pro (2023),681,Desktop
"2022-07-06",8,Apple Watch Series 7,1431,Wearable
"2022-08-09",8,iMac with Retina Display,343,Desktop
"2022-10-09",9,MacBook Pro 16-inch,1179,Laptop
"2020-02-06",5,HomePod mini,266,Smart Speaker
"2024-02-12",3,Smart Cover for iPad,1014,Accessories
"2024-08-25",1,iPad Pro 11-inch,1761,Tablet
"2021-01-11",10,Mac Pro (2023),681,Desktop
"2021-10-10",3,iPad Pro 12.9-inch,1167,Tablet
"2023-09-20",6,AirTag,677,Accessories
"2021-10-09",2,iPad Pro 11-inch,1761,Tablet
"2021-07-13",2,iPad mini (5th Generation),1912,Tablet
"2020-07-12",10,AirPods (3rd Generation),1842,Audio
"2024-03-07",6,AirPods Pro (2nd Generation),696,Audio
"2023-12-09",10,Apple Music,1965,Subscription Service
"2021-07-18",6,Beats Powerbeats Pro,1060,Audio
"2020-09-17",4,Beats Studio Buds,762,Audio
"2024-11-01",1,iPhone 13 Pro Max,820,Smartphone
"2023-12-28",8,MacBook Pro 16-inch,1179,Laptop
"2024-08-25",5,iPad mini (6th Generation),573,Tablet
"2024-03-20",3,iPad (9th Generation),1949,Tablet
"2020-12-22",1,Apple Watch SE,1546,Wearable
"2023-07-01",9,HomePod mini,438,Audio
"2022-09-11",2,MacBook Air (M1),1783,Laptop
"2024-01-26",2,iPhone 12 mini,1607,Smartphone
"2024-07-05",7,AirPods Pro,1167,Audio
"2020-04-27",8,iPhone 12 mini,1607,Smartphone
"2020-05-12",5,Apple Music,1965,Subscription Service
"2023-01-13",4,iPhone 13,623,Smartphone
"2024-03-29",6,iPhone SE (3rd Generation),923,Smartphone
"2021-09-29",6,MacBook Air (M2),1588,Laptop
"2021-07-24",2,iPhone 12 Pro,1342,Smartphone
"2021-06-11",8,Apple Music,1965,Subscription Service
"2020-07-28",3,iPhone 12 mini,1607,Smartphone
"2021-01-20",10,HomePod (2nd Generation),689,Audio
"2023-08-18",3,Apple Watch Series 7,1431,Wearable
"2020-12-07",6,MacBook Air (M2),1588,Laptop
"2023-09-18",6,iPhone 13 mini,1092,Smartphone
"2022-08-20",8,Beats Powerbeats Pro,1060,Audio
"2021-04-29",3,Mac Pro (2023),681,Desktop
"2023-10-08",4,MacBook,1149,Laptop
"2023-12-22",2,iPhone 12 mini,1607,Smartphone
"2020-01-04",5,HomePod (2nd Generation),689,Audio
"2020-03-25",2,iPad Pro (M1),1329,Tablet
"2024-03-23",3,iMac Pro,1081,Desktop
"2024-02-04",7,Apple Watch Hermès,1712,Wearable
"2020-01-14",4,MacBook Air (M2),1588,Laptop
"2024-04-12",1,iPad Air (5th Generation),1591,Tablet
"2022-08-22",10,iPhone 12 Pro,1342,Smartphone
"2023-07-17",5,Beats Solo Pro,1773,Audio
"2022-01-05",3,Apple Watch Series 5,1296,Wearable
"2020-11-04",3,MacBook,1149,Laptop
"2023-12-14",7,Apple Pencil (1st Generation),925,Accessories
"2020-12-14",4,iPad Air (4th Generation),952,Tablet
"2020-09-24",9,Beats Studio Buds,762,Audio
"2021-03-22",1,iMac with Retina Display,343,Desktop
"2022-01-20",7,MacBook Pro 16-inch,1179,Laptop
"2022-07-31",3,iPhone 12 Pro,1342,Smartphone
"2023-10-20",1,iPhone 12 mini,1607,Smartphone
"2021-02-05",10,Leather Case for iPhone,866,Accessories
"2024-08-25",3,Mac Pro (Tower),458,Desktop
"2021-12-03",7,MagSafe Charger,1744,Accessories
"2023-05-01",1,iMac with Retina Display,343,Desktop
"2023-08-23",7,HomePod,1202,Smart Speaker
"2020-12-22",3,Beats Solo Pro,1773,Audio
"2020-10-07",6,MagSafe Charger,1744,Accessories
"2020-06-15",4,Apple One,488,Subscription Service
"2022-04-08",5,Apple TV (3rd Generation),477,Streaming Device
"2024-07-10",1,iPhone 14 Pro Max,678,Smartphone
"2021-12-24",7,Mac Pro (Rack),1415,Desktop
"2020-12-17",5,iPhone 13 mini,1092,Smartphone
"2020-03-09",1,Mac Pro (2023),681,Desktop
"2022-02-02",10,iPhone 14 Pro,1380,Smartphone
"2023-02-02",8,MacBook Air (M1),1783,Laptop
"2022-02-19",5,HomePod mini,266,Smart Speaker
"2022-07-28",3,iMac 24-inch,449,Desktop
"2024-09-25",6,Magic Keyboard with Touch ID,1162,Accessories
"2022-04-18",2,Silicone Case for iPhone,1210,Accessories
"2020-10-10",4,MacBook Pro 16-inch,1179,Laptop
"2023-10-22",3,iPad Pro 12.9-inch,1167,Tablet
"2021-09-27",3,Apple News+,253,Subscription Service
"2023-06-29",8,iPhone 12 mini,1607,Smartphone
"2023-04-15",7,Apple One,488,Subscription Service
"2024-04-21",3,Silicone Case for iPhone,1210,Accessories
"2021-12-25",5,MacBook,1149,Laptop
"2020-09-10",6,iMac 24-inch,449,Desktop
"2022-12-28",2,Mac Mini,555,Desktop
"2020-06-23",3,Apple News+,253,Subscription Service
"2021-07-22",8,Apple Watch Ultra,346,Wearable
"2022-05-18",9,Apple Pencil (1st Generation),925,Accessories
"2020-03-24",10,iPad Pro (M2),1826,Tablet
"2023-01-21",2,Apple Watch Series 6,462,Wearable
"2021-03-15",5,iPhone 13 Pro Max,820,Smartphone
"2022-10-24",1,Apple Fitness+,923,Subscription Service
"2020-07-05",4,iMac Pro,1081,Desktop
"2020-08-30",10,iPhone 14 Plus,1259,Smartphone
"2024-09-07",8,Apple Music,1965,Subscription Service
"2022-06-13",9,Mac Pro (2023),681,Desktop
"2021-03-16",4,Mac Studio,613,Desktop
"2020-01-18",6,Apple TV+,404,Subscription Service
"2021-04-13",2,iPhone 12 Pro Max,544,Smartphone
"2020-01-01",10,iPad mini (6th Generation),573,Tablet
"2023-03-11",2,iMac Pro,1081,Desktop
"2022-07-23",6,AirPods (3rd Generation),1842,Audio
"2020-12-02",6,Apple Arcade,549,Subscription Service
"2022-01-22",10,Beats Fit Pro,1839,Audio
"2023-09-29",2,MacBook Pro 14-inch,768,Laptop
"2022-12-17",2,iMac Pro,1081,Desktop
"2020-10-26",5,MacBook,1149,Laptop
"2021-08-03",6,Apple One,488,Subscription Service
"2020-03-26",3,Mac Pro (2023),681,Desktop
"2024-02-14",1,iPhone 12 Pro,1342,Smartphone
"2023-03-20",8,Mac Mini,555,Desktop
"2021-05-28",1,MacBook,1149,Laptop
"2022-10-23",6,Mac Pro (Rack),1415,Desktop
"2024-07-03",9,Apple Watch Nike Edition,884,Wearable
"2021-05-02",6,AirTag,677,Accessories
"2023-03-12",5,Magic Trackpad,1242,Accessories
"2020-10-11",9,iPad mini (6th Generation),573,Tablet
"2020-03-11",9,iPhone 14 Pro,1380,Smartphone
"2021-07-24",10,iMac with Retina Display,343,Desktop
"2022-06-22",3,Smart Cover for iPad,1014,Accessories
"2021-01-02",4,MacBook (Retina),231,Laptop
"2024-06-19",1,iPad (10th Generation),1735,Tablet
"2024-11-09",10,Apple News+,253,Subscription Service
"2023-07-09",9,MagSafe Battery Pack,1389,Accessories
"2021-03-13",2,MacBook,1149,Laptop
"2024-10-22",2,iPad Pro 11-inch,1761,Tablet
"2023-01-11",6,Mac Mini,555,Desktop
"2020-11-06",6,Apple Pencil (1st Generation),925,Accessories
"2022-05-24",3,Beats Solo Pro,1773,Audio
"2022-07-14",4,MagSafe Battery Pack,1389,Accessories
"2020-05-18",7,Apple TV+,404,Subscription Service
"2024-07-10",6,iMac Pro,1081,Desktop
"2021-07-09",2,MacBook Pro 16-inch,1179,Laptop
"2020-09-13",7,iPad Pro 11-inch,1761,Tablet
"2023-04-28",8,iPhone 12 Pro,1342,Smartphone
"2020-04-19",10,HomePod mini,266,Smart Speaker
"2023-09-26",3,Apple Arcade,549,Subscription Service
"2020-11-28",5,Mac Mini (M2),874,Desktop
"2020-10-25",8,iPhone 14 Pro Max,678,Smartphone
"2021-08-04",6,Silicone Case for iPhone,1210,Accessories
"2024-04-14",2,iPad Pro (M2),1826,Tablet
"2023-07-05",2,Apple Watch Series 6,462,Wearable
"2022-10-12",1,Beats Fit Pro,1839,Audio
"2021-11-25",3,Apple TV (3rd Generation),477,Streaming Device
"2021-12-20",4,iPad (9th Generation),1949,Tablet
"2022-06-19",10,iPad Air (5th Generation),1591,Tablet
"2022-11-11",5,Lightning to USB Cable,1434,Accessories
"2023-07-23",7,Apple Watch SE,1546,Wearable
"2024-07-09",2,Magic Trackpad,1242,Accessories
"2023-06-02",5,iPhone 13 Pro,308,Smartphone
"2020-08-15",8,iPhone SE (3rd Generation),923,Smartphone
"2022-06-25",9,Mac Pro (2023),681,Desktop
"2021-10-14",10,Mac Studio,613,Desktop
"2021-06-27",1,Leather Case for iPhone,866,Accessories
"2020-01-20",7,Apple Watch SE,1546,Wearable
"2023-08-20",9,Magic Keyboard,368,Accessories
"2023-01-11",3,MacBook Air (Retina),1847,Laptop
"2021-06-16",5,Apple Watch Nike Edition,884,Wearable
"2020-09-06",9,iPad Air (5th Generation),1591,Tablet
"2021-07-30",3,AirPods Pro (2nd Generation),696,Audio
"2024-04-10",1,Apple Fitness+,923,Subscription Service
"2023-07-11",6,Mac Pro (Rack),1415,Desktop
"2020-07-17",10,iCloud,1181,Subscription Service
"2020-10-21",7,iPhone 12 Pro,1342,Smartphone
"2023-04-24",7,iPhone 14 Pro,1380,Smartphone
"2021-05-18",2,Mac Mini,555,Desktop
"2021-09-24",2,iPhone 13 mini,1092,Smartphone
"2022-05-13",8,Apple Watch Series 7,1431,Wearable
"2022-08-21",7,Apple Pencil (1st Generation),925,Accessories
"2020-12-21",1,iPad Pro 12.9-inch,1167,Tablet
"2020-02-10",8,Magic Trackpad,1242,Accessories
"2021-09-15",5,Mac Pro (Tower),458,Desktop
"2021-09-29",8,Apple TV+,404,Subscription Service
"2020-09-11",3,MacBook Pro 16-inch,1179,Laptop
"2021-03-22",9,Beats Powerbeats Pro,1060,Audio
"2020-03-30",1,Apple Fitness+,923,Subscription Service
"2022-11-11",6,Apple Watch Series 6,462,Wearable
"2023-12-05",8,Apple Watch Hermès,1712,Wearable
"2021-08-20",5,HomePod (2nd Generation),689,Audio
"2022-07-30",10,Beats Fit Pro,1839,Audio
"2020-02-25",10,Apple TV 4K,1255,Streaming Device
"2021-05-23",8,AirPods (3rd Generation),1842,Audio
"2022-07-26",6,Magic Keyboard with Touch ID,1162,Accessories
"2021-05-06",5,Beats Studio Buds,762,Audio
"2020-08-14",8,iPad Air (5th Generation),1591,Tablet
"2023-08-20",10,iPhone 12 Pro Max,544,Smartphone
"2022-01-12",8,HomePod (2nd Generation),689,Audio
"2024-03-23",9,Mac Pro (Tower),458,Desktop
"2021-03-19",3,Smart Keyboard Folio,572,Accessories
"2024-08-20",4,Apple Watch Ultra,346,Wearable
"2020-01-12",7,Apple Watch Series 8,1631,Wearable
"2024-02-13",9,MagSafe Battery Pack,1389,Accessories
"2021-10-10",1,iPhone 12,1436,Smartphone
"2020-10-08",1,MagSafe Charger,1744,Accessories
"2022-05-02",3,Apple Fitness+,923,Subscription Service
"2022-06-23",1,MacBook Pro 16-inch,1179,Laptop
"2023-05-07",3,MagSafe Battery Pack,1389,Accessories
"2022-07-10",7,MacBook (Early 2015),741,Laptop
"2021-11-30",10,Magic Keyboard,368,Accessories
"2021-03-07",6,Apple Arcade,549,Subscription Service
"2020-10-04",10,Apple Music,1965,Subscription Service
"2024-06-29",4,iPhone 13 mini,1092,Smartphone
"2020-03-31",1,iPad Pro 11-inch,1761,Tablet
"2020-02-25",5,iPhone 14 Pro,1380,Smartphone
"2023-12-04",10,Apple Watch Series 7,1431,Wearable
"2022-12-21",2,iPad Pro 12.9-inch,1167,Tablet
"2023-05-28",5,iPhone 12,1436,Smartphone
"2023-11-10",9,Mac Pro (Rack),1415,Desktop
"2022-11-26",10,Lightning to USB Cable,1434,Accessories
"2021-06-16",2,HomePod mini,438,Audio
"2022-08-13",9,Smart Cover for iPad,1014,Accessories
"2021-01-16",3,iPhone 12 Pro Max,544,Smartphone
"2020-09-13",3,Apple Watch Hermès,1712,Wearable
"2023-05-09",1,Mac Mini (M2),874,Desktop
"2022-04-05",1,Beats Powerbeats Pro,1060,Audio
"2020-04-04",8,iMac 27-inch,1918,Desktop
"2023-03-21",4,Apple Watch Series 5,1296,Wearable
"2020-09-15",3,iPhone 13,623,Smartphone
"2024-07-25",9,AirPods Pro,1167,Audio
"2022-09-16",4,iPad Pro (M1),1329,Tablet
"2020-02-24",5,MacBook Pro 16-inch,1179,Laptop
"2023-05-06",9,Silicone Case for iPhone,1210,Accessories
"2020-01-23",9,Apple Watch Series 9,1014,Wearable
"2021-08-21",9,HomePod mini,438,Audio
"2021-04-10",2,iPad mini (6th Generation),573,Tablet
"2022-09-29",5,Apple Watch Series 5,1296,Wearable
"2023-12-25",9,Mac Pro (2023),681,Desktop
"2023-07-14",9,AirTag,677,Accessories
"2022-01-26",8,Apple Watch Hermès,1712,Wearable
"2024-03-23",2,iPad Air (5th Generation),1591,Tablet
"2024-07-28",5,iCloud,1181,Subscription Service
"2021-01-23",9,Mac Pro (2023),681,Desktop
"2021-11-10",5,MacBook (Early 2015),741,Laptop
"2022-09-24",6,Leather Case for iPhone,866,Accessories
"2020-03-24",7,Apple TV 4K,1255,Streaming Device
"2024-04-14",5,iPad (9th Generation),1949,Tablet
"2020-05-13",5,AirPods (2nd Generation),504,Audio
"2022-11-15",1,iPad Air (5th Generation),1591,Tablet
"2022-05-04",5,iMac 24-inch,449,Desktop
"2024-10-26",9,iPhone 12 Pro,1342,Smartphone
"2023-12-01",8,AirPods (2nd Generation),504,Audio
"2024-10-28",7,AirPods (2nd Generation),504,Audio
"2021-05-11",9,Apple One,488,Subscription Service
"2023-04-30",1,Apple Pencil (2nd Generation),1506,Accessories
"2021-04-10",3,iCloud,1181,Subscription Service
"2023-06-26",6,Mac Pro (Rack),1415,Desktop
"2021-04-28",3,iCloud,1181,Subscription Service
"2023-12-03",9,Apple Watch Series 5,1296,Wearable
"2022-05-09",5,iPhone 13 Pro,308,Smartphone
"2021-01-18",6,Apple Watch Series 6,462,Wearable
"2023-10-06",2,iPhone 14 Pro Max,678,Smartphone
"2024-06-14",6,Mac Pro (2023),681,Desktop
"2021-04-13",10,iPhone 12 mini,1607,Smartphone
"2023-12-27",1,MacBook Pro 13-inch,1351,Laptop
"2021-10-04",3,Apple TV (3rd Generation),477,Streaming Device
"2021-11-30",2,HomePod mini,266,Smart Speaker
"2022-01-12",9,MacBook,1149,Laptop
"2022-11-08",3,Mac Pro (2023),681,Desktop
"2022-06-02",7,Mac Mini (M2),874,Desktop
"2020-11-26",1,iMac with Retina Display,343,Desktop
"2022-04-18",6,iPhone 13 mini,1092,Smartphone
"2021-02-16",3,MacBook Air (Retina),1847,Laptop
"2024-08-09",4,MagSafe Charger,1744,Accessories
"2021-08-30",4,iMac Pro,1081,Desktop
"2024-05-21",8,MagSafe Charger,1744,Accessories
"2023-04-12",4,Apple TV HD,1258,Streaming Device
"2023-05-29",9,HomePod mini,266,Smart Speaker
"2023-07-16",6,iCloud,1181,Subscription Service
"2023-09-29",8,MacBook (Retina),231,Laptop
"2021-04-16",1,MacBook Air (Retina),1847,Laptop
"2022-05-12",10,MacBook Pro 14-inch,768,Laptop
"2022-03-14",7,Mac Pro (Tower),458,Desktop
"2023-07-16",1,Apple Watch Nike Edition,884,Wearable
"2024-08-01",8,iPhone 14 Pro,1380,Smartphone
"2023-04-02",4,Mac Studio,613,Desktop
"2023-01-31",9,iMac with Retina Display,343,Desktop
"2023-04-13",8,HomePod,1202,Smart Speaker
"2021-01-17",2,Apple Pencil (2nd Generation),1506,Accessories
"2022-10-24",7,MacBook Pro 13-inch,1351,Laptop
"2023-07-08",4,iPhone 12 Pro Max,544,Smartphone
"2021-10-11",2,iPad (9th Generation),1949,Tablet
"2022-02-04",8,iCloud,1181,Subscription Service
"2022-07-02",10,AirTag,677,Accessories
"2022-07-22",7,MacBook Pro 14-inch,768,Laptop
"2020-01-07",1,iPhone 14 Plus,1259,Smartphone
"2024-01-23",5,AirPods Pro,1167,Audio
"2021-02-10",8,Silicone Case for iPhone,1210,Accessories
"2021-07-14",5,Smart Keyboard Folio,572,Accessories
"2021-04-16",6,Mac Pro (Rack),1415,Desktop
"2023-12-09",8,Apple Arcade,549,Subscription Service
"2023-03-22",5,Apple Watch Series 5,1296,Wearable
"2022-01-06",1,iPhone 14 Plus,1259,Smartphone
"2020-01-08",8,Apple Fitness+,923,Subscription Service
"2022-01-04",4,Apple TV (3rd Generation),477,Streaming Device
"2024-05-30",5,iCloud,1181,Subscription Service
"2021-10-07",3,iPad Pro (M2),1826,Tablet
"2022-08-29",4,Apple Watch Series 8,1631,Wearable
"2024-01-15",7,Magic Keyboard,368,Accessories
"2020-02-21",8,iMac 27-inch,1918,Desktop
"2023-01-16",9,iPhone 13 Pro Max,820,Smartphone
"2024-04-25",1,iPad Air (5th Generation),1591,Tablet
"2024-06-14",9,MacBook (Retina),231,Laptop
"2022-03-20",8,Beats Powerbeats Pro,1060,Audio
"2024-10-30",8,Mac Pro (Tower),458,Desktop
"2024-08-02",3,Apple TV HD,1258,Streaming Device
"2020-08-03",2,Mac Pro (Tower),458,Desktop
"2020-10-06",3,Lightning to USB Cable,1434,Accessories
"2021-03-28",2,Mac Mini (M2),874,Desktop
"2023-08-08",7,AirTag,677,Accessories
"2020-06-21",7,iPad Pro 11-inch,1761,Tablet
"2022-10-19",6,iPhone 12,1436,Smartphone
"2024-07-23",8,Apple Watch Series 7,1431,Wearable
"2021-12-16",4,Apple Pencil (2nd Generation),1506,Accessories
"2024-09-25",3,iPad (9th Generation),1949,Tablet
"2022-07-09",2,MagSafe Charger,1744,Accessories
"2020-07-16",8,Magic Trackpad,1242,Accessories
"2022-11-03",10,Apple TV+,404,Subscription Service
"2021-12-06",1,iPad Pro (M2),1826,Tablet
"2022-05-20",5,Mac Pro (2023),681,Desktop
"2023-07-23",6,MagSafe Charger,1744,Accessories
"2020-01-01",1,iPhone 14 Plus,1259,Smartphone
"2021-11-17",2,iPhone 12 mini,1607,Smartphone
"2022-07-22",5,Mac Pro (Rack),1415,Desktop
"2020-08-14",2,iPhone SE (3rd Generation),923,Smartphone
"2023-10-25",3,iPhone 13 mini,1092,Smartphone
"2023-02-21",10,Magic Keyboard,368,Accessories
"2021-02-23",8,Apple Watch Ultra,346,Wearable
"2024-07-16",5,iPad Pro (M2),1826,Tablet
"2024-08-16",5,iPhone 13 Pro,308,Smartphone
"2023-03-12",9,Mac Mini,555,Desktop
"2020-10-20",1,iPhone 14 Plus,1259,Smartphone
"2020-11-26",1,Mac Pro (Rack),1415,Desktop
"2023-01-13",8,Mac Studio,613,Desktop
"2020-06-06",9,iPhone 12,1436,Smartphone
"2020-11-02",4,iPad mini (5th Generation),1912,Tablet
"2022-11-30",9,Apple Watch Series 7,1431,Wearable
"2024-08-09",5,iMac 24-inch,449,Desktop
"2021-09-03",10,iPad Air (5th Generation),1591,Tablet
"2021-02-13",10,Apple Watch Series 7,1431,Wearable
"2023-11-26",9,AirPods Pro,1167,Audio
"2024-02-29",7,iPad Pro (M1),1329,Tablet
"2022-09-03",7,MagSafe Charger,1744,Accessories
"2021-06-06",9,MacBook Pro 13-inch,1351,Laptop
"2022-08-26",6,Apple Watch Series 9,1014,Wearable
"2023-11-09",7,iMac with Retina Display,343,Desktop
"2021-10-10",5,Apple Music,1965,Subscription Service
"2024-10-21",7,MacBook,1149,Laptop
"2020-08-27",4,MacBook Air (M2),1588,Laptop
"2023-07-25",5,iPhone 14,1476,Smartphone
"2022-01-25",10,iMac 24-inch,449,Desktop
"2023-03-23",9,Mac Pro (Rack),1415,Desktop
"2023-11-26",9,iPad Pro (M2),1826,Tablet
"2023-04-23",1,Apple Watch Nike Edition,884,Wearable
"2023-01-19",9,iPad Pro 12.9-inch,1167,Tablet
"2020-06-06",3,Apple News+,253,Subscription Service
"2023-07-28",1,iPad Pro (M2),1826,Tablet
"2023-12-13",1,MagSafe Battery Pack,1389,Accessories
"2022-04-13",2,Smart Keyboard Folio,572,Accessories
"2022-06-22",1,Apple Watch Ultra,346,Wearable
"2022-03-12",10,Magic Mouse,313,Accessories
"2024-08-02",7,MagSafe Battery Pack,1389,Accessories
"2021-11-24",8,iMac with Retina Display,343,Desktop
"2023-04-02",7,iPad (9th Generation),1949,Tablet
"2024-02-15",10,MacBook Air (M1),1783,Laptop
"2021-07-21",5,iPhone 12 mini,1607,Smartphone
"2022-06-08",4,iMac Pro,1081,Desktop
"2022-08-14",1,iMac 27-inch,1918,Desktop
"2024-10-15",10,MagSafe Battery Pack,1389,Accessories
"2020-08-22",6,Smart Cover for iPad,1014,Accessories
"2020-04-06",10,Mac Pro (Tower),458,Desktop
"2023-02-09",8,iPad mini (5th Generation),1912,Tablet
"2022-09-10",5,Apple Pencil (1st Generation),925,Accessories
"2023-01-18",10,iPad (9th Generation),1949,Tablet
"2020-03-24",5,iPad Pro 12.9-inch,1167,Tablet
"2021-10-16",8,AirPods (2nd Generation),504,Audio
"2021-08-29",9,MacBook (Retina),231,Laptop
"2020-12-13",3,iPad mini (6th Generation),573,Tablet
"2021-10-19",9,MacBook (Retina),231,Laptop
"2023-11-24",10,MacBook Pro (Touch Bar),1304,Laptop
"2021-11-05",8,Apple Watch Series 6,462,Wearable
"2020-11-27",5,Apple Watch Series 5,1296,Wearable
"2020-12-13",8,MacBook Air (M2),1588,Laptop
"2020-07-09",8,Smart Cover for iPad,1014,Accessories
"2023-10-05",10,iPhone 12,1436,Smartphone
"2024-05-12",2,Apple Watch Series 6,462,Wearable
"2023-08-30",9,iPad Pro 11-inch,1761,Tablet
"2024-03-05",8,Smart Cover for iPad,1014,Accessories
"2023-04-09",3,iPhone 13 Pro,308,Smartphone
"2023-12-21",8,iPhone 14 Pro Max,678,Smartphone
"2024-05-06",8,AirPods Max,1603,Audio
"2020-08-29",2,iCloud,1181,Subscription Service
"2023-05-20",4,iPhone 13,623,Smartphone
"2023-05-31",5,iPad Air (4th Generation),952,Tablet
"2022-03-22",5,iPad Pro 11-inch,1761,Tablet
"2021-06-07",8,Beats Solo Pro,1773,Audio
"2022-08-19",2,iPad Pro 12.9-inch,1167,Tablet
"2021-11-19",8,iPhone 13 Pro,308,Smartphone
"2024-11-02",7,AirTag,677,Accessories
"2022-09-12",9,MagSafe Charger,1744,Accessories
"2024-03-20",3,Beats Fit Pro,1839,Audio
"2023-06-03",3,Apple TV (3rd Generation),477,Streaming Device
"2024-02-09",7,iPad (9th Generation),1949,Tablet
"2024-06-15",1,Apple Fitness+,923,Subscription Service
"2024-04-16",6,Apple Watch SE,1546,Wearable
"2022-12-07",7,Apple Watch Nike Edition,884,Wearable
"2024-09-24",6,iPhone 12,1436,Smartphone
"2023-04-06",7,iMac 24-inch,449,Desktop
"2023-05-31",1,MacBook Pro 14-inch,768,Laptop
"2021-09-09",10,Apple Watch Hermès,1712,Wearable
"2023-02-28",10,Mac Pro (Rack),1415,Desktop
"2023-09-03",6,Apple TV 4K,1255,Streaming Device
"2021-04-13",6,MacBook Air (Retina),1847,Laptop
"2024-09-08",1,Apple Watch Series 8,1631,Wearable
"2024-05-07",6,Mac Pro (Tower),458,Desktop
"2021-11-11",7,Beats Studio Buds,762,Audio
"2020-06-13",9,Apple Watch Nike Edition,884,Wearable
"2023-02-10",2,Beats Powerbeats Pro,1060,Audio
"2020-12-26",7,iPad mini (5th Generation),1912,Tablet
"2020-01-06",3,MagSafe Battery Pack,1389,Accessories
"2024-04-16",8,MacBook Air (M2),1588,Laptop
"2024-09-22",3,MacBook,1149,Laptop
"2022-06-20",5,Smart Cover for iPad,1014,Accessories
"2021-06-02",6,Smart Cover for iPad,1014,Accessories
"2024-08-03",3,iPhone 14,1476,Smartphone
"2022-07-12",10,HomePod mini,266,Smart Speaker
"2022-10-21",9,Lightning to USB Cable,1434,Accessories
"2020-06-17",4,Magic Keyboard with Touch ID,1162,Accessories
"2020-04-28",10,iPad Pro (M2),1826,Tablet
"2021-06-30",3,iMac Pro,1081,Desktop
"2021-03-09",5,Apple One,488,Subscription Service
"2021-06-09",7,Apple Watch Series 7,1431,Wearable
"2020-01-06",6,Beats Fit Pro,1839,Audio
"2021-12-31",5,Magic Trackpad,1242,Accessories
"2022-10-25",9,iPhone 13,623,Smartphone
"2022-03-04",9,MacBook Pro 16-inch,1179,Laptop
"2021-05-21",8,iPad Pro (M1),1329,Tablet
"2024-08-08",7,iPad mini (5th Generation),1912,Tablet
"2024-06-07",10,MacBook (Early 2015),741,Laptop
"2021-09-29",2,Apple Watch Series 7,1431,Wearable
"2022-11-23",7,MacBook (Retina),231,Laptop
"2023-03-29",5,AirTag,677,Accessories
"2022-06-20",8,iPhone SE (3rd Generation),923,Smartphone
"2024-10-16",7,iMac with Retina Display,343,Desktop
"2020-09-29",8,Beats Solo Pro,1773,Audio
"2021-06-27",7,iPad Air (4th Generation),952,Tablet
"2024-01-01",3,MacBook Air (M2),1588,Laptop
"2021-05-13",9,Apple Watch Hermès,1712,Wearable
"2021-05-17",8,iPhone 14 Pro Max,678,Smartphone
"2021-08-14",8,MacBook (Retina),231,Laptop
"2024-04-04",9,iPhone 13 Pro,308,Smartphone
"2020-09-22",1,Apple Watch Series 5,1296,Wearable
"2020-09-05",2,HomePod,1202,Smart Speaker
"2023-02-18",8,iPad Pro 11-inch,1761,Tablet
"2022-12-02",2,Apple Watch Series 5,1296,Wearable
"2022-06-30",8,Magic Keyboard with Touch ID,1162,Accessories
"2020-12-22",7,iMac 24-inch,449,Desktop
"2024-07-22",1,iPhone 12 Pro Max,544,Smartphone
"2020-09-07",7,Mac Mini (M2),874,Desktop
"2021-07-06",2,iMac 27-inch,1918,Desktop
"2023-05-03",7,Apple TV+,404,Subscription Service
"2023-01-19",2,MacBook (Early 2015),741,Laptop
"2021-03-11",8,iPad Pro 11-inch,1761,Tablet
"2020-01-15",2,Apple Watch Series 7,1431,Wearable
"2023-04-08",8,iPhone 12 mini,1607,Smartphone
"2023-07-21",6,iPhone 14,1476,Smartphone
"2021-12-01",9,Apple Watch SE,1546,Wearable
"2022-10-19",10,Beats Studio Buds,762,Audio
"2023-11-05",5,MacBook Pro 13-inch,1351,Laptop
"2021-04-28",9,iPad Pro (M2),1826,Tablet
"2020-10-26",8,MacBook Pro 13-inch,1351,Laptop
"2021-01-31",4,Apple Watch SE,1546,Wearable
"2020-04-04",3,iPhone 14 Pro,1380,Smartphone
"2022-09-06",8,MacBook (Retina),231,Laptop
"2023-05-31",10,MacBook Air (Retina),1847,Laptop
"2020-01-24",8,Mac Mini,555,Desktop
"2023-10-11",7,Apple TV (3rd Generation),477,Streaming Device
"2023-09-16",4,Apple Pencil (1st Generation),925,Accessories
"2020-03-26",9,Apple Watch Nike Edition,884,Wearable
"2024-08-31",9,Apple Watch Ultra,346,Wearable
"2022-05-22",2,MacBook Pro 14-inch,768,Laptop
"2024-09-22",4,Silicone Case for iPhone,1210,Accessories
"2021-09-15",6,Apple Watch Hermès,1712,Wearable
"2021-08-12",4,iPhone 13 Pro,308,Smartphone
"2020-05-19",5,AirPods Max,1603,Audio
"2021-05-27",9,Beats Solo Pro,1773,Audio
"2024-02-05",9,Mac Pro (Tower),458,Desktop
"2020-05-31",6,Smart Cover for iPad,1014,Accessories
"2020-10-26",3,HomePod,1202,Smart Speaker
"2021-08-27",5,AirPods (2nd Generation),504,Audio
"2022-03-19",10,iPhone SE (3rd Generation),923,Smartphone
"2022-03-17",8,AirPods Pro (2nd Generation),696,Audio
"2023-06-19",5,MacBook Pro 16-inch,1179,Laptop
"2024-10-05",10,iPhone 13 Pro,308,Smartphone
"2022-04-17",8,AirPods Max,1603,Audio
"2024-01-11",4,iPhone 12 Pro,1342,Smartphone
"2023-01-17",9,iPad Air (5th Generation),1591,Tablet
"2021-05-07",3,Apple TV HD,1258,Streaming Device
"2021-02-13",9,iPad Pro 11-inch,1761,Tablet
"2022-02-24",10,Apple Fitness+,923,Subscription Service
"2024-10-12",8,iMac with Retina Display,343,Desktop
"2021-10-04",10,Apple Watch SE,1546,Wearable
"2020-04-15",7,Apple Fitness+,923,Subscription Service
"2020-06-23",7,iPad Air (5th Generation),1591,Tablet
"2023-01-16",1,Apple News+,253,Subscription Service
"2024-01-05",4,Apple Watch Series 7,1431,Wearable
"2022-04-05",9,Magic Mouse,313,Accessories
"2021-01-01",4,Apple Watch Series 5,1296,Wearable
"2022-10-03",6,iPhone 12 Pro,1342,Smartphone
"2021-05-30",9,MacBook Pro 13-inch,1351,Laptop
"2023-05-03",6,iPhone 14 Pro,1380,Smartphone
"2020-05-21",1,MacBook Pro 16-inch,1179,Laptop
"2021-09-26",5,iPhone 13 Pro,308,Smartphone
"2024-05-11",5,iPad Pro 11-inch,1761,Tablet
"2022-01-12",3,iPad mini (5th Generation),1912,Tablet
"2024-09-09",8,iPhone 12 Pro Max,544,Smartphone
"2020-06-28",5,Beats Powerbeats Pro,1060,Audio
"2021-01-16",2,AirPods (2nd Generation),504,Audio
"2023-09-09",9,Apple TV 4K,1255,Streaming Device
"2021-05-27",9,iPad Pro 11-inch,1761,Tablet
"2022-11-12",1,iMac with Retina Display,343,Desktop
"2021-04-25",3,Lightning to USB Cable,1434,Accessories
"2020-01-07",2,AirPods Pro (2nd Generation),696,Audio
"2024-07-30",4,Apple News+,253,Subscription Service
"2023-03-21",8,Apple Pencil (1st Generation),925,Accessories
"2020-10-25",6,Magic Keyboard,368,Accessories
"2024-10-08",1,iPhone 12 Pro Max,544,Smartphone
"2021-03-11",4,Silicone Case for iPhone,1210,Accessories
"2020-03-28",7,iPad (10th Generation),1735,Tablet
"2021-08-27",7,Apple TV HD,1258,Streaming Device
"2020-11-03",9,iPad Air (5th Generation),1591,Tablet
"2023-03-19",1,Apple Pencil (1st Generation),925,Accessories
"2022-03-22",1,iPhone 13 Pro,308,Smartphone
"2023-08-15",1,MagSafe Battery Pack,1389,Accessories
"2020-11-01",5,Apple Music,1965,Subscription Service
"2024-07-31",4,MacBook (Early 2015),741,Laptop
"2023-05-31",6,iPhone 14 Pro Max,678,Smartphone
"2023-06-25",6,iPhone 12 mini,1607,Smartphone
"2024-09-17",7,iMac Pro,1081,Desktop
"2021-06-20",10,Leather Case for iPhone,866,Accessories
"2023-11-12",7,iPhone 12 Pro Max,544,Smartphone
"2020-11-20",1,iPad Pro (M1),1329,Tablet
"2022-12-10",6,MagSafe Charger,1744,Accessories
"2024-09-16",9,Beats Fit Pro,1839,Audio
"2021-06-17",8,Smart Cover for iPad,1014,Accessories
"2020-03-25",2,AirPods Pro (2nd Generation),696,Audio
"2023-01-09",6,MacBook Pro (Touch Bar),1304,Laptop
"2020-06-30",3,Apple Watch Series 7,1431,Wearable
"2021-11-23",10,iPhone 14 Plus,1259,Smartphone
"2023-08-02",9,iPad (9th Generation),1949,Tablet
"2020-07-04",1,Apple Music,1965,Subscription Service
"2022-05-18",7,Apple TV+,404,Subscription Service
"2024-10-09",10,Mac Pro (Tower),458,Desktop
"2022-11-09",3,Leather Case for iPhone,866,Accessories
"2023-08-25",8,Lightning to USB Cable,1434,Accessories
"2022-08-17",2,Silicone Case for iPhone,1210,Accessories
"2024-04-15",10,Apple News+,253,Subscription Service
"2021-06-13",5,HomePod,1202,Smart Speaker
"2021-11-04",8,iPad Pro 12.9-inch,1167,Tablet
"2023-03-17",6,iPhone 12 Pro,1342,Smartphone
"2022-11-14",3,iPad Pro 11-inch,1761,Tablet
"2023-09-12",4,Apple Watch Series 5,1296,Wearable
"2022-02-02",9,Apple Arcade,549,Subscription Service
"2021-01-17",8,Magic Trackpad,1242,Accessories
"2021-09-14",2,AirPods Max,1603,Audio
"2023-07-12",9,iPad Air (4th Generation),952,Tablet
"2023-11-04",8,Apple Watch Series 9,1014,Wearable
"2020-10-05",2,iPhone 12 Pro Max,544,Smartphone
"2022-10-15",6,iPad (10th Generation),1735,Tablet
"2023-03-31",4,MacBook (Retina),231,Laptop
"2020-06-15",10,Apple Pencil (1st Generation),925,Accessories
"2021-05-28",1,iMac 27-inch,1918,Desktop
"2022-05-07",3,iMac with Retina Display,343,Desktop
"2021-07-04",2,Magic Trackpad,1242,Accessories
"2020-08-08",6,iPhone 12 Pro Max,544,Smartphone
"2023-02-23",5,Beats Studio Buds,762,Audio
"2023-06-11",9,Magic Mouse,313,Accessories
"2020-05-07",2,Lightning to USB Cable,1434,Accessories
"2023-08-14",8,Magic Trackpad,1242,Accessories
"2023-10-30",2,Silicone Case for iPhone,1210,Accessories
"2024-04-23",2,Lightning to USB Cable,1434,Accessories
"2023-11-23",5,iPhone 13 mini,1092,Smartphone
"2021-10-29",2,iPhone 12,1436,Smartphone
"2024-05-10",4,Apple Watch Hermès,1712,Wearable
"2023-10-20",10,AirPods Pro (2nd Generation),696,Audio
"2024-06-29",3,Mac Pro (Rack),1415,Desktop
"2023-03-12",3,iPad mini (5th Generation),1912,Tablet
"2023-04-11",5,AirPods Max,1603,Audio
"2023-09-19",3,MacBook Pro 13-inch,1351,Laptop
"2021-12-14",5,MacBook (Early 2015),741,Laptop
"2023-01-15",5,iPad Pro 12.9-inch,1167,Tablet
"2021-06-04",9,iPhone SE (3rd Generation),923,Smartphone
"2022-12-10",1,Smart Cover for iPad,1014,Accessories
"2020-02-17",6,iPad Pro 11-inch,1761,Tablet
"2024-08-19",7,iPad (10th Generation),1735,Tablet
"2022-06-23",2,MacBook Pro 14-inch,768,Laptop
"2024-08-22",10,Apple TV 4K,1255,Streaming Device
"2020-02-22",2,iMac with Retina Display,343,Desktop
"2020-07-14",4,Apple Watch Hermès,1712,Wearable
"2024-04-24",6,MacBook (Early 2015),741,Laptop
"2024-08-02",5,AirPods Pro,1167,Audio
"2022-12-07",9,iPad Pro 11-inch,1761,Tablet
"2022-12-30",4,iPhone 14 Plus,1259,Smartphone
"2024-03-07",7,HomePod (2nd Generation),689,Audio
"2020-04-05",8,iPad Pro 12.9-inch,1167,Tablet
"2024-02-27",4,Apple Watch Series 8,1631,Wearable
"2020-05-27",7,Leather Case for iPhone,866,Accessories
"2021-08-16",1,AirPods Pro,1167,Audio
"2023-06-08",3,HomePod,1202,Smart Speaker
"2024-09-30",8,AirPods Pro,1167,Audio
"2024-02-16",3,MagSafe Battery Pack,1389,Accessories
"2024-06-11",7,Apple Watch Series 6,462,Wearable
"2022-12-02",2,Apple Watch Series 7,1431,Wearable
"2020-05-09",2,Mac Pro (Rack),1415,Desktop
"2020-12-13",2,Apple Pencil (2nd Generation),1506,Accessories
"2023-04-07",7,Apple Fitness+,923,Subscription Service
"2020-06-26",6,MacBook Pro 14-inch,768,Laptop
"2024-10-02",1,Apple Watch Series 8,1631,Wearable
"2021-03-12",1,AirPods Pro,1167,Audio
"2020-04-10",6,MacBook Pro 14-inch,768,Laptop
"2020-03-01",6,iPad Pro (M2),1826,Tablet
"2024-03-10",7,iPhone 12 Pro Max,544,Smartphone
"2021-03-08",3,iPhone 14 Pro Max,678,Smartphone
"2024-08-05",3,AirPods (3rd Generation),1842,Audio
"2020-04-30",3,iPad Air (4th Generation),952,Tablet
"2023-09-18",3,iMac with Retina Display,343,Desktop
"2023-11-25",3,iPhone 12 Pro Max,544,Smartphone
"2021-08-10",4,MacBook,1149,Laptop
"2021-04-08",6,Mac Studio,613,Desktop
"2024-03-19",9,AirTag,677,Accessories
"2022-06-04",8,Mac Studio,613,Desktop
"2021-11-03",2,iPhone 12 Pro,1342,Smartphone
"2020-09-23",4,iPad Air (5th Generation),1591,Tablet
"2020-01-27",7,iPhone 14 Pro Max,678,Smartphone
"2021-01-13",9,Beats Powerbeats Pro,1060,Audio
"2024-10-21",6,Mac Mini (M2),874,Desktop
"2023-11-10",1,Apple Watch Nike Edition,884,Wearable
"2024-09-29",10,AirPods Max,1603,Audio
"2021-12-28",8,Mac Pro (2023),681,Desktop
"2023-07-27",3,AirPods Pro (2nd Generation),696,Audio
"2020-11-07",4,Apple TV (3rd Generation),477,Streaming Device
"2020-12-10",10,iMac 27-inch,1918,Desktop
"2020-01-19",4,Apple Watch Ultra,346,Wearable
"2022-10-30",2,iPhone 13 Pro,308,Smartphone
"2021-12-08",8,Apple Watch Series 7,1431,Wearable
"2023-10-31",9,MacBook Air (M1),1783,Laptop
"2021-07-15",9,iPad (9th Generation),1949,Tablet
"2022-08-29",10,Smart Keyboard Folio,572,Accessories
"2023-12-23",9,iMac 27-inch,1918,Desktop
"2021-11-10",9,iPad Air (5th Generation),1591,Tablet
"2021-08-10",4,Beats Studio Buds,762,Audio
"2022-12-14",1,Beats Studio Buds,762,Audio
"2023-08-29",7,iMac 24-inch,449,Desktop
"2021-01-09",4,Apple Watch Series 6,462,Wearable
"2023-11-07",3,iPhone 14 Pro Max,678,Smartphone
"2021-09-13",8,HomePod,1202,Smart Speaker
"2022-11-30",2,MacBook (Retina),231,Laptop
"2024-10-11",1,iPhone 12 mini,1607,Smartphone
"2022-09-11",5,MacBook Pro 13-inch,1351,Laptop
"2020-05-31",4,Apple Pencil (2nd Generation),1506,Accessories
"2023-04-06",8,Smart Keyboard Folio,572,Accessories
"2020-10-16",6,Beats Powerbeats Pro,1060,Audio
"2022-08-10",7,Apple TV HD,1258,Streaming Device
"2021-07-31",10,iMac with Retina Display,343,Desktop
"2024-09-26",8,Apple Music,1965,Subscription Service
"2020-10-30",5,iPad Pro (M1),1329,Tablet
"2022-06-01",5,iCloud,1181,Subscription Service
"2022-06-26",7,iPad Pro 12.9-inch,1167,Tablet
"2021-08-25",3,Apple Watch Series 6,462,Wearable
"2024-11-06",10,HomePod mini,266,Smart Speaker
"2023-03-19",6,Apple TV+,404,Subscription Service
"2024-10-07",6,Apple Watch SE,1546,Wearable
"2021-01-28",3,iPhone 14,1476,Smartphone
"2023-02-28",1,iCloud,1181,Subscription Service
"2021-11-03",8,Smart Cover for iPad,1014,Accessories
"2021-05-28",3,Beats Powerbeats Pro,1060,Audio
"2022-01-08",8,iPhone 12 mini,1607,Smartphone
"2024-06-28",5,Smart Keyboard Folio,572,Accessories
"2020-03-09",1,Apple Watch Series 5,1296,Wearable
"2023-04-13",2,Apple Watch Ultra,346,Wearable
"2020-07-04",5,Mac Studio,613,Desktop
"2022-05-06",5,Apple TV+,404,Subscription Service
"2022-03-14",9,Apple Pencil (1st Generation),925,Accessories
"2024-04-01",5,AirPods Max,1603,Audio
"2022-12-17",8,Beats Studio Buds,762,Audio
"2023-09-06",5,iPad mini (5th Generation),1912,Tablet
"2023-06-25",5,Apple TV+,404,Subscription Service
"2021-02-22",5,Mac Mini (M2),874,Desktop
"2021-04-12",9,Apple TV HD,1258,Streaming Device
"2020-02-06",9,iPhone 13 mini,1092,Smartphone
"2020-08-23",10,MacBook Air (Retina),1847,Laptop
"2022-12-08",3,iMac Pro,1081,Desktop
"2023-12-07",8,HomePod (2nd Generation),689,Audio
"2020-03-13",8,iMac with Retina Display,343,Desktop
"2021-12-08",7,iPhone 13 mini,1092,Smartphone
"2022-06-02",6,Mac Pro (Tower),458,Desktop
"2023-03-26",2,Silicone Case for iPhone,1210,Accessories
"2024-09-21",4,HomePod (2nd Generation),689,Audio
"2022-05-17",1,Silicone Case for iPhone,1210,Accessories
"2023-03-27",7,iPad mini (5th Generation),1912,Tablet
"2024-05-13",5,AirPods Max,1603,Audio
"2022-09-25",8,Apple Watch Series 7,1431,Wearable
"2023-03-22",4,MacBook (Early 2015),741,Laptop
"2020-12-29",3,Apple TV (3rd Generation),477,Streaming Device
"2024-06-30",6,iPhone 14 Pro Max,678,Smartphone
"2022-09-01",10,Mac Pro (Rack),1415,Desktop
"2020-05-29",5,Mac Pro (Tower),458,Desktop
"2020-04-27",1,Apple Music,1965,Subscription Service
"2023-07-03",7,Mac Pro (Tower),458,Desktop
"2020-06-12",4,Mac Studio,613,Desktop
"2020-01-05",3,Apple Watch Ultra,346,Wearable
"2022-01-22",9,MacBook Air (M2),1588,Laptop
"2020-12-20",3,iPad Air (5th Generation),1591,Tablet
"2024-02-14",4,iPad mini (6th Generation),573,Tablet
"2022-08-21",2,iPhone SE (3rd Generation),923,Smartphone
"2023-12-26",3,iPad Pro (M2),1826,Tablet
"2021-04-04",5,Apple One,488,Subscription Service
"2023-12-15",5,MacBook Air (Retina),1847,Laptop
"2024-03-12",5,iPad Pro 11-inch,1761,Tablet
"2024-09-05",5,Apple Music,1965,Subscription Service
"2020-02-15",6,iPhone 13,623,Smartphone
"2023-11-18",8,MacBook Pro (Touch Bar),1304,Laptop
"2020-10-20",9,iPad mini (6th Generation),573,Tablet
"2020-05-06",8,iPhone 13 mini,1092,Smartphone
"2020-11-11",3,Mac Pro (Rack),1415,Desktop
"2024-06-17",2,Beats Studio Buds,762,Audio
"2024-09-07",1,iPhone 13 Pro,308,Smartphone
"2020-10-15",6,iMac with Retina Display,343,Desktop
"2024-10-27",4,Apple Watch SE,1546,Wearable
"2024-03-19",8,MacBook Pro 16-inch,1179,Laptop
"2020-04-12",3,Apple Watch Nike Edition,884,Wearable
"2024-02-07",10,Beats Solo Pro,1773,Audio
"2021-04-01",9,Beats Fit Pro,1839,Audio
"2021-01-04",6,Apple Watch Series 8,1631,Wearable
"2021-05-14",5,Beats Studio Buds,762,Audio
"2022-08-25",8,AirPods (2nd Generation),504,Audio
"2022-11-11",5,Apple Watch Ultra,346,Wearable
"2024-01-07",5,iPhone 13 mini,1092,Smartphone
"2022-11-18",1,MacBook Pro 14-inch,768,Laptop
"2022-06-29",6,MacBook Air (M1),1783,Laptop
"2023-10-25",4,Mac Mini,555,Desktop
"2022-01-05",4,Apple TV 4K,1255,Streaming Device
"2021-03-06",5,Apple TV 4K,1255,Streaming Device
"2022-01-12",4,Apple Watch Series 7,1431,Wearable
"2024-10-30",9,AirPods (3rd Generation),1842,Audio
"2020-05-23",7,iPhone SE (3rd Generation),923,Smartphone
"2021-09-16",4,iPhone 13 Pro Max,820,Smartphone
"2022-01-06",8,Apple Watch Series 7,1431,Wearable
"2024-07-27",9,Mac Pro (2023),681,Desktop
"2022-01-14",5,AirPods Pro,1167,Audio
"2020-07-08",3,Beats Solo Pro,1773,Audio
"2023-06-30",4,iPhone 12,1436,Smartphone
"2020-09-23",7,Apple Watch Series 7,1431,Wearable
"2022-07-03",5,iPad Air (4th Generation),952,Tablet
"2022-12-15",7,Leather Case for iPhone,866,Accessories
"2020-07-25",4,Apple Arcade,549,Subscription Service
"2021-02-19",2,Apple TV (3rd Generation),477,Streaming Device
"2020-11-04",6,MagSafe Battery Pack,1389,Accessories
"2021-01-22",2,Mac Studio,613,Desktop
"2024-07-01",6,Beats Fit Pro,1839,Audio
"2022-05-07",2,Apple Pencil (1st Generation),925,Accessories
"2023-10-06",6,MagSafe Battery Pack,1389,Accessories
"2020-02-27",8,iPhone 14 Pro Max,678,Smartphone
"2023-10-17",3,iPad Pro (M1),1329,Tablet
"2024-05-05",10,Apple Watch Series 9,1014,Wearable
"2024-08-09",4,iMac Pro,1081,Desktop
"2020-10-17",6,MagSafe Charger,1744,Accessories
"2023-09-06",7,iCloud,1181,Subscription Service
"2024-02-28",5,iPad Air (5th Generation),1591,Tablet
"2023-10-05",6,Apple Pencil (2nd Generation),1506,Accessories
"2024-08-02",7,Apple Watch Series 5,1296,Wearable
"2022-05-31",2,Magic Keyboard with Touch ID,1162,Accessories
"2021-05-19",10,iCloud,1181,Subscription Service
"2023-06-21",3,Apple Watch Nike Edition,884,Wearable
"2024-05-07",9,Mac Mini,555,Desktop
"2021-11-23",10,HomePod,1202,Smart Speaker
"2020-09-24",5,HomePod mini,266,Smart Speaker
"2024-08-03",2,Silicone Case for iPhone,1210,Accessories
"2024-03-16",6,MacBook Air (Retina),1847,Laptop
"2024-01-29",1,Beats Fit Pro,1839,Audio
"2020-12-26",9,Mac Studio,613,Desktop
"2022-09-21",5,Apple Watch Hermès,1712,Wearable
"2020-09-01",4,iPhone 14,1476,Smartphone
"2024-06-22",8,iPhone 13 Pro,308,Smartphone
"2023-03-31",3,iPhone 12 Pro,1342,Smartphone
"2022-04-29",4,Silicone Case for iPhone,1210,Accessories
"2024-09-28",8,MacBook Air (M1),1783,Laptop
"2022-09-27",6,iPad Pro (M2),1826,Tablet
"2023-05-22",5,iPad (9th Generation),1949,Tablet
"2021-05-12",8,Apple Watch SE,1546,Wearable
"2020-04-17",3,Apple Watch Series 6,462,Wearable
"2023-07-10",9,Beats Studio Buds,762,Audio
"2022-12-29",8,iPhone 13,623,Smartphone
"2020-08-25",7,iPad mini (5th Generation),1912,Tablet
"2021-12-25",8,Apple Arcade,549,Subscription Service
"2022-11-27",3,iPad Pro 12.9-inch,1167,Tablet
"2023-10-28",9,Apple Pencil (1st Generation),925,Accessories
"2021-02-05",3,HomePod,1202,Smart Speaker
"2022-11-07",6,iMac 27-inch,1918,Desktop
"2023-09-10",1,iPad Air (5th Generation),1591,Tablet
"2020-04-10",1,Mac Mini,555,Desktop
"2021-04-30",7,iCloud,1181,Subscription Service
"2023-07-19",1,iPhone 12 Pro,1342,Smartphone
"2024-03-13",3,Apple Watch Series 5,1296,Wearable
"2020-09-03",8,Beats Fit Pro,1839,Audio
"2024-08-13",6,Apple Watch Ultra,346,Wearable
"2022-06-24",10,Apple Pencil (1st Generation),925,Accessories
"2023-12-19",4,Apple One,488,Subscription Service
"2024-08-19",3,MacBook (Early 2015),741,Laptop
"2021-05-24",7,Mac Mini,555,Desktop
"2022-06-10",1,Apple Watch SE,1546,Wearable
"2021-09-04",1,Apple TV+,404,Subscription Service
"2021-10-14",9,Apple Watch Hermès,1712,Wearable
"2022-03-16",7,iPhone 14 Pro,1380,Smartphone
"2020-08-01",8,Mac Mini (M2),874,Desktop
"2023-08-17",2,AirPods Pro,1167,Audio
"2022-06-13",6,MagSafe Charger,1744,Accessories
"2024-04-03",1,Apple Arcade,549,Subscription Service
"2020-01-13",4,iPad Pro 12.9-inch,1167,Tablet
"2021-11-28",2,MacBook (Retina),231,Laptop
"2020-10-28",9,MacBook Pro 13-inch,1351,Laptop
"2021-05-20",6,iPad Pro 11-inch,1761,Tablet
"2024-03-01",1,Magic Keyboard,368,Accessories
"2024-10-09",9,Magic Trackpad,1242,Accessories
"2021-04-15",6,iPad mini (6th Generation),573,Tablet
"2020-03-27",10,Apple Watch Series 7,1431,Wearable
"2023-04-24",9,Beats Powerbeats Pro,1060,Audio
"2024-06-20",10,AirTag,677,Accessories
"2021-07-18",5,iMac 24-inch,449,Desktop
"2023-05-02",4,AirPods Pro (2nd Generation),696,Audio
"2021-07-13",10,Apple Watch Hermès,1712,Wearable
"2021-02-20",7,Mac Mini,555,Desktop
"2024-08-21",5,AirPods Max,1603,Audio
"2024-10-13",3,iPad (9th Generation),1949,Tablet
"2024-07-07",3,Mac Studio,613,Desktop
"2024-05-10",10,MagSafe Charger,1744,Accessories
"2023-09-12",7,AirPods (3rd Generation),1842,Audio
"2020-03-13",9,iPhone 14 Pro,1380,Smartphone
"2024-04-14",9,Mac Mini (M2),874,Desktop
"2021-05-10",4,Smart Cover for iPad,1014,Accessories
"2023-07-03",5,Magic Trackpad,1242,Accessories
"2020-11-21",8,Magic Keyboard,368,Accessories
"2020-07-20",2,Apple Arcade,549,Subscription Service
"2023-12-13",6,Mac Mini (M2),874,Desktop
"2020-05-11",7,Apple Watch Hermès,1712,Wearable
"2022-10-12",6,MacBook Pro 13-inch,1351,Laptop
"2023-03-29",3,iPhone 12 Pro Max,544,Smartphone
"2022-01-09",10,MacBook Air (M1),1783,Laptop
"2024-07-24",2,Beats Studio Buds,762,Audio
"2021-03-04",10,MagSafe Battery Pack,1389,Accessories
"2022-10-15",2,AirPods Max,1603,Audio
"2022-12-18",2,AirPods (3rd Generation),1842,Audio
"2021-08-14",6,Mac Studio,613,Desktop
"2024-02-13",10,AirPods Max,1603,Audio
"2023-11-05",9,Smart Keyboard Folio,572,Accessories
"2020-07-13",5,Apple TV HD,1258,Streaming Device
"2024-08-05",8,Apple TV (3rd Generation),477,Streaming Device
"2020-05-04",7,iPad (10th Generation),1735,Tablet
"2023-11-24",8,Apple Fitness+,923,Subscription Service
"2021-12-26",2,AirPods (2nd Generation),504,Audio
"2023-06-26",8,iPad Pro 11-inch,1761,Tablet
"2022-10-12",1,iPad mini (6th Generation),573,Tablet
"2021-08-02",10,iMac Pro,1081,Desktop
"2020-02-06",7,HomePod mini,266,Smart Speaker
"2023-10-06",6,Magic Keyboard,368,Accessories
"2021-09-04",10,AirPods (3rd Generation),1842,Audio
"2023-08-04",8,MacBook (Early 2015),741,Laptop
"2021-08-29",8,Apple Watch Ultra,346,Wearable
"2021-05-21",9,HomePod mini,438,Audio
"2021-09-23",5,iPad (10th Generation),1735,Tablet
"2022-10-28",2,Apple News+,253,Subscription Service
"2021-01-12",3,Apple TV HD,1258,Streaming Device
"2024-02-12",9,Mac Pro (2023),681,Desktop
"2020-05-17",10,MacBook (Retina),231,Laptop
"2020-04-18",1,Apple Watch Series 7,1431,Wearable
"2020-12-15",8,MacBook Pro 14-inch,768,Laptop
"2021-01-31",6,MacBook Pro 13-inch,1351,Laptop
"2023-04-18",7,Mac Studio,613,Desktop
"2022-02-12",1,iPhone 12 Pro Max,544,Smartphone
"2023-04-27",10,Apple TV 4K,1255,Streaming Device
"2023-10-11",5,Beats Studio Buds,762,Audio
"2020-12-14",8,HomePod (2nd Generation),689,Audio
"2021-05-25",3,iMac 24-inch,449,Desktop
"2021-08-07",2,iPhone SE (3rd Generation),923,Smartphone
"2021-05-02",9,iPhone 13 Pro,308,Smartphone
"2023-09-15",10,iPhone 13 mini,1092,Smartphone
"2020-05-09",1,Apple News+,253,Subscription Service
"2020-04-23",1,iPad Pro (M2),1826,Tablet
"2023-11-25",2,iPhone SE (3rd Generation),923,Smartphone
"2022-08-19",6,Apple Watch Series 8,1631,Wearable
"2024-07-09",10,iPad (9th Generation),1949,Tablet
"2023-11-13",7,iPhone 12 mini,1607,Smartphone
"2020-07-08",10,Apple Watch Series 8,1631,Wearable
"2021-09-26",3,Apple Watch Series 5,1296,Wearable
"2024-07-26",5,Magic Keyboard,368,Accessories
"2022-06-20",1,iMac 27-inch,1918,Desktop
"2023-08-31",7,Mac Pro (Tower),458,Desktop
"2024-03-03",3,MacBook (Early 2015),741,Laptop
"2023-03-16",3,Apple One,488,Subscription Service
"2024-06-22",5,iPad Air (5th Generation),1591,Tablet
"2023-01-09",10,Lightning to USB Cable,1434,Accessories
"2021-10-01",10,Beats Fit Pro,1839,Audio
"2021-12-16",2,Lightning to USB Cable,1434,Accessories
"2020-01-19",6,iPad Pro (M1),1329,Tablet
"2022-05-05",10,iPhone 13 Pro Max,820,Smartphone
"2020-09-26",5,AirPods Pro (2nd Generation),696,Audio
"2021-03-04",3,iCloud,1181,Subscription Service
"2024-11-02",4,iPad (10th Generation),1735,Tablet
"2022-04-19",5,iPad Pro 12.9-inch,1167,Tablet
"2021-10-02",10,Apple Watch Series 5,1296,Wearable
"2021-09-30",4,AirPods (2nd Generation),504,Audio
"2020-10-07",9,HomePod mini,266,Smart Speaker
"2022-08-13",2,AirTag,677,Accessories
"2020-10-05",1,Beats Solo Pro,1773,Audio
"2020-08-17",9,Apple Pencil (1st Generation),925,Accessories
"2024-06-08",6,Beats Studio Buds,762,Audio
"2024-02-06",5,Apple Fitness+,923,Subscription Service
"2021-10-05",3,iPad Pro (M2),1826,Tablet
"2021-01-03",3,iMac Pro,1081,Desktop
"2020-04-27",2,Apple Watch Series 6,462,Wearable
"2023-04-14",9,Smart Cover for iPad,1014,Accessories
"2020-08-29",1,iPad Pro (M1),1329,Tablet
"2021-08-13",4,iPhone 13 Pro Max,820,Smartphone
"2022-09-29",8,Apple Watch SE,1546,Wearable
"2020-02-23",6,Apple TV HD,1258,Streaming Device
"2022-01-08",1,iPad Pro 11-inch,1761,Tablet
"2023-08-31",1,iPhone 13 mini,1092,Smartphone
"2023-10-07",2,MacBook Pro 14-inch,768,Laptop
"2023-01-27",4,Magic Mouse,313,Accessories
"2022-01-17",8,Beats Solo Pro,1773,Audio
"2023-11-21",5,AirTag,677,Accessories
"2020-07-24",10,Magic Keyboard,368,Accessories
"2020-06-19",9,MacBook Pro 16-inch,1179,Laptop
"2021-06-07",10,iPad Pro 12.9-inch,1167,Tablet
"2023-05-09",2,Apple Watch Series 5,1296,Wearable
"2022-05-21",10,AirTag,677,Accessories
"2024-03-18",3,Mac Pro (Tower),458,Desktop
"2024-05-28",2,iPhone 12 mini,1607,Smartphone
"2021-08-15",3,Smart Cover for iPad,1014,Accessories
"2021-02-11",1,iCloud,1181,Subscription Service
"2023-04-06",2,AirPods Max,1603,Audio
"2023-08-21",5,iPad Pro (M1),1329,Tablet
"2020-01-14",7,MacBook Pro (Touch Bar),1304,Laptop
"2020-04-07",7,iPhone 12,1436,Smartphone
"2024-09-04",6,iMac with Retina Display,343,Desktop
"2021-09-20",8,Beats Studio Buds,762,Audio
"2022-05-24",2,Apple Watch Series 8,1631,Wearable
"2021-03-23",5,iPad mini (6th Generation),573,Tablet
"2020-01-09",5,MacBook (Retina),231,Laptop
"2023-06-04",4,Magic Keyboard,368,Accessories
"2023-01-21",3,Apple TV (3rd Generation),477,Streaming Device
"2024-03-09",8,Apple Watch Series 6,462,Wearable
"2021-05-29",8,Magic Keyboard with Touch ID,1162,Accessories
"2024-02-26",2,iPhone 12 Pro Max,544,Smartphone
"2023-06-06",1,Apple Watch Series 9,1014,Wearable
"2022-09-25",2,Apple One,488,Subscription Service
"2023-04-24",6,Smart Cover for iPad,1014,Accessories
"2024-02-21",2,iPad Pro (M2),1826,Tablet
"2023-11-15",6,Apple Watch Series 6,462,Wearable
"2021-12-20",10,Smart Cover for iPad,1014,Accessories
"2020-07-03",3,iPad Air (5th Generation),1591,Tablet
"2024-07-04",10,Beats Studio Buds,762,Audio
"2024-04-22",9,Apple Pencil (2nd Generation),1506,Accessories
"2021-08-01",3,Smart Cover for iPad,1014,Accessories
"2020-05-14",1,Beats Solo Pro,1773,Audio
"2023-06-01",6,MacBook Pro 14-inch,768,Laptop
"2023-04-05",3,Apple Watch Hermès,1712,Wearable
"2021-06-08",1,iPhone 13 mini,1092,Smartphone
"2024-10-18",9,MacBook Pro (Touch Bar),1304,Laptop
"2024-01-13",9,iMac 24-inch,449,Desktop
"2023-04-29",2,iPad mini (5th Generation),1912,Tablet
"2022-12-01",1,MacBook Pro 14-inch,768,Laptop
"2023-01-18",2,iMac 24-inch,449,Desktop
"2020-09-22",2,iPad mini (5th Generation),1912,Tablet
"2023-10-30",8,Mac Mini (M2),874,Desktop
"2024-01-19",8,MacBook (Early 2015),741,Laptop
"2021-03-31",7,iMac 27-inch,1918,Desktop
"2022-08-11",2,Apple Pencil (1st Generation),925,Accessories
"2020-05-03",10,iPad mini (5th Generation),1912,Tablet
"2020-05-12",6,iPad (9th Generation),1949,Tablet
"2020-11-13",3,iPhone 14 Pro Max,678,Smartphone
"2022-08-02",4,Silicone Case for iPhone,1210,Accessories
"2022-09-30",6,iPad Pro (M2),1826,Tablet
"2021-01-19",4,iCloud,1181,Subscription Service
"2023-01-27",10,MacBook Pro (Touch Bar),1304,Laptop
"2023-10-24",10,iPhone 12,1436,Smartphone
"2020-07-18",9,MacBook Pro 13-inch,1351,Laptop
"2023-12-12",9,iMac Pro,1081,Desktop
"2021-07-28",9,AirPods Pro (2nd Generation),696,Audio
"2020-08-08",8,Apple TV 4K,1255,Streaming Device
"2023-01-05",6,HomePod (2nd Generation),689,Audio
"2023-02-14",10,Apple Watch Hermès,1712,Wearable
"2020-10-10",4,iMac 27-inch,1918,Desktop
"2020-07-28",10,AirPods (2nd Generation),504,Audio
"2023-07-17",4,Apple TV+,404,Subscription Service
"2022-04-22",5,iPhone 14 Pro,1380,Smartphone
"2023-03-14",6,iMac 24-inch,449,Desktop
"2022-02-18",4,Apple Watch Series 9,1014,Wearable
"2023-02-05",1,iPhone 13 Pro Max,820,Smartphone
"2021-10-03",10,Apple Pencil (2nd Generation),1506,Accessories
"2021-05-02",4,AirPods Pro (2nd Generation),696,Audio
"2022-12-10",5,Apple TV+,404,Subscription Service
"2024-06-06",9,Magic Keyboard with Touch ID,1162,Accessories
"2020-12-01",5,Apple News+,253,Subscription Service
"2021-12-27",6,iPhone SE (3rd Generation),923,Smartphone
"2023-03-27",2,AirPods Pro,1167,Audio
"2021-06-25",5,iPhone 13 mini,1092,Smartphone
"2021-10-22",10,iMac Pro,1081,Desktop
"2023-01-12",6,iPad mini (6th Generation),573,Tablet
"2023-12-31",3,AirPods Pro,1167,Audio
"2021-10-04",1,MacBook Pro 16-inch,1179,Laptop
"2020-11-09",9,MacBook (Early 2015),741,Laptop
"2022-02-25",5,Mac Pro (Rack),1415,Desktop
"2022-01-09",8,AirPods Pro,1167,Audio
"2024-10-08",1,Apple News+,253,Subscription Service
"2021-01-10",2,Apple Watch Series 8,1631,Wearable
"2024-09-30",4,MacBook Air (M1),1783,Laptop
"2022-03-25",9,Apple TV 4K,1255,Streaming Device
"2022-05-22",5,Apple One,488,Subscription Service
"2021-03-03",6,Apple Watch Nike Edition,884,Wearable
"2024-05-08",8,Mac Pro (Rack),1415,Desktop
"2023-03-28",1,iPad Pro 11-inch,1761,Tablet
"2021-06-15",2,HomePod,1202,Smart Speaker
"2023-03-14",4,iPad Pro 12.9-inch,1167,Tablet
"2023-08-21",8,Apple Fitness+,923,Subscription Service
"2022-10-06",6,Apple Watch Series 5,1296,Wearable
"2020-11-02",6,iPhone 12 mini,1607,Smartphone
"2020-07-03",10,Apple Pencil (1st Generation),925,Accessories
"2020-05-15",4,MacBook (Early 2015),741,Laptop
"2023-03-16",2,iPhone SE (3rd Generation),923,Smartphone
"2022-08-25",1,iMac 27-inch,1918,Desktop
"2023-10-09",5,MacBook Air (M2),1588,Laptop
"2020-09-11",2,iMac 24-inch,449,Desktop
"2022-04-05",5,Apple Watch Ultra,346,Wearable
"2023-03-09",6,Apple TV 4K,1255,Streaming Device
"2022-06-02",1,Silicone Case for iPhone,1210,Accessories
"2021-12-08",10,Smart Cover for iPad,1014,Accessories
"2022-01-29",10,iPad Pro (M1),1329,Tablet
"2024-01-24",9,MacBook,1149,Laptop
"2022-12-21",4,AirPods (2nd Generation),504,Audio
"2020-05-08",8,Smart Cover for iPad,1014,Accessories
"2023-12-23",5,Apple Watch Series 6,462,Wearable
"2020-03-02",9,Mac Mini (M2),874,Desktop
"2021-05-08",4,iMac 24-inch,449,Desktop
"2023-12-11",9,HomePod mini,438,Audio
"2021-10-22",8,Mac Studio,613,Desktop
"2022-10-05",8,Apple Watch SE,1546,Wearable
"2020-06-08",3,Apple Music,1965,Subscription Service
"2024-06-18",10,iPhone 13 Pro Max,820,Smartphone
"2020-12-16",9,Apple Watch SE,1546,Wearable
"2023-01-03",4,MacBook Air (M1),1783,Laptop
"2020-01-22",6,Magic Keyboard,368,Accessories
"2022-09-19",3,Beats Fit Pro,1839,Audio
"2022-01-10",10,MacBook (Retina),231,Laptop
"2024-04-24",1,Magic Mouse,313,Accessories
"2020-02-27",1,Magic Mouse,313,Accessories
"2022-04-14",1,Mac Pro (Rack),1415,Desktop
"2023-09-29",7,MacBook Pro 13-inch,1351,Laptop
"2023-03-13",2,iPhone 13,623,Smartphone
"2020-02-03",4,Mac Mini (M2),874,Desktop
"2024-04-26",8,Apple TV+,404,Subscription Service
"2023-09-11",3,Magic Trackpad,1242,Accessories
"2021-06-23",4,Apple Watch Series 9,1014,Wearable
"2024-09-24",1,AirPods Max,1603,Audio
"2020-01-20",3,Smart Keyboard Folio,572,Accessories
"2021-10-14",1,iPhone SE (3rd Generation),923,Smartphone
"2020-06-23",3,HomePod mini,266,Smart Speaker
"2024-11-07",2,Apple Fitness+,923,Subscription Service
"2024-01-27",3,Apple TV (3rd Generation),477,Streaming Device
"2020-04-05",6,MacBook (Early 2015),741,Laptop
"2020-10-31",6,AirPods Pro,1167,Audio
"2022-05-23",4,Beats Studio Buds,762,Audio
"2024-04-16",1,Apple TV (3rd Generation),477,Streaming Device
"2021-01-10",7,Magic Keyboard with Touch ID,1162,Accessories
"2020-02-12",3,Leather Case for iPhone,866,Accessories
"2022-10-06",8,iPad (9th Generation),1949,Tablet
"2023-02-19",3,iMac Pro,1081,Desktop
"2024-01-25",3,Apple Watch Hermès,1712,Wearable
"2020-04-28",9,iPhone 12 Pro,1342,Smartphone
"2024-06-21",1,Magic Trackpad,1242,Accessories
"2020-12-11",7,Leather Case for iPhone,866,Accessories
"2020-08-27",8,MacBook,1149,Laptop
"2022-02-07",4,Leather Case for iPhone,866,Accessories
"2020-03-24",8,iMac with Retina Display,343,Desktop
"2020-06-04",8,MacBook Pro 13-inch,1351,Laptop
"2021-08-31",1,Apple TV 4K,1255,Streaming Device
"2020-02-01",2,Silicone Case for iPhone,1210,Accessories
"2023-12-09",7,MacBook Pro (Touch Bar),1304,Laptop
"2020-01-11",6,Beats Powerbeats Pro,1060,Audio
"2024-01-08",9,AirTag,677,Accessories
"2021-11-28",5,iPad mini (6th Generation),573,Tablet
"2022-08-06",4,HomePod mini,438,Audio
"2020-11-15",7,Apple TV HD,1258,Streaming Device
"2021-08-02",1,Smart Keyboard Folio,572,Accessories
"2020-11-30",8,iPhone 12 Pro Max,544,Smartphone
"2020-03-20",8,MacBook Pro 14-inch,768,Laptop
"2022-12-01",5,iPhone 12 Pro Max,544,Smartphone
"2021-12-29",5,iPad Pro 12.9-inch,1167,Tablet
"2024-04-19",10,iPhone 13 Pro Max,820,Smartphone
"2020-06-29",2,Apple TV 4K,1255,Streaming Device
"2020-01-27",9,Apple Pencil (2nd Generation),1506,Accessories
"2021-09-22",1,iPhone 14 Pro Max,678,Smartphone
"2024-06-03",6,iCloud,1181,Subscription Service
"2024-05-26",1,Magic Trackpad,1242,Accessories
"2021-07-21",2,Apple Watch Ultra,346,Wearable
"2020-03-09",8,AirTag,677,Accessories
"2020-01-07",1,iPad Air (5th Generation),1591,Tablet
"2021-10-25",5,Apple Watch Hermès,1712,Wearable
"2021-12-24",8,MagSafe Battery Pack,1389,Accessories
"2020-12-24",2,Apple Watch Series 7,1431,Wearable
"2024-01-16",10,iPad mini (6th Generation),573,Tablet
"2022-08-24",2,iMac with Retina Display,343,Desktop
"2020-02-06",5,Apple TV HD,1258,Streaming Device
"2020-06-16",10,Apple TV+,404,Subscription Service
"2024-10-01",7,iPad Pro 11-inch,1761,Tablet
"2021-08-03",4,iPhone 12,1436,Smartphone
"2024-03-11",10,Mac Mini,555,Desktop
"2023-11-02",2,Apple News+,253,Subscription Service
"2021-07-02",1,iPad mini (5th Generation),1912,Tablet
"2020-03-08",3,iPhone 14,1476,Smartphone
"2020-06-15",1,AirPods (2nd Generation),504,Audio
"2020-11-27",7,Beats Solo Pro,1773,Audio
"2023-06-21",3,Apple Watch Ultra,346,Wearable
"2023-10-07",10,iPad Pro (M2),1826,Tablet
"2021-01-24",1,Mac Pro (Rack),1415,Desktop
"2024-03-20",3,Apple Watch Hermès,1712,Wearable
"2024-08-18",6,MacBook Pro 16-inch,1179,Laptop
"2021-08-19",3,Mac Mini,555,Desktop
"2024-05-21",7,AirPods Pro,1167,Audio
"2023-01-30",6,iPhone 12 mini,1607,Smartphone
"2024-03-30",7,iMac 27-inch,1918,Desktop
"2021-09-12",2,AirPods Pro,1167,Audio
"2024-03-30",4,iPhone 13 mini,1092,Smartphone
"2024-09-25",9,MacBook Air (M1),1783,Laptop
"2023-06-12",1,iPad Pro 11-inch,1761,Tablet
"2023-08-01",8,MacBook Pro 13-inch,1351,Laptop
"2020-04-23",5,iPad (9th Generation),1949,Tablet
"2021-03-01",3,Mac Pro (Tower),458,Desktop
"2024-02-01",8,iPad Air (4th Generation),952,Tablet
"2020-09-17",1,AirPods (3rd Generation),1842,Audio
"2023-04-19",5,HomePod,1202,Smart Speaker
"2022-01-14",2,iPad Air (5th Generation),1591,Tablet
"2022-12-30",6,Apple Pencil (1st Generation),925,Accessories
"2022-08-06",3,MacBook Air (M1),1783,Laptop
"2024-04-13",9,HomePod,1202,Smart Speaker
"2021-05-30",6,Apple Watch Series 9,1014,Wearable
"2020-01-06",9,iPad (10th Generation),1735,Tablet
"2023-08-16",2,MacBook Pro 14-inch,768,Laptop
"2020-04-17",6,Lightning to USB Cable,1434,Accessories
"2024-06-29",4,MacBook (Early 2015),741,Laptop
"2024-10-20",3,Apple Pencil (2nd Generation),1506,Accessories
"2021-12-07",1,Beats Solo Pro,1773,Audio
"2022-03-29",8,iMac with Retina Display,343,Desktop
"2022-06-14",5,MacBook Air (Retina),1847,Laptop
"2022-03-16",9,iPhone 14 Plus,1259,Smartphone
"2022-10-20",3,Apple TV (3rd Generation),477,Streaming Device
"2020-12-21",4,iPad mini (6th Generation),573,Tablet
"2022-04-15",3,iPhone 13 Pro,308,Smartphone
"2024-10-23",10,iMac 24-inch,449,Desktop
"2022-10-02",3,HomePod (2nd Generation),689,Audio
"2023-08-03",5,iPad Pro (M2),1826,Tablet
"2020-12-26",3,Magic Mouse,313,Accessories
"2020-05-31",2,Magic Mouse,313,Accessories
"2022-03-07",1,Apple TV 4K,1255,Streaming Device
"2022-12-15",7,Apple TV 4K,1255,Streaming Device
"2022-03-26",8,iPad Pro (M2),1826,Tablet
"2024-05-21",10,Apple Watch SE,1546,Wearable
"2023-11-20",7,iPhone 13 Pro Max,820,Smartphone
"2021-07-22",6,iPhone 14 Pro,1380,Smartphone
"2023-01-14",2,Mac Pro (2023),681,Desktop
"2023-06-23",6,Apple TV (3rd Generation),477,Streaming Device
"2022-02-19",2,MacBook Pro 14-inch,768,Laptop
"2023-06-25",6,iPad (10th Generation),1735,Tablet
"2020-08-13",9,iCloud,1181,Subscription Service
"2022-12-16",9,AirPods (2nd Generation),504,Audio
"2022-01-03",5,MacBook Pro (Touch Bar),1304,Laptop
"2021-10-17",4,iPhone SE (3rd Generation),923,Smartphone
"2021-03-31",8,AirPods (3rd Generation),1842,Audio
"2022-09-21",10,Beats Powerbeats Pro,1060,Audio
"2022-01-09",2,iMac 24-inch,449,Desktop
"2022-07-24",1,iPhone 12 Pro Max,544,Smartphone
"2024-01-24",8,MagSafe Battery Pack,1389,Accessories
"2020-05-20",1,MacBook Air (M1),1783,Laptop
"2022-03-06",3,Silicone Case for iPhone,1210,Accessories
"2024-01-07",2,iPad Pro (M1),1329,Tablet
"2022-12-05",8,MacBook Air (Retina),1847,Laptop
"2022-10-31",9,iPad Air (5th Generation),1591,Tablet
"2021-08-22",5,Apple TV+,404,Subscription Service
"2023-03-15",8,iPhone 12,1436,Smartphone
"2020-06-24",10,iPhone SE (3rd Generation),923,Smartphone
"2024-09-15",10,Apple Music,1965,Subscription Service
"2024-01-06",6,HomePod mini,266,Smart Speaker
"2021-12-01",4,Apple Watch Nike Edition,884,Wearable
"2024-10-12",8,iPad Pro 12.9-inch,1167,Tablet
"2024-01-15",10,Beats Solo Pro,1773,Audio
"2020-09-17",8,AirPods Pro (2nd Generation),696,Audio
"2020-11-25",1,iPad Air (5th Generation),1591,Tablet
"2024-07-31",3,Apple Watch Series 9,1014,Wearable
"2023-02-26",10,MagSafe Charger,1744,Accessories
"2021-02-05",9,iPad Air (5th Generation),1591,Tablet
"2021-09-12",7,MacBook,1149,Laptop
"2022-07-04",1,HomePod mini,266,Smart Speaker
"2022-08-07",6,AirPods Max,1603,Audio
"2021-10-16",9,iPhone 13 Pro Max,820,Smartphone
"2020-07-04",4,iPhone 12 mini,1607,Smartphone
"2020-08-14",2,iCloud,1181,Subscription Service
"2023-05-20",1,Apple Watch Hermès,1712,Wearable
"2021-05-24",4,AirPods (2nd Generation),504,Audio
"2022-07-26",9,MacBook,1149,Laptop
"2022-04-28",3,iMac 27-inch,1918,Desktop
"2024-02-20",3,Apple Fitness+,923,Subscription Service
"2024-08-23",1,HomePod mini,266,Smart Speaker
"2022-01-14",10,iMac Pro,1081,Desktop
"2023-02-18",3,MacBook (Early 2015),741,Laptop
"2022-09-07",5,iPhone 13 Pro,308,Smartphone
"2024-01-17",3,iPhone 14 Pro Max,678,Smartphone
"2022-05-17",1,MacBook Pro 14-inch,768,Laptop
"2020-12-15",6,Smart Keyboard Folio,572,Accessories
"2021-07-30",3,Apple Watch Series 7,1431,Wearable
"2020-01-01",9,MacBook Air (Retina),1847,Laptop
"2022-10-26",7,Magic Mouse,313,Accessories
"2021-11-21",8,Apple TV+,404,Subscription Service
"2023-11-23",1,HomePod,1202,Smart Speaker
"2022-04-30",3,Apple Watch Series 9,1014,Wearable
"2023-02-26",3,iMac with Retina Display,343,Desktop
"2022-05-24",3,Smart Keyboard Folio,572,Accessories
"2020-07-25",4,MacBook (Early 2015),741,Laptop
"2022-12-07",3,AirTag,677,Accessories
"2023-08-10",8,AirTag,677,Accessories
"2022-09-12",6,HomePod mini,438,Audio
"2021-05-16",4,Apple Watch Ultra,346,Wearable
"2021-05-09",4,Leather Case for iPhone,866,Accessories
"2022-06-18",7,AirPods Pro,1167,Audio
"2024-08-05",6,AirPods (2nd Generation),504,Audio
"2024-10-21",5,HomePod mini,266,Smart Speaker
"2023-09-15",10,MacBook Air (Retina),1847,Laptop
"2023-01-16",9,iPhone 14,1476,Smartphone
"2021-02-15",2,iCloud,1181,Subscription Service
"2023-03-15",6,Apple Watch Series 5,1296,Wearable
"2024-04-11",10,AirPods Pro,1167,Audio
"2020-10-26",8,iMac 27-inch,1918,Desktop
"2022-06-01",6,MacBook (Early 2015),741,Laptop
"2022-03-07",1,AirPods Max,1603,Audio
"2020-07-14",5,iPad Pro (M2),1826,Tablet
"2022-03-20",2,Mac Pro (2023),681,Desktop
"2021-03-13",3,iPhone 13 Pro Max,820,Smartphone
"2024-06-11",5,iPad Pro 12.9-inch,1167,Tablet
"2021-10-07",6,iMac Pro,1081,Desktop
"2022-03-09",5,iMac 24-inch,449,Desktop
"2024-08-15",6,AirTag,677,Accessories
"2021-03-21",6,Apple Music,1965,Subscription Service
"2020-04-22",7,iPad (10th Generation),1735,Tablet
"2020-11-16",6,iPhone 12 Pro,1342,Smartphone
"2020-06-03",10,Mac Studio,613,Desktop
"2020-05-27",2,Lightning to USB Cable,1434,Accessories
"2023-04-11",5,MacBook Air (Retina),1847,Laptop
"2022-01-16",5,Mac Mini,555,Desktop
"2023-01-17",1,Mac Mini (M2),874,Desktop
"2021-01-14",4,iMac with Retina Display,343,Desktop
"2022-03-13",7,iPhone 12 Pro,1342,Smartphone
"2021-01-04",8,Beats Solo Pro,1773,Audio
"2021-02-05",1,Apple Pencil (1st Generation),925,Accessories
"2021-04-24",6,Mac Pro (Tower),458,Desktop
"2022-11-01",4,iPhone 14,1476,Smartphone
"2020-12-29",5,MacBook,1149,Laptop
"2023-11-09",7,iMac Pro,1081,Desktop
"2022-05-22",10,Apple TV (3rd Generation),477,Streaming Device
"2024-04-26",10,AirPods Max,1603,Audio
"2022-12-10",9,Apple Fitness+,923,Subscription Service
"2020-08-12",6,Mac Pro (Tower),458,Desktop
"2021-07-10",3,AirPods Max,1603,Audio
"2024-04-24",6,Mac Mini (M2),874,Desktop
"2022-09-29",4,Apple Fitness+,923,Subscription Service
"2021-10-02",9,HomePod (2nd Generation),689,Audio
"2023-01-25",8,HomePod (2nd Generation),689,Audio
"2023-04-04",8,Mac Pro (2023),681,Desktop
"2020-05-05",2,AirPods (2nd Generation),504,Audio
"2021-03-09",3,Apple Watch Series 8,1631,Wearable
"2020-12-20",5,Leather Case for iPhone,866,Accessories
"2023-06-16",7,Apple One,488,Subscription Service
"2023-07-21",5,iPad Pro 12.9-inch,1167,Tablet
"2022-07-28",8,Mac Pro (Tower),458,Desktop
"2020-03-25",9,Mac Pro (Tower),458,Desktop
"2020-11-25",9,iPhone 12 Pro Max,544,Smartphone
"2021-10-17",8,Mac Pro (2023),681,Desktop
"2020-02-26",2,iMac 24-inch,449,Desktop
"2022-02-22",6,HomePod mini,266,Smart Speaker
"2022-12-26",9,Beats Fit Pro,1839,Audio
"2024-07-29",9,Beats Solo Pro,1773,Audio
"2021-08-15",9,Smart Cover for iPad,1014,Accessories
"2022-06-25",4,iMac Pro,1081,Desktop
"2020-09-28",6,iPad Pro 12.9-inch,1167,Tablet
"2022-04-25",1,HomePod mini,266,Smart Speaker
"2022-09-18",1,iPad (10th Generation),1735,Tablet
"2022-12-11",6,iPad Pro (M2),1826,Tablet
"2022-07-20",7,AirPods Pro (2nd Generation),696,Audio
"2024-01-01",8,Magic Mouse,313,Accessories
"2020-01-05",2,iPhone 12 Pro,1342,Smartphone
"2023-10-16",7,Apple Music,1965,Subscription Service
"2020-09-22",5,iPad Pro (M2),1826,Tablet
"2022-11-19",9,iPhone 13 Pro,308,Smartphone
"2024-02-16",3,Apple News+,253,Subscription Service
"2020-09-20",7,iPad Air (5th Generation),1591,Tablet
"2022-05-09",1,HomePod mini,266,Smart Speaker
"2024-11-04",5,Mac Pro (Rack),1415,Desktop
"2023-06-23",2,iPhone 13 Pro Max,820,Smartphone
"2023-01-08",10,iPhone SE (3rd Generation),923,Smartphone
"2020-10-21",9,MacBook (Early 2015),741,Laptop
"2022-09-03",2,MacBook Air (Retina),1847,Laptop
"2022-02-26",8,iPad (9th Generation),1949,Tablet
"2020-07-03",10,MacBook,1149,Laptop
"2023-03-28",4,Mac Mini,555,Desktop
"2021-05-18",1,iPhone 14 Pro Max,678,Smartphone
"2022-11-10",6,iCloud,1181,Subscription Service
"2023-05-06",5,AirPods Max,1603,Audio
"2020-12-19",8,MacBook (Retina),231,Laptop
"2023-05-17",5,Leather Case for iPhone,866,Accessories
"2020-03-30",5,Apple One,488,Subscription Service
"2021-02-10",7,MacBook (Early 2015),741,Laptop
"2022-08-24",1,Mac Pro (Rack),1415,Desktop
"2021-07-16",8,Apple Music,1965,Subscription Service
"2021-04-12",2,iPhone SE (3rd Generation),923,Smartphone
"2023-05-13",9,Apple Watch SE,1546,Wearable
"2022-12-15",8,MacBook Pro 13-inch,1351,Laptop
"2023-09-23",9,Apple News+,253,Subscription Service
"2020-06-02",1,Apple Watch Series 9,1014,Wearable
"2024-03-25",8,iPhone 14,1476,Smartphone
"2023-04-22",9,iMac with Retina Display,343,Desktop
"2022-09-29",8,MagSafe Charger,1744,Accessories
"2020-09-26",8,Mac Mini (M2),874,Desktop
"2024-04-19",5,AirPods Max,1603,Audio
"2024-06-17",3,iPhone 13 Pro,308,Smartphone
"2020-10-12",4,AirPods Pro,1167,Audio
"2022-02-22",5,Silicone Case for iPhone,1210,Accessories
"2022-08-07",8,Magic Keyboard,368,Accessories
"2020-04-04",3,iCloud,1181,Subscription Service
"2021-12-02",10,Apple TV HD,1258,Streaming Device
"2020-06-10",4,Apple One,488,Subscription Service
"2020-08-08",4,AirPods (2nd Generation),504,Audio
"2021-12-06",8,iPad Pro 12.9-inch,1167,Tablet
"2021-10-22",5,Mac Pro (2023),681,Desktop
"2021-10-11",4,AirPods Pro (2nd Generation),696,Audio
"2024-10-03",1,Smart Cover for iPad,1014,Accessories
"2024-09-19",7,Mac Studio,613,Desktop
"2023-10-05",10,iPhone 13 mini,1092,Smartphone
"2022-12-13",10,iMac with Retina Display,343,Desktop
"2020-08-24",1,Mac Mini (M2),874,Desktop
"2023-03-09",9,HomePod (2nd Generation),689,Audio
"2021-07-11",6,iPhone 14 Pro Max,678,Smartphone
"2021-05-21",3,iPad Pro (M1),1329,Tablet
"2023-08-09",10,iPhone 12 Pro Max,544,Smartphone
"2023-12-10",6,iPad Pro (M1),1329,Tablet
"2021-12-02",5,iMac Pro,1081,Desktop
"2021-08-26",1,Apple Watch Series 5,1296,Wearable
"2024-05-20",2,iMac 27-inch,1918,Desktop
"2020-11-25",5,Apple TV (3rd Generation),477,Streaming Device
"2020-03-06",10,Apple Pencil (2nd Generation),1506,Accessories
"2020-06-09",7,HomePod (2nd Generation),689,Audio
"2024-09-08",1,Apple TV 4K,1255,Streaming Device
"2022-11-26",4,MacBook Pro (Touch Bar),1304,Laptop
"2022-08-03",5,iPhone SE (3rd Generation),923,Smartphone
"2024-09-24",6,Magic Keyboard,368,Accessories
"2020-05-18",4,iPad mini (6th Generation),573,Tablet
"2020-06-01",4,iPhone SE (3rd Generation),923,Smartphone
"2020-09-30",7,iPad Air (4th Generation),952,Tablet
"2023-02-11",4,Apple Watch Series 7,1431,Wearable
"2023-07-25",7,Apple Fitness+,923,Subscription Service
"2024-08-04",2,Mac Pro (Tower),458,Desktop
"2022-09-28",2,Apple Watch Series 5,1296,Wearable
"2023-04-24",1,iPhone 12 mini,1607,Smartphone
"2024-09-01",7,MacBook (Retina),231,Laptop
"2020-10-24",5,iPad Air (4th Generation),952,Tablet
"2021-07-10",9,MagSafe Battery Pack,1389,Accessories
"2022-03-17",3,Mac Pro (Tower),458,Desktop
"2022-02-21",1,Apple TV (3rd Generation),477,Streaming Device
"2021-04-21",3,MacBook Air (M1),1783,Laptop
"2020-05-06",1,Apple Fitness+,923,Subscription Service
"2020-12-07",6,Magic Keyboard,368,Accessories
"2022-05-07",1,Apple Watch Ultra,346,Wearable
"2021-11-24",2,iPad Pro (M2),1826,Tablet
"2023-08-13",1,MacBook Pro (Touch Bar),1304,Laptop
"2023-10-22",8,iPad Pro (M2),1826,Tablet
"2023-11-26",1,Apple Watch Ultra,346,Wearable
"2024-03-19",6,Magic Trackpad,1242,Accessories
"2021-10-22",9,Apple Music,1965,Subscription Service
"2020-12-17",5,MacBook Pro 14-inch,768,Laptop
"2021-09-29",10,Magic Mouse,313,Accessories
"2020-10-24",9,iPhone 14,1476,Smartphone
"2021-12-06",7,AirPods Pro (2nd Generation),696,Audio
"2022-01-25",8,Apple TV+,404,Subscription Service
"2021-09-14",2,iPad Pro (M2),1826,Tablet
"2024-05-05",8,AirTag,677,Accessories
"2022-09-01",1,iPhone 14 Plus,1259,Smartphone
"2023-05-05",2,iPad Air (5th Generation),1591,Tablet
"2023-08-19",4,iPhone SE (3rd Generation),923,Smartphone
"2020-02-26",8,Magic Trackpad,1242,Accessories
"2023-12-11",3,iPhone 14 Pro,1380,Smartphone
"2023-10-02",6,Beats Powerbeats Pro,1060,Audio
"2021-08-13",5,Mac Studio,613,Desktop
"2024-10-14",10,Apple TV HD,1258,Streaming Device
"2022-07-18",4,Mac Studio,613,Desktop
"2024-11-07",6,Apple TV HD,1258,Streaming Device
"2023-05-22",10,HomePod,1202,Smart Speaker
"2021-11-28",2,iPad mini (6th Generation),573,Tablet
"2024-06-30",9,Apple Watch Series 8,1631,Wearable
"2020-11-01",2,Magic Keyboard with Touch ID,1162,Accessories
"2023-02-25",10,Apple Watch Series 7,1431,Wearable
"2021-02-04",9,MacBook Air (M1),1783,Laptop
"2024-10-01",1,Apple TV HD,1258,Streaming Device
"2021-12-28",3,MacBook Pro 14-inch,768,Laptop
"2023-09-25",3,Apple Pencil (2nd Generation),1506,Accessories
"2022-01-04",6,iPhone 14 Plus,1259,Smartphone
"2024-02-01",4,iPhone 13 mini,1092,Smartphone
"2023-01-09",1,MagSafe Battery Pack,1389,Accessories
"2022-07-20",8,HomePod (2nd Generation),689,Audio
"2020-05-16",2,MagSafe Charger,1744,Accessories
"2020-10-14",8,Apple TV 4K,1255,Streaming Device
"2021-12-17",10,Silicone Case for iPhone,1210,Accessories
"2024-03-06",10,iPhone 13 Pro,308,Smartphone
"2023-12-28",8,iPhone 12 mini,1607,Smartphone
"2022-10-15",8,iPhone 13 Pro Max,820,Smartphone
"2020-06-09",5,iPhone 13 mini,1092,Smartphone
"2021-03-21",9,Mac Mini,555,Desktop
"2022-03-26",3,Mac Pro (Tower),458,Desktop
"2023-08-28",5,iPad Air (4th Generation),952,Tablet
"2020-08-09",1,MacBook Pro 13-inch,1351,Laptop
"2023-12-19",2,iPad mini (6th Generation),573,Tablet
"2022-03-01",4,iPhone 12 Pro Max,544,Smartphone
"2021-02-04",3,AirPods Pro,1167,Audio
"2020-04-22",5,iPad Air (5th Generation),1591,Tablet
"2020-07-24",10,Beats Powerbeats Pro,1060,Audio
"2024-08-19",5,iPad mini (5th Generation),1912,Tablet
"2021-01-03",1,Apple Watch Series 8,1631,Wearable
"2023-05-28",5,Apple News+,253,Subscription Service
"2020-09-20",2,iPhone 12 Pro Max,544,Smartphone
"2021-03-10",8,Apple Watch SE,1546,Wearable
"2023-02-16",2,iPhone 13 Pro Max,820,Smartphone
"2022-01-10",5,iPad Pro 11-inch,1761,Tablet
"2024-05-16",4,Apple News+,253,Subscription Service
"2020-09-20",4,MacBook Pro 13-inch,1351,Laptop
"2024-01-09",1,iPhone 14 Plus,1259,Smartphone
"2021-06-05",9,Apple Watch Series 6,462,Wearable
"2023-05-05",3,MacBook Pro 13-inch,1351,Laptop
"2022-02-11",5,Apple Pencil (1st Generation),925,Accessories
"2022-04-26",6,Apple TV HD,1258,Streaming Device
"2022-11-20",6,iPhone 12 mini,1607,Smartphone
"2024-01-08",4,MacBook Pro 16-inch,1179,Laptop
"2022-11-23",1,Mac Studio,613,Desktop
"2022-06-27",2,MacBook,1149,Laptop
"2023-09-18",3,Apple Watch Ultra,346,Wearable
"2022-04-25",3,Apple Watch Nike Edition,884,Wearable
"2020-02-16",3,MacBook Pro 16-inch,1179,Laptop
"2021-08-24",1,Apple Watch Series 7,1431,Wearable
"2024-10-18",3,Apple One,488,Subscription Service
"2021-10-10",8,iMac 27-inch,1918,Desktop
"2022-07-02",2,iPad (10th Generation),1735,Tablet
"2022-04-25",5,iPad Air (5th Generation),1591,Tablet
"2020-05-11",1,iPhone 12,1436,Smartphone
"2023-05-27",10,HomePod,1202,Smart Speaker
"2021-10-31",8,Magic Keyboard with Touch ID,1162,Accessories
"2024-01-19",5,iPhone SE (3rd Generation),923,Smartphone
"2023-03-18",1,Apple Arcade,549,Subscription Service
"2022-10-30",1,Smart Cover for iPad,1014,Accessories
"2020-07-27",9,iPhone 14 Plus,1259,Smartphone
"2021-11-13",4,iPad Pro (M1),1329,Tablet
"2021-11-19",4,Apple TV HD,1258,Streaming Device
"2020-04-05",5,Mac Pro (Tower),458,Desktop
"2024-01-16",4,iPhone 14 Pro,1380,Smartphone
"2022-05-20",8,iPad mini (5th Generation),1912,Tablet
"2023-12-25",2,MacBook Air (M1),1783,Laptop
"2021-10-05",4,Apple Watch Series 5,1296,Wearable
"2022-10-07",1,Apple TV HD,1258,Streaming Device
"2021-08-17",5,MagSafe Charger,1744,Accessories
"2020-07-06",8,Beats Solo Pro,1773,Audio
"2024-03-27",7,iPad Pro 12.9-inch,1167,Tablet
"2020-01-14",8,Mac Pro (Rack),1415,Desktop
"2022-10-22",9,Apple News+,253,Subscription Service
"2022-03-22",7,iPad Pro (M2),1826,Tablet
"2024-08-06",1,iMac 27-inch,1918,Desktop
"2024-04-23",8,iMac 27-inch,1918,Desktop
"2023-10-04",10,Apple Watch Ultra,346,Wearable
"2023-07-25",7,Apple TV 4K,1255,Streaming Device
"2022-04-30",5,MacBook Pro 16-inch,1179,Laptop
"2023-09-28",6,iMac Pro,1081,Desktop
"2022-01-10",8,MacBook,1149,Laptop
"2022-10-06",7,iMac 27-inch,1918,Desktop
"2022-06-10",1,Beats Powerbeats Pro,1060,Audio
"2022-02-08",2,Magic Trackpad,1242,Accessories
"2024-04-20",3,iMac 27-inch,1918,Desktop
"2022-12-13",7,Beats Studio Buds,762,Audio
"2021-02-03",5,Mac Mini (M2),874,Desktop
"2021-03-08",9,Smart Keyboard Folio,572,Accessories
"2021-05-16",3,HomePod mini,438,Audio
"2021-09-06",10,HomePod (2nd Generation),689,Audio
"2021-01-13",2,MacBook Air (Retina),1847,Laptop
"2024-07-04",6,Mac Pro (Tower),458,Desktop
"2023-09-19",3,iMac with Retina Display,343,Desktop
"2021-12-25",3,iMac with Retina Display,343,Desktop
"2023-11-04",8,iPhone 14 Pro Max,678,Smartphone
"2024-05-01",1,Magic Keyboard,368,Accessories
"2020-12-06",6,Apple Pencil (2nd Generation),1506,Accessories
"2023-06-07",7,HomePod (2nd Generation),689,Audio
"2020-11-13",9,Apple Watch Hermès,1712,Wearable
"2020-12-20",7,Magic Mouse,313,Accessories
"2023-11-12",9,iPhone 14 Plus,1259,Smartphone
"2024-08-17",3,HomePod mini,438,Audio
"2020-11-16",3,MacBook Pro 13-inch,1351,Laptop
"2024-11-12",4,iPhone 14 Pro Max,678,Smartphone
"2022-10-24",2,iPad Air (4th Generation),952,Tablet
"2023-11-17",9,iPhone 13 mini,1092,Smartphone
"2024-10-02",5,MacBook Pro 13-inch,1351,Laptop
"2024-09-04",10,Apple Watch Ultra,346,Wearable
"2020-11-07",9,Mac Pro (Rack),1415,Desktop
"2022-02-17",4,Apple Pencil (1st Generation),925,Accessories
"2024-03-14",10,Apple Watch Series 6,462,Wearable
"2023-10-20",1,iPad Pro 11-inch,1761,Tablet
"2023-08-06",8,HomePod mini,438,Audio
"2024-09-19",8,Magic Trackpad,1242,Accessories
"2020-01-10",2,MacBook (Retina),231,Laptop
"2021-12-16",2,iPad Air (5th Generation),1591,Tablet
"2023-03-30",6,AirPods Pro,1167,Audio
"2024-01-31",8,Apple Watch Series 9,1014,Wearable
"2022-12-27",2,iPhone 13 mini,1092,Smartphone
"2020-08-22",4,iMac 27-inch,1918,Desktop
"2022-01-27",8,iPhone 14 Plus,1259,Smartphone
"2020-01-29",3,Smart Cover for iPad,1014,Accessories
"2021-02-17",8,Magic Mouse,313,Accessories
"2024-03-19",5,Apple News+,253,Subscription Service
"2023-09-22",9,iPhone 14 Pro,1380,Smartphone
"2023-01-18",2,MacBook Air (Retina),1847,Laptop
"2022-12-26",5,MagSafe Charger,1744,Accessories
"2020-05-19",2,Mac Pro (Tower),458,Desktop
"2021-05-09",6,AirPods (2nd Generation),504,Audio
"2022-04-13",2,Magic Trackpad,1242,Accessories
"2022-03-18",6,AirPods Pro,1167,Audio
"2023-12-05",1,AirTag,677,Accessories
"2022-03-22",4,MacBook (Retina),231,Laptop
"2022-06-03",3,AirPods Pro,1167,Audio
"2022-06-29",4,iPhone 14,1476,Smartphone
"2023-07-27",7,iMac Pro,1081,Desktop
"2024-10-09",4,Apple TV+,404,Subscription Service
"2021-07-18",4,iMac 24-inch,449,Desktop
"2021-12-01",9,AirPods Pro,1167,Audio
"2023-09-21",4,iPad mini (6th Generation),573,Tablet
"2021-02-22",10,MacBook Pro 14-inch,768,Laptop
"2020-11-26",7,Beats Solo Pro,1773,Audio
"2024-06-28",7,MacBook (Early 2015),741,Laptop
"2020-01-18",8,Mac Mini,555,Desktop
"2023-01-19",3,Apple Watch Series 7,1431,Wearable
"2021-07-27",2,iPhone 14,1476,Smartphone
"2024-08-21",3,iPhone 13 mini,1092,Smartphone
"2024-04-26",5,iPhone 13 Pro,308,Smartphone
"2021-10-07",2,AirPods (2nd Generation),504,Audio
"2022-03-29",8,Leather Case for iPhone,866,Accessories
"2024-10-30",2,MacBook Air (M1),1783,Laptop
"2020-05-12",6,MacBook Air (M2),1588,Laptop
"2024-03-17",5,HomePod mini,438,Audio
"2023-05-29",6,AirTag,677,Accessories
"2024-10-21",10,AirPods (3rd Generation),1842,Audio
"2022-01-31",7,iCloud,1181,Subscription Service
"2023-06-29",4,Apple Watch Hermès,1712,Wearable
"2021-08-21",8,Apple TV+,404,Subscription Service
"2022-02-15",1,iPhone 12 mini,1607,Smartphone
"2022-11-08",1,iPhone 13,623,Smartphone
"2024-10-10",6,Lightning to USB Cable,1434,Accessories
"2020-02-26",6,iMac Pro,1081,Desktop
"2020-05-11",3,iPhone 14 Pro Max,678,Smartphone
"2022-08-16",7,Smart Keyboard Folio,572,Accessories
"2023-05-11",8,Apple TV 4K,1255,Streaming Device
"2024-04-24",8,Beats Solo Pro,1773,Audio
"2023-04-23",10,Apple TV HD,1258,Streaming Device
"2021-08-06",3,Mac Mini,555,Desktop
"2021-10-08",2,Apple Watch Series 5,1296,Wearable
"2024-08-21",7,Apple News+,253,Subscription Service
"2024-07-10",5,MacBook Air (Retina),1847,Laptop
"2020-02-22",6,Apple Pencil (1st Generation),925,Accessories
"2021-06-19",3,Apple TV 4K,1255,Streaming Device
"2022-07-30",5,Apple Fitness+,923,Subscription Service
"2024-01-13",9,MacBook Air (M1),1783,Laptop
"2022-12-22",3,iPad Air (5th Generation),1591,Tablet
"2022-02-04",8,MacBook Air (M2),1588,Laptop
"2021-05-27",9,iPhone 12,1436,Smartphone
"2023-05-27",7,AirPods (2nd Generation),504,Audio
"2022-10-17",6,iPad (9th Generation),1949,Tablet
"2021-08-28",1,AirTag,677,Accessories
"2021-09-14",9,Lightning to USB Cable,1434,Accessories
"2024-07-21",9,iPad (9th Generation),1949,Tablet
"2022-01-02",8,MacBook Pro 14-inch,768,Laptop
"2023-05-28",9,iPhone 14,1476,Smartphone
"2023-03-23",2,iMac Pro,1081,Desktop
"2023-06-24",2,Apple Pencil (2nd Generation),1506,Accessories
"2022-03-01",1,Apple Watch Series 5,1296,Wearable
"2020-09-24",5,Apple Fitness+,923,Subscription Service
"2020-05-01",9,iPhone 12,1436,Smartphone
"2022-11-22",3,Apple Watch Series 6,462,Wearable
"2024-03-26",9,Lightning to USB Cable,1434,Accessories
"2021-10-20",3,Apple Watch Series 5,1296,Wearable
"2020-10-17",8,iMac Pro,1081,Desktop
"2023-10-31",7,MacBook Pro 14-inch,768,Laptop
"2020-05-24",5,iCloud,1181,Subscription Service
"2021-12-11",10,iPhone 14,1476,Smartphone
"2021-07-03",6,iCloud,1181,Subscription Service
"2024-11-03",8,Mac Mini,555,Desktop
"2024-04-01",3,Apple Watch Series 7,1431,Wearable
"2020-12-19",3,iPad mini (6th Generation),573,Tablet
"2022-12-10",2,iCloud,1181,Subscription Service
"2023-11-09",8,iPhone 14 Pro,1380,Smartphone
"2021-01-01",7,AirPods Pro (2nd Generation),696,Audio
"2023-07-10",9,iPad Air (4th Generation),952,Tablet
"2021-09-12",10,Mac Pro (2023),681,Desktop
"2022-03-18",5,MacBook Pro 16-inch,1179,Laptop
"2023-01-08",1,MacBook Air (Retina),1847,Laptop
"2024-03-29",6,Smart Keyboard Folio,572,Accessories
"2022-08-31",10,Apple Watch Series 5,1296,Wearable
"2020-12-17",4,iPhone 13 mini,1092,Smartphone
"2020-02-16",9,AirPods Max,1603,Audio
"2023-01-12",9,Mac Pro (Tower),458,Desktop
"2024-07-29",1,iPhone 14 Pro Max,678,Smartphone
"2023-03-08",10,Apple One,488,Subscription Service
"2022-02-19",2,iCloud,1181,Subscription Service
"2023-12-10",8,Beats Powerbeats Pro,1060,Audio
"2022-06-29",3,MacBook Pro 16-inch,1179,Laptop
"2021-06-20",7,Beats Solo Pro,1773,Audio
"2024-08-01",4,Mac Studio,613,Desktop
"2021-06-20",7,Magic Mouse,313,Accessories
"2021-08-27",2,iCloud,1181,Subscription Service
"2024-05-09",8,Beats Solo Pro,1773,Audio
"2020-06-29",7,AirPods Pro (2nd Generation),696,Audio
"2020-09-13",2,Apple Music,1965,Subscription Service
"2024-03-10",7,Apple Pencil (2nd Generation),1506,Accessories
"2024-06-26",10,MacBook,1149,Laptop
"2024-03-09",2,Lightning to USB Cable,1434,Accessories
"2021-08-08",3,iPhone 12 Pro Max,544,Smartphone
"2023-09-23",7,AirPods Pro,1167,Audio
"2020-03-30",9,Beats Powerbeats Pro,1060,Audio
"2024-11-05",4,MagSafe Battery Pack,1389,Accessories
"2022-08-30",9,iPhone 13,623,Smartphone
"2020-07-20",10,MacBook,1149,Laptop
"2023-07-02",9,iPad Air (4th Generation),952,Tablet
"2022-02-08",10,Mac Pro (2023),681,Desktop
"2023-11-30",10,Apple Watch SE,1546,Wearable
"2024-04-13",5,iPhone 14 Pro Max,678,Smartphone
"2022-08-01",6,AirPods Pro (2nd Generation),696,Audio
"2023-10-11",6,HomePod mini,438,Audio
"2020-06-28",1,iPad Pro (M2),1826,Tablet
"2023-04-18",6,AirPods Pro,1167,Audio
"2020-06-14",1,iPad (9th Generation),1949,Tablet
"2021-05-29",7,Lightning to USB Cable,1434,Accessories
"2024-08-11",6,HomePod (2nd Generation),689,Audio
"2021-07-14",4,iPhone SE (3rd Generation),923,Smartphone
"2020-06-15",9,Apple Watch Nike Edition,884,Wearable
"2022-02-16",6,Apple Fitness+,923,Subscription Service
"2021-06-10",8,AirPods Max,1603,Audio
"2023-12-21",2,Leather Case for iPhone,866,Accessories
"2023-08-11",2,iPhone 13,623,Smartphone
"2023-12-03",4,iPhone 14 Plus,1259,Smartphone
"2022-12-02",9,MacBook Pro 14-inch,768,Laptop
"2021-11-11",10,iPad Pro (M1),1329,Tablet
"2022-07-30",2,Apple TV+,404,Subscription Service
"2020-05-31",10,Apple Watch Series 6,462,Wearable
"2020-12-17",9,iPad mini (5th Generation),1912,Tablet
"2024-10-24",8,Mac Pro (Tower),458,Desktop
"2024-10-02",9,MacBook (Retina),231,Laptop
"2023-10-25",4,Apple TV HD,1258,Streaming Device
"2023-03-02",2,iPad Pro 12.9-inch,1167,Tablet
"2023-07-26",7,Apple Watch Nike Edition,884,Wearable
"2022-04-11",3,AirPods (2nd Generation),504,Audio
"2022-02-03",2,iPhone 12 Pro,1342,Smartphone
"2021-03-13",6,Mac Mini (M2),874,Desktop
"2024-04-24",8,HomePod mini,438,Audio
"2023-09-25",8,iMac Pro,1081,Desktop
"2023-11-22",8,iPad Pro (M2),1826,Tablet
"2020-10-29",4,Apple Watch Series 6,462,Wearable
"2020-06-21",5,AirPods (2nd Generation),504,Audio
"2021-08-18",8,Smart Keyboard Folio,572,Accessories
"2021-11-26",2,Apple Watch Series 5,1296,Wearable
"2022-04-05",2,Apple Watch Series 5,1296,Wearable
"2022-09-12",4,MacBook,1149,Laptop
"2020-11-30",10,iPad Air (5th Generation),1591,Tablet
"2024-02-05",3,iPhone 13 Pro Max,820,Smartphone
"2023-03-11",9,Leather Case for iPhone,866,Accessories
"2022-06-17",7,HomePod (2nd Generation),689,Audio
"2020-09-17",7,iPhone 13 mini,1092,Smartphone
"2020-09-20",5,Apple Pencil (1st Generation),925,Accessories
"2024-06-01",5,Mac Pro (Rack),1415,Desktop
"2024-09-02",8,Apple TV HD,1258,Streaming Device
"2022-10-11",10,MagSafe Charger,1744,Accessories
"2023-02-28",7,Mac Pro (2023),681,Desktop
"2020-10-18",2,Mac Studio,613,Desktop
"2023-09-20",6,Apple Music,1965,Subscription Service
"2022-12-18",1,iPhone 12 Pro Max,544,Smartphone
"2023-10-13",1,Apple Arcade,549,Subscription Service
"2024-06-08",8,MagSafe Charger,1744,Accessories
"2023-07-19",2,MacBook Air (M2),1588,Laptop
"2023-05-29",10,Apple Watch Series 8,1631,Wearable
"2023-08-23",8,AirPods (2nd Generation),504,Audio
"2020-02-03",6,iPhone 13,623,Smartphone
"2020-01-17",2,AirPods Pro (2nd Generation),696,Audio
"2021-08-13",7,iPad (9th Generation),1949,Tablet
"2023-11-27",2,Apple TV 4K,1255,Streaming Device
"2021-08-03",6,Apple TV 4K,1255,Streaming Device
"2021-07-21",9,iPad Pro (M2),1826,Tablet
"2020-01-04",3,Silicone Case for iPhone,1210,Accessories
"2023-04-29",5,Apple Watch Ultra,346,Wearable
"2023-04-06",8,iMac Pro,1081,Desktop
"2020-11-04",3,iPad (10th Generation),1735,Tablet
"2020-08-25",8,iMac Pro,1081,Desktop
"2022-07-12",4,iPad Pro (M2),1826,Tablet
"2021-02-22",9,iPhone SE (3rd Generation),923,Smartphone
"2020-09-02",1,iPad (9th Generation),1949,Tablet
"2021-09-22",4,AirPods Pro (2nd Generation),696,Audio
"2023-10-14",8,AirPods (3rd Generation),1842,Audio
"2021-04-30",9,iPad Pro (M2),1826,Tablet
"2023-11-28",2,MacBook Air (M2),1588,Laptop
"2020-05-30",6,AirPods Pro (2nd Generation),696,Audio
"2024-03-25",3,iPhone 14 Pro Max,678,Smartphone
"2023-04-21",6,MagSafe Charger,1744,Accessories
"2020-11-07",2,iPhone 14 Pro,1380,Smartphone
"2020-08-29",10,Leather Case for iPhone,866,Accessories
"2023-10-18",4,Apple TV (3rd Generation),477,Streaming Device
"2020-10-09",10,iPad mini (5th Generation),1912,Tablet
"2020-02-28",5,AirPods Max,1603,Audio
"2022-11-03",8,iPad (9th Generation),1949,Tablet
"2020-04-07",7,MacBook Pro 16-inch,1179,Laptop
"2020-09-12",6,Leather Case for iPhone,866,Accessories
"2024-05-22",6,Mac Studio,613,Desktop
"2020-05-19",10,iPad Pro (M1),1329,Tablet
"2020-12-10",9,iPhone SE (3rd Generation),923,Smartphone
"2022-09-18",1,iPhone 12 Pro,1342,Smartphone
"2022-03-05",10,MacBook Air (Retina),1847,Laptop
"2022-07-21",10,Apple Watch SE,1546,Wearable
"2024-08-24",7,iPad Pro (M1),1329,Tablet
"2021-05-11",2,Apple Watch Nike Edition,884,Wearable
"2020-05-07",1,AirPods Pro,1167,Audio
"2022-02-20",7,MacBook Pro 16-inch,1179,Laptop
"2021-06-04",6,MacBook Air (M2),1588,Laptop
"2022-12-16",5,iPhone 12 Pro,1342,Smartphone
"2023-09-30",2,iPhone 14 Pro,1380,Smartphone
"2024-07-15",4,Apple Watch Series 6,462,Wearable
"2024-04-24",5,AirPods (2nd Generation),504,Audio
"2022-04-22",5,iPhone 12,1436,Smartphone
"2021-03-08",2,iPhone 14 Pro,1380,Smartphone
"2020-02-28",8,Smart Keyboard Folio,572,Accessories
"2023-10-26",3,MacBook (Retina),231,Laptop
"2022-12-29",1,iMac with Retina Display,343,Desktop
"2021-03-12",3,Beats Solo Pro,1773,Audio
"2020-05-18",5,Mac Pro (2023),681,Desktop
"2021-03-13",4,iPhone 13 Pro,308,Smartphone
"2023-08-31",5,Apple Pencil (1st Generation),925,Accessories
"2024-08-15",2,iPad Pro (M1),1329,Tablet
"2022-12-20",5,Leather Case for iPhone,866,Accessories
"2020-01-06",3,HomePod,1202,Smart Speaker
"2021-05-07",5,MacBook Pro (Touch Bar),1304,Laptop
"2023-07-08",3,Magic Mouse,313,Accessories
"2022-03-05",5,HomePod (2nd Generation),689,Audio
"2021-07-03",3,Leather Case for iPhone,866,Accessories
"2020-12-19",7,Beats Solo Pro,1773,Audio
"2023-03-04",10,MacBook Air (M2),1588,Laptop
"2021-04-28",6,Beats Powerbeats Pro,1060,Audio
"2023-05-14",1,iPhone 12 mini,1607,Smartphone
"2022-08-31",1,Silicone Case for iPhone,1210,Accessories
"2020-01-02",6,Leather Case for iPhone,866,Accessories
"2023-10-02",1,iPhone 14,1476,Smartphone
"2022-09-27",9,Apple Watch Series 6,462,Wearable
"2023-11-22",8,Mac Mini (M2),874,Desktop
"2021-11-14",3,Apple Watch Series 5,1296,Wearable
"2021-04-05",8,Apple Watch SE,1546,Wearable
"2020-11-21",8,iPad (9th Generation),1949,Tablet
"2022-12-18",10,iPhone 13 mini,1092,Smartphone
"2021-07-20",1,iMac 24-inch,449,Desktop
"2023-06-14",2,Smart Keyboard Folio,572,Accessories
"2024-02-23",1,Mac Studio,613,Desktop
"2022-01-30",2,HomePod (2nd Generation),689,Audio
"2024-09-29",5,Lightning to USB Cable,1434,Accessories
"2020-09-23",6,Silicone Case for iPhone,1210,Accessories
"2020-07-27",6,iPhone 13 mini,1092,Smartphone
"2021-12-22",2,Apple Watch Nike Edition,884,Wearable
"2023-05-18",9,Beats Solo Pro,1773,Audio
"2022-07-28",7,iPad Pro 11-inch,1761,Tablet
"2024-06-11",7,MagSafe Charger,1744,Accessories
"2023-02-01",7,iPad Air (4th Generation),952,Tablet
"2022-12-19",3,Mac Pro (Tower),458,Desktop
"2021-12-17",4,MagSafe Battery Pack,1389,Accessories
"2020-11-07",3,iPhone 13,623,Smartphone
"2022-09-20",4,AirPods (2nd Generation),504,Audio
"2023-06-27",4,Magic Mouse,313,Accessories
"2020-03-18",6,iPad Pro 12.9-inch,1167,Tablet
"2020-08-22",6,Mac Mini (M2),874,Desktop
"2022-04-13",9,Beats Studio Buds,762,Audio
"2022-04-18",4,MagSafe Charger,1744,Accessories
"2022-04-17",10,Apple Watch Series 9,1014,Wearable
"2022-04-25",10,Apple Watch Series 9,1014,Wearable
"2022-12-05",9,Apple Fitness+,923,Subscription Service
"2020-09-16",3,Apple Watch Nike Edition,884,Wearable
"2023-03-29",9,iPhone 14,1476,Smartphone
"2021-05-14",7,iPad Pro (M1),1329,Tablet
"2021-03-08",5,Beats Fit Pro,1839,Audio
"2020-11-21",8,Apple TV+,404,Subscription Service
"2020-02-28",3,iPhone 14 Plus,1259,Smartphone
"2023-06-12",7,Beats Solo Pro,1773,Audio
"2024-02-13",10,MacBook Pro 14-inch,768,Laptop
"2022-04-05",7,iPhone 12 Pro Max,544,Smartphone
"2020-03-20",10,MagSafe Charger,1744,Accessories
"2022-01-09",9,iPhone 12 mini,1607,Smartphone
"2021-09-20",2,iPhone 12,1436,Smartphone
"2020-12-02",4,Apple Watch Ultra,346,Wearable
"2023-12-25",6,iMac 27-inch,1918,Desktop
"2020-05-19",10,Mac Pro (2023),681,Desktop
"2024-01-10",4,MagSafe Battery Pack,1389,Accessories
"2023-07-03",3,MagSafe Charger,1744,Accessories
"2024-10-24",9,Mac Mini (M2),874,Desktop
"2022-08-01",1,AirTag,677,Accessories
"2020-04-16",10,iPhone 14 Pro,1380,Smartphone
"2023-05-16",3,iPhone SE (3rd Generation),923,Smartphone
"2020-10-03",5,Silicone Case for iPhone,1210,Accessories
"2024-01-20",4,HomePod mini,266,Smart Speaker
"2023-06-15",9,iPad Pro 11-inch,1761,Tablet
"2021-02-04",5,Apple TV 4K,1255,Streaming Device
"2023-02-18",6,iPad Pro (M1),1329,Tablet
"2021-10-18",4,Mac Mini (M2),874,Desktop
"2021-05-07",7,HomePod (2nd Generation),689,Audio
"2020-12-29",9,MacBook Air (M1),1783,Laptop
"2020-05-15",6,iPhone 14 Pro Max,678,Smartphone
"2021-02-01",3,iCloud,1181,Subscription Service
"2021-09-10",7,Apple Music,1965,Subscription Service
"2024-05-03",2,HomePod (2nd Generation),689,Audio
"2023-12-20",6,iPhone 12 mini,1607,Smartphone
"2024-03-09",3,iPhone 13 Pro,308,Smartphone
"2021-07-23",7,MacBook Pro (Touch Bar),1304,Laptop
"2024-10-07",8,Magic Trackpad,1242,Accessories
"2020-11-02",2,MacBook,1149,Laptop
"2020-05-26",10,Mac Mini,555,Desktop
"2022-04-05",8,Apple Pencil (2nd Generation),1506,Accessories
"2024-02-23",7,iPhone 12 mini,1607,Smartphone
"2021-02-05",9,Apple Pencil (2nd Generation),1506,Accessories
"2024-06-14",9,iPhone 14 Plus,1259,Smartphone
"2021-01-20",7,HomePod mini,438,Audio
"2023-05-19",7,Apple Watch Series 7,1431,Wearable
"2024-09-29",7,MacBook (Early 2015),741,Laptop
"2023-10-05",3,Apple Watch Ultra,346,Wearable
"2022-11-16",3,AirPods Max,1603,Audio
"2024-07-05",1,Apple Music,1965,Subscription Service
"2022-11-03",3,AirPods Pro (2nd Generation),696,Audio
"2023-06-16",2,iPad (10th Generation),1735,Tablet
"2021-03-12",8,Apple TV (3rd Generation),477,Streaming Device
"2023-11-26",5,iPad (10th Generation),1735,Tablet
"2020-04-26",4,iPhone 14 Plus,1259,Smartphone
"2024-06-02",8,iPhone 13,623,Smartphone
"2023-03-13",8,iPad Pro (M2),1826,Tablet
"2022-08-26",7,Apple TV 4K,1255,Streaming Device
"2024-09-30",5,Beats Studio Buds,762,Audio
"2024-01-23",10,iPad Air (5th Generation),1591,Tablet
"2020-04-05",8,iPhone 14 Pro Max,678,Smartphone
"2024-04-24",8,iPhone 12 mini,1607,Smartphone
"2020-02-22",7,iPad mini (6th Generation),573,Tablet
"2021-01-26",7,Apple Watch Hermès,1712,Wearable
"2024-07-03",1,Mac Pro (Tower),458,Desktop
"2020-02-19",7,MacBook Pro (Touch Bar),1304,Laptop
"2022-04-04",4,Apple Watch Ultra,346,Wearable
"2024-09-15",8,AirPods Max,1603,Audio
"2022-08-11",5,Mac Pro (Rack),1415,Desktop
"2022-05-24",7,iPhone 13 Pro,308,Smartphone
"2020-03-07",10,iPad (9th Generation),1949,Tablet
"2024-05-23",7,Beats Powerbeats Pro,1060,Audio
"2021-10-17",6,Magic Keyboard with Touch ID,1162,Accessories
"2022-01-24",10,iPhone 13 mini,1092,Smartphone
"2022-04-14",4,AirPods Pro,1167,Audio
"2022-09-19",8,AirTag,677,Accessories
"2022-12-24",4,MacBook (Retina),231,Laptop
"2022-12-26",6,iMac Pro,1081,Desktop
"2023-12-24",9,Mac Mini,555,Desktop
"2024-07-29",2,Magic Trackpad,1242,Accessories
"2024-09-18",8,iMac Pro,1081,Desktop
"2023-06-20",5,Beats Fit Pro,1839,Audio
"2020-12-05",10,Apple News+,253,Subscription Service
"2024-06-30",7,Apple TV (3rd Generation),477,Streaming Device
"2021-10-27",7,Apple Watch Series 7,1431,Wearable
"2020-09-12",7,Silicone Case for iPhone,1210,Accessories
"2023-09-25",4,Smart Keyboard Folio,572,Accessories
"2022-11-21",9,iPad (9th Generation),1949,Tablet
"2022-01-18",4,Apple TV HD,1258,Streaming Device
"2023-08-10",8,Apple Watch Series 6,462,Wearable
"2020-09-09",5,MagSafe Battery Pack,1389,Accessories
"2024-10-16",3,iPad (10th Generation),1735,Tablet
"2022-12-04",3,iPhone 14 Plus,1259,Smartphone
"2023-04-04",6,iPhone 12,1436,Smartphone
"2021-04-02",2,AirPods Pro (2nd Generation),696,Audio
"2022-11-22",5,Apple Watch Series 9,1014,Wearable
"2022-04-17",9,iPad (9th Generation),1949,Tablet
"2023-01-25",2,MacBook Air (M1),1783,Laptop
"2024-06-30",10,iPhone 13 mini,1092,Smartphone
"2024-11-05",9,iPhone 14 Pro Max,678,Smartphone
"2020-09-25",9,iPad (9th Generation),1949,Tablet
"2020-04-10",2,AirPods Pro (2nd Generation),696,Audio
"2020-01-02",8,AirPods (2nd Generation),504,Audio
"2022-05-17",2,HomePod (2nd Generation),689,Audio
"2020-06-22",9,Silicone Case for iPhone,1210,Accessories
"2021-04-08",3,iPhone 12 Pro,1342,Smartphone
"2024-07-29",1,Apple TV HD,1258,Streaming Device
"2020-05-05",7,Apple Music,1965,Subscription Service
"2021-01-23",1,HomePod (2nd Generation),689,Audio
"2023-07-17",4,Leather Case for iPhone,866,Accessories
"2020-10-19",2,Smart Keyboard Folio,572,Accessories
"2022-06-02",3,iPad mini (6th Generation),573,Tablet
"2023-02-05",8,MacBook Pro (Touch Bar),1304,Laptop
"2021-12-18",1,iPad Air (4th Generation),952,Tablet
"2021-09-14",6,iPhone 12,1436,Smartphone
"2024-07-12",1,MacBook Pro 16-inch,1179,Laptop
"2024-06-08",5,MacBook,1149,Laptop
"2020-09-14",10,Mac Pro (Tower),458,Desktop
"2024-03-01",4,iPad (10th Generation),1735,Tablet
"2023-06-13",7,MacBook (Early 2015),741,Laptop
"2023-09-29",5,Lightning to USB Cable,1434,Accessories
"2023-03-12",8,Apple Watch Series 5,1296,Wearable
"2024-02-01",8,MagSafe Charger,1744,Accessories
"2023-06-17",4,AirPods (2nd Generation),504,Audio
"2021-07-08",4,Mac Pro (Rack),1415,Desktop
"2024-07-16",9,iPhone 14 Pro,1380,Smartphone
"2020-02-04",1,HomePod mini,438,Audio
"2021-08-16",2,Apple TV 4K,1255,Streaming Device
"2024-05-20",1,Smart Cover for iPad,1014,Accessories
"2021-12-13",4,Mac Mini (M2),874,Desktop
"2021-07-06",7,MacBook (Retina),231,Laptop
"2022-02-04",4,Apple Pencil (1st Generation),925,Accessories
"2020-05-29",5,Apple TV+,404,Subscription Service
"2024-05-09",2,Leather Case for iPhone,866,Accessories
"2023-01-21",4,iPad Air (5th Generation),1591,Tablet
"2023-08-13",4,iMac Pro,1081,Desktop
"2021-12-25",7,Magic Keyboard,368,Accessories
"2020-11-21",7,iPhone 13 mini,1092,Smartphone
"2024-01-17",6,iPad Pro (M2),1826,Tablet
"2023-12-11",6,AirPods (3rd Generation),1842,Audio
"2023-02-16",9,Magic Keyboard,368,Accessories
"2021-12-01",8,Silicone Case for iPhone,1210,Accessories
"2023-09-24",2,iPad (9th Generation),1949,Tablet
"2021-01-25",1,Apple Watch Ultra,346,Wearable
"2023-10-04",4,Apple Watch Nike Edition,884,Wearable
"2024-01-22",1,HomePod,1202,Smart Speaker
"2020-10-08",4,iPad mini (6th Generation),573,Tablet
"2020-06-27",5,Beats Solo Pro,1773,Audio
"2024-01-20",5,iPad Air (5th Generation),1591,Tablet
"2020-12-15",7,iPhone 13 mini,1092,Smartphone
"2022-06-26",9,iPhone 14 Plus,1259,Smartphone
"2024-04-23",10,Apple TV+,404,Subscription Service
"2024-03-23",5,MacBook,1149,Laptop
"2020-08-28",9,iPhone 14 Plus,1259,Smartphone
"2024-01-06",8,iCloud,1181,Subscription Service
"2022-01-11",5,MacBook (Early 2015),741,Laptop
"2020-11-02",5,HomePod mini,438,Audio
"2023-01-10",2,Apple Music,1965,Subscription Service
"2020-06-19",5,MacBook Pro 16-inch,1179,Laptop
"2024-07-26",2,iPhone SE (3rd Generation),923,Smartphone
"2020-07-03",2,AirTag,677,Accessories
"2023-02-19",5,HomePod mini,266,Smart Speaker
"2020-11-13",8,Leather Case for iPhone,866,Accessories
"2023-02-02",5,iPad Air (4th Generation),952,Tablet
"2021-10-18",1,Apple Watch Series 6,462,Wearable
"2024-08-13",5,iPhone 12 mini,1607,Smartphone
"2021-05-07",9,MacBook Pro 14-inch,768,Laptop
"2021-09-07",2,MagSafe Battery Pack,1389,Accessories
"2023-05-24",5,Beats Fit Pro,1839,Audio
"2024-09-28",5,iPhone 13,623,Smartphone
"2022-05-13",1,Mac Pro (2023),681,Desktop
"2021-12-14",2,MacBook Pro 14-inch,768,Laptop
"2022-07-17",2,iPhone 13,623,Smartphone
"2023-04-17",3,Smart Cover for iPad,1014,Accessories
"2024-10-25",4,iMac 24-inch,449,Desktop
"2022-09-29",1,Leather Case for iPhone,866,Accessories
"2022-02-09",2,iPhone 13 Pro,308,Smartphone
"2023-07-22",7,iPad Pro 11-inch,1761,Tablet
"2022-02-26",7,iPhone 12 Pro Max,544,Smartphone
"2020-01-31",7,Apple One,488,Subscription Service
"2023-08-05",4,iPhone 12,1436,Smartphone
"2024-06-04",3,Magic Keyboard with Touch ID,1162,Accessories
"2022-11-17",6,iPhone 12,1436,Smartphone
"2023-02-17",10,Apple Watch Series 5,1296,Wearable
"2023-06-17",1,iPhone 13,623,Smartphone
"2023-11-25",3,Apple One,488,Subscription Service
"2020-12-17",2,Beats Solo Pro,1773,Audio
"2024-04-21",5,iPhone 12,1436,Smartphone
"2021-11-18",4,iPad mini (6th Generation),573,Tablet
"2021-11-25",1,Apple Fitness+,923,Subscription Service
"2023-10-01",9,Apple Watch Ultra,346,Wearable
"2022-11-14",4,Apple Pencil (2nd Generation),1506,Accessories
"2023-04-13",6,AirPods Pro (2nd Generation),696,Audio
"2020-10-09",3,iPhone 12 Pro Max,544,Smartphone
"2022-06-02",6,Apple Watch SE,1546,Wearable
"2022-01-29",4,Beats Powerbeats Pro,1060,Audio
"2022-09-14",10,MacBook Pro 16-inch,1179,Laptop
"2022-03-17",8,MacBook Pro 13-inch,1351,Laptop
"2020-07-14",3,AirPods Max,1603,Audio
"2021-09-01",7,Apple Watch Series 9,1014,Wearable
"2022-01-09",2,Magic Keyboard,368,Accessories
"2022-07-01",7,AirPods Max,1603,Audio
"2020-04-22",10,Smart Keyboard Folio,572,Accessories
"2020-07-11",3,iPhone 14 Plus,1259,Smartphone
"2023-04-06",4,iPad Air (5th Generation),1591,Tablet
"2023-12-23",6,MacBook Air (Retina),1847,Laptop
"2023-10-02",7,iMac Pro,1081,Desktop
"2022-12-22",5,AirPods Max,1603,Audio
"2020-07-22",5,Mac Mini (M2),874,Desktop
"2024-09-14",2,iCloud,1181,Subscription Service
"2020-08-19",6,Smart Keyboard Folio,572,Accessories
"2020-10-02",3,iPhone 14 Pro,1380,Smartphone
"2020-02-14",2,iPad Pro 11-inch,1761,Tablet
"2023-07-09",6,iPad (10th Generation),1735,Tablet
"2024-03-18",5,Mac Mini (M2),874,Desktop
"2021-11-24",5,MacBook Pro 16-inch,1179,Laptop
"2023-07-05",6,iMac with Retina Display,343,Desktop
"2020-10-07",3,MagSafe Charger,1744,Accessories
"2022-08-28",8,iPhone 13 Pro Max,820,Smartphone
"2024-10-17",5,MacBook Pro 13-inch,1351,Laptop
"2024-05-15",5,AirPods Max,1603,Audio
"2020-04-27",1,Smart Keyboard Folio,572,Accessories
"2020-11-19",5,MacBook Pro 16-inch,1179,Laptop
"2024-05-01",8,iPhone 12 mini,1607,Smartphone
"2023-12-06",1,Apple Fitness+,923,Subscription Service
"2020-05-13",4,MacBook (Early 2015),741,Laptop
"2024-09-20",6,AirTag,677,Accessories
"2020-05-26",1,MagSafe Charger,1744,Accessories
"2024-06-18",2,iMac with Retina Display,343,Desktop
"2023-12-12",2,iPhone 13 mini,1092,Smartphone
"2022-12-23",3,iPad Air (4th Generation),952,Tablet
"2024-04-05",1,AirPods (3rd Generation),1842,Audio
"2021-12-29",10,iPad Pro (M2),1826,Tablet
"2023-12-25",9,iPad Pro 11-inch,1761,Tablet
"2020-09-23",3,iPad (9th Generation),1949,Tablet
"2024-04-17",4,Apple Watch Series 6,462,Wearable
"2023-03-14",6,MacBook Pro (Touch Bar),1304,Laptop
"2020-07-02",4,MacBook Air (M2),1588,Laptop
"2023-10-16",6,Mac Mini,555,Desktop
"2021-10-01",9,MacBook Pro 13-inch,1351,Laptop
"2021-01-13",2,HomePod (2nd Generation),689,Audio
"2022-06-17",3,Apple Music,1965,Subscription Service
"2024-02-28",5,iPad mini (5th Generation),1912,Tablet
"2023-10-27",10,Apple Pencil (2nd Generation),1506,Accessories
"2022-12-04",9,Mac Pro (Tower),458,Desktop
"2024-06-25",1,Apple Watch Series 6,462,Wearable
"2021-02-11",6,Lightning to USB Cable,1434,Accessories
"2022-09-21",8,HomePod mini,266,Smart Speaker
"2024-10-24",8,Mac Pro (2023),681,Desktop
"2021-01-31",8,Apple TV (3rd Generation),477,Streaming Device
"2024-08-19",6,Apple Music,1965,Subscription Service
"2024-07-02",1,HomePod (2nd Generation),689,Audio
"2021-02-24",6,Apple TV+,404,Subscription Service
"2023-06-07",2,Apple TV (3rd Generation),477,Streaming Device
"2024-07-17",5,iPhone 14 Plus,1259,Smartphone
"2021-03-24",8,AirPods Pro,1167,Audio
"2022-07-23",9,MagSafe Charger,1744,Accessories
"2021-07-01",10,Mac Studio,613,Desktop
"2024-03-07",2,MacBook Pro 16-inch,1179,Laptop
"2023-04-19",2,iPad Pro 11-inch,1761,Tablet
"2020-07-01",5,Beats Studio Buds,762,Audio
"2023-09-24",8,Apple Pencil (2nd Generation),1506,Accessories
"2021-09-18",7,HomePod (2nd Generation),689,Audio
"2023-02-15",7,iPad mini (6th Generation),573,Tablet
"2023-12-01",9,iMac 27-inch,1918,Desktop
"2021-03-18",2,Apple Arcade,549,Subscription Service
"2021-03-31",5,AirTag,677,Accessories
"2020-07-19",4,AirPods Pro,1167,Audio
"2021-08-08",7,Beats Powerbeats Pro,1060,Audio
"2023-05-05",5,Beats Fit Pro,1839,Audio
"2022-01-05",1,Apple TV (3rd Generation),477,Streaming Device
"2024-08-28",1,AirPods Pro,1167,Audio
"2020-01-18",4,iPhone 13,623,Smartphone
"2021-04-17",6,iPad mini (5th Generation),1912,Tablet
"2020-07-10",4,Mac Studio,613,Desktop
"2020-01-24",10,Smart Keyboard Folio,572,Accessories
"2024-07-07",1,Silicone Case for iPhone,1210,Accessories
"2024-06-23",2,Smart Keyboard Folio,572,Accessories
"2020-11-09",3,iPhone SE (3rd Generation),923,Smartphone
"2022-05-23",8,Smart Cover for iPad,1014,Accessories
"2024-04-13",4,iPhone 12 Pro,1342,Smartphone
"2022-02-12",6,MacBook Pro (Touch Bar),1304,Laptop
"2024-02-28",6,iPhone 14 Pro Max,678,Smartphone
"2022-10-03",10,Apple Watch Series 5,1296,Wearable
"2021-06-26",2,Mac Pro (Rack),1415,Desktop
"2020-06-30",4,iPad mini (6th Generation),573,Tablet
"2022-02-24",8,iMac 27-inch,1918,Desktop
"2022-08-29",4,AirPods (3rd Generation),1842,Audio
"2022-11-27",4,Leather Case for iPhone,866,Accessories
"2022-09-13",2,MacBook Air (M1),1783,Laptop
"2020-01-20",8,Apple Watch Hermès,1712,Wearable
"2022-01-25",5,AirPods Pro (2nd Generation),696,Audio
"2022-01-06",8,Apple Music,1965,Subscription Service
"2024-01-15",8,Apple TV (3rd Generation),477,Streaming Device
"2020-10-15",9,Beats Powerbeats Pro,1060,Audio
"2024-06-01",9,iPad Air (5th Generation),1591,Tablet
"2021-01-01",3,iMac 24-inch,449,Desktop
"2020-10-18",7,iPhone 12 mini,1607,Smartphone
"2021-12-07",6,Apple Watch Series 8,1631,Wearable
"2024-11-12",10,MacBook (Early 2015),741,Laptop
"2022-11-03",6,MacBook (Retina),231,Laptop
"2023-10-29",8,Beats Fit Pro,1839,Audio
"2022-07-13",4,Apple Watch Series 9,1014,Wearable
"2023-03-15",5,Magic Trackpad,1242,Accessories
"2021-02-12",8,MacBook Pro (Touch Bar),1304,Laptop
"2020-05-21",4,Apple Fitness+,923,Subscription Service
"2021-07-24",7,MacBook Pro (Touch Bar),1304,Laptop
"2021-08-04",2,Smart Keyboard Folio,572,Accessories
"2020-05-25",3,iPad (10th Generation),1735,Tablet
"2021-01-15",7,Apple Watch Series 7,1431,Wearable
"2023-03-07",9,Smart Keyboard Folio,572,Accessories
"2024-07-17",5,iPad (9th Generation),1949,Tablet
"2021-07-16",5,Apple Watch Series 9,1014,Wearable
"2023-10-31",5,Mac Studio,613,Desktop
"2024-03-27",10,AirPods Max,1603,Audio
"2021-03-05",10,Apple News+,253,Subscription Service
"2023-11-25",10,Apple Watch Series 6,462,Wearable
"2020-08-10",5,Mac Pro (Rack),1415,Desktop
"2024-07-13",8,Apple Watch Series 9,1014,Wearable
"2023-10-04",6,AirPods Pro (2nd Generation),696,Audio
"2021-03-18",7,iPhone 13 Pro Max,820,Smartphone
"2021-03-08",8,AirPods Pro,1167,Audio
"2021-05-19",3,Apple Music,1965,Subscription Service
"2023-10-18",10,iPhone 12,1436,Smartphone
"2024-01-10",2,iPad Pro (M1),1329,Tablet
"2023-11-23",6,iPad mini (5th Generation),1912,Tablet
"2022-03-27",7,Beats Powerbeats Pro,1060,Audio
"2023-11-15",6,Mac Pro (2023),681,Desktop
"2021-10-15",3,Mac Pro (Tower),458,Desktop
"2023-10-26",5,HomePod mini,266,Smart Speaker
"2024-09-24",9,iPhone 12,1436,Smartphone
"2022-09-05",2,MacBook Pro (Touch Bar),1304,Laptop
"2020-03-02",3,iMac with Retina Display,343,Desktop
"2022-01-14",2,iPhone 12 mini,1607,Smartphone
"2020-09-08",2,MagSafe Charger,1744,Accessories
"2021-02-19",2,MacBook Air (Retina),1847,Laptop
"2020-04-25",3,Apple Pencil (2nd Generation),1506,Accessories
"2023-08-16",7,Apple Arcade,549,Subscription Service
"2021-02-17",5,iPad (10th Generation),1735,Tablet
"2020-04-16",7,iPhone 12 mini,1607,Smartphone
"2023-05-20",3,HomePod (2nd Generation),689,Audio
"2023-07-26",5,iPhone 13 mini,1092,Smartphone
"2023-10-31",6,Apple Pencil (2nd Generation),1506,Accessories
"2020-03-04",7,iPhone 14 Plus,1259,Smartphone
"2023-07-24",6,Mac Mini (M2),874,Desktop
"2020-08-23",5,iPad Pro (M1),1329,Tablet
"2022-03-28",7,MacBook Air (M2),1588,Laptop
"2023-06-12",3,iPhone SE (3rd Generation),923,Smartphone
"2022-01-19",6,MacBook Air (Retina),1847,Laptop
"2022-09-02",7,Beats Powerbeats Pro,1060,Audio
"2021-05-03",2,Beats Studio Buds,762,Audio
"2022-12-25",1,iPad Air (5th Generation),1591,Tablet
"2023-01-14",9,Apple Watch Hermès,1712,Wearable
"2020-12-01",9,MacBook Air (Retina),1847,Laptop
"2022-04-14",8,iCloud,1181,Subscription Service
"2022-06-06",2,Apple Watch Series 6,462,Wearable
"2020-10-11",6,Apple TV HD,1258,Streaming Device
"2021-10-24",7,Beats Studio Buds,762,Audio
"2021-05-15",2,MagSafe Charger,1744,Accessories
"2020-12-28",7,Apple Pencil (2nd Generation),1506,Accessories
"2020-12-07",1,MacBook Pro 16-inch,1179,Laptop
"2021-02-10",7,iPhone 13 Pro,308,Smartphone
"2022-11-08",8,MacBook Air (M2),1588,Laptop
"2024-05-24",7,Beats Solo Pro,1773,Audio
"2023-04-07",8,iPad Pro 11-inch,1761,Tablet
"2024-09-22",3,Apple TV 4K,1255,Streaming Device
"2020-11-19",8,iPhone 12,1436,Smartphone
"2020-07-10",1,MacBook Pro 13-inch,1351,Laptop
"2021-11-30",2,Beats Studio Buds,762,Audio
"2022-07-15",3,Apple News+,253,Subscription Service
"2022-10-12",1,Magic Mouse,313,Accessories
"2024-07-05",3,iPhone 14 Pro Max,678,Smartphone
"2022-08-17",7,Apple Pencil (2nd Generation),1506,Accessories
"2021-07-26",10,Beats Studio Buds,762,Audio
"2024-09-22",4,Apple Music,1965,Subscription Service
"2020-08-31",3,MacBook Air (M2),1588,Laptop
"2022-12-16",9,MacBook (Retina),231,Laptop
"2023-04-19",10,AirPods (2nd Generation),504,Audio
"2023-10-13",10,Apple Watch Ultra,346,Wearable
"2021-08-04",4,AirPods (2nd Generation),504,Audio
"2024-05-01",9,MagSafe Charger,1744,Accessories
"2022-12-18",1,Magic Mouse,313,Accessories
"2020-01-24",10,Apple Watch Series 6,462,Wearable
"2024-10-11",6,Magic Keyboard with Touch ID,1162,Accessories
"2022-09-10",8,Apple TV HD,1258,Streaming Device
"2020-12-08",5,Lightning to USB Cable,1434,Accessories
"2023-04-27",9,iPad Pro 12.9-inch,1167,Tablet
"2024-10-03",6,MacBook Pro 14-inch,768,Laptop
"2022-09-22",2,Apple News+,253,Subscription Service
"2023-09-16",2,Apple Watch Series 9,1014,Wearable
"2021-07-09",3,Magic Keyboard,368,Accessories
"2021-06-10",6,MagSafe Battery Pack,1389,Accessories
"2022-02-15",7,Apple Watch Ultra,346,Wearable
"2022-04-26",2,iMac with Retina Display,343,Desktop
"2022-02-21",9,iPad mini (6th Generation),573,Tablet
"2021-11-13",2,MacBook Air (M2),1588,Laptop
"2023-05-18",6,iPhone 13 Pro Max,820,Smartphone
"2023-12-16",3,AirTag,677,Accessories
"2022-02-12",2,Smart Cover for iPad,1014,Accessories
"2023-02-07",6,Beats Powerbeats Pro,1060,Audio
"2021-04-24",5,MacBook Air (Retina),1847,Laptop
"2021-03-19",1,MagSafe Charger,1744,Accessories
"2020-04-16",3,Apple One,488,Subscription Service
"2022-06-23",9,MacBook Pro 13-inch,1351,Laptop
"2023-08-01",3,MacBook Pro 13-inch,1351,Laptop
"2023-11-30",9,iMac 24-inch,449,Desktop
"2023-07-07",10,Beats Studio Buds,762,Audio
"2020-02-27",8,Apple Music,1965,Subscription Service
"2020-03-15",6,iPhone 12 Pro Max,544,Smartphone
"2023-11-28",7,Magic Mouse,313,Accessories
"2022-02-05",5,AirTag,677,Accessories
"2023-08-04",2,iPad Pro (M1),1329,Tablet
"2020-12-23",4,iPhone 12 mini,1607,Smartphone
"2022-01-27",4,MacBook Pro 14-inch,768,Laptop
"2024-04-01",4,MagSafe Battery Pack,1389,Accessories
"2023-04-30",6,Apple Watch Series 5,1296,Wearable
"2023-04-25",3,iPhone 12 Pro Max,544,Smartphone
"2022-07-23",1,Beats Powerbeats Pro,1060,Audio
"2022-08-16",4,Magic Trackpad,1242,Accessories
"2023-06-11",3,Apple Pencil (2nd Generation),1506,Accessories
"2024-09-28",5,iPad mini (5th Generation),1912,Tablet
"2021-06-20",2,Silicone Case for iPhone,1210,Accessories
"2021-02-11",3,Apple Watch Series 5,1296,Wearable
"2023-06-30",3,iPhone 12 mini,1607,Smartphone
"2021-04-01",3,iMac 24-inch,449,Desktop
"2024-05-31",10,Magic Keyboard,368,Accessories
"2024-08-25",6,Apple Pencil (2nd Generation),1506,Accessories
"2021-10-28",3,HomePod mini,438,Audio
"2024-06-25",9,Apple Watch Hermès,1712,Wearable
"2020-01-22",7,iPad (9th Generation),1949,Tablet
"2021-12-21",8,Apple TV+,404,Subscription Service
"2023-11-25",4,iPad Pro 12.9-inch,1167,Tablet
"2024-02-15",3,Apple One,488,Subscription Service
"2024-04-17",9,Apple One,488,Subscription Service
"2022-03-17",4,Apple Pencil (1st Generation),925,Accessories
"2020-05-02",7,Magic Trackpad,1242,Accessories
"2021-03-31",9,Apple Watch Series 9,1014,Wearable
"2023-09-17",10,Mac Mini (M2),874,Desktop
"2022-09-15",4,Silicone Case for iPhone,1210,Accessories
"2022-01-27",6,Apple Watch Series 7,1431,Wearable
"2021-01-07",4,MacBook,1149,Laptop
"2023-11-14",8,MacBook Air (Retina),1847,Laptop
"2021-04-26",2,Apple Watch Series 7,1431,Wearable
"2024-08-09",3,AirTag,677,Accessories
"2021-01-28",3,Apple Watch SE,1546,Wearable
"2020-12-01",3,iPhone 12 Pro Max,544,Smartphone
"2023-10-09",6,Apple TV 4K,1255,Streaming Device
"2021-12-07",8,MacBook,1149,Laptop
"2023-03-23",1,AirPods (2nd Generation),504,Audio
"2022-11-14",8,iCloud,1181,Subscription Service
"2020-10-02",9,Apple Watch Series 7,1431,Wearable
"2023-02-10",9,Apple Watch Series 7,1431,Wearable
"2020-02-29",8,iMac Pro,1081,Desktop
"2020-02-16",1,Silicone Case for iPhone,1210,Accessories
"2020-08-05",1,Apple Watch Series 5,1296,Wearable
"2024-07-11",6,iPhone 14,1476,Smartphone
"2021-09-20",10,Apple Watch SE,1546,Wearable
"2021-02-07",4,MacBook Air (Retina),1847,Laptop
"2022-03-14",6,Mac Pro (2023),681,Desktop
"2023-08-08",9,Mac Pro (2023),681,Desktop
"2021-05-12",1,Beats Powerbeats Pro,1060,Audio
"2022-12-16",1,MacBook Air (M2),1588,Laptop
"2021-03-26",2,MacBook (Retina),231,Laptop
"2022-07-23",7,MacBook Pro 14-inch,768,Laptop
"2020-08-03",5,Magic Keyboard with Touch ID,1162,Accessories
"2020-01-11",3,Apple Watch Series 8,1631,Wearable
"2021-07-08",2,AirTag,677,Accessories
"2023-07-21",6,Apple Music,1965,Subscription Service
"2021-01-01",8,iPhone 13 Pro Max,820,Smartphone
"2023-11-16",8,Apple Watch Hermès,1712,Wearable
"2022-04-30",3,HomePod mini,266,Smart Speaker
"2024-10-21",5,iPhone 13,623,Smartphone
"2020-12-19",9,iMac with Retina Display,343,Desktop
"2021-10-01",7,Smart Cover for iPad,1014,Accessories
"2024-08-02",4,MacBook Air (M2),1588,Laptop
"2024-07-23",9,Beats Fit Pro,1839,Audio
"2023-11-25",5,iPhone 13 Pro,308,Smartphone
"2020-03-19",8,iPad Pro 11-inch,1761,Tablet
"2020-01-28",10,Apple Watch Series 7,1431,Wearable
"2023-09-17",6,iCloud,1181,Subscription Service
"2022-09-30",4,Apple Watch Nike Edition,884,Wearable
"2021-08-30",9,Apple TV+,404,Subscription Service
"2021-04-20",5,Beats Studio Buds,762,Audio
"2024-08-08",5,iPhone 12 Pro,1342,Smartphone
"2023-07-22",5,MacBook Air (Retina),1847,Laptop
"2020-01-12",6,Magic Keyboard,368,Accessories
"2020-10-21",9,iPhone 13 Pro,308,Smartphone
"2021-01-04",1,Apple Watch Series 9,1014,Wearable
"2022-12-28",5,MacBook (Early 2015),741,Laptop
"2024-08-12",5,Mac Pro (Tower),458,Desktop
"2022-07-21",3,Mac Pro (Tower),458,Desktop
"2022-08-23",8,Magic Keyboard,368,Accessories
"2024-01-15",9,Apple Watch Series 5,1296,Wearable
"2022-05-16",3,MacBook Pro 14-inch,768,Laptop
"2024-08-05",4,iPhone 13 Pro Max,820,Smartphone
"2020-11-18",7,iPhone 12 Pro,1342,Smartphone
"2022-11-28",1,Apple Music,1965,Subscription Service
"2021-01-08",9,iCloud,1181,Subscription Service
"2021-03-18",3,Magic Keyboard with Touch ID,1162,Accessories
"2021-04-02",7,MacBook Pro (Touch Bar),1304,Laptop
"2022-04-24",8,Mac Mini (M2),874,Desktop
"2023-09-05",8,iPhone 14 Plus,1259,Smartphone
"2023-05-19",5,iPhone 12 mini,1607,Smartphone
"2022-01-13",6,Magic Keyboard with Touch ID,1162,Accessories
"2024-03-01",10,Lightning to USB Cable,1434,Accessories
"2020-09-26",10,iMac Pro,1081,Desktop
"2024-06-20",4,AirPods (3rd Generation),1842,Audio
"2024-09-05",10,MacBook Pro 13-inch,1351,Laptop
"2022-05-07",8,iPad Air (4th Generation),952,Tablet
"2022-06-19",9,Mac Studio,613,Desktop
"2020-02-09",2,Beats Powerbeats Pro,1060,Audio
"2021-11-11",8,iCloud,1181,Subscription Service
"2021-07-14",3,iPhone 12,1436,Smartphone
"2024-08-10",3,iMac 27-inch,1918,Desktop
"2022-07-26",4,iPad mini (6th Generation),573,Tablet
"2024-10-13",1,iMac with Retina Display,343,Desktop
"2024-06-02",7,Mac Mini (M2),874,Desktop
"2023-01-31",9,MacBook Air (M2),1588,Laptop
"2020-03-16",7,iPad Air (5th Generation),1591,Tablet
"2020-10-12",10,Leather Case for iPhone,866,Accessories
"2020-10-24",5,Magic Keyboard with Touch ID,1162,Accessories
"2020-03-29",4,MacBook (Early 2015),741,Laptop
"2023-04-29",6,iPad Air (5th Generation),1591,Tablet
"2020-03-12",5,iPhone 14 Pro,1380,Smartphone
"2024-09-05",6,AirTag,677,Accessories
"2021-10-25",9,MacBook (Early 2015),741,Laptop
"2020-07-31",5,Mac Mini (M2),874,Desktop
"2022-06-22",10,iPhone 14 Pro,1380,Smartphone
"2020-06-16",1,MacBook Air (M2),1588,Laptop
"2022-02-07",1,Mac Mini (M2),874,Desktop
"2020-05-24",4,iPad Pro (M2),1826,Tablet
"2022-09-13",2,Apple TV (3rd Generation),477,Streaming Device
"2020-01-24",7,Apple One,488,Subscription Service
"2023-11-07",3,AirPods (2nd Generation),504,Audio
"2022-06-02",1,Mac Mini (M2),874,Desktop
"2022-09-23",3,Mac Pro (Tower),458,Desktop
"2022-05-01",8,iPhone 14 Pro Max,678,Smartphone
"2021-03-28",8,Beats Studio Buds,762,Audio
"2024-08-23",1,iPad Pro 11-inch,1761,Tablet
"2020-01-08",8,Apple Watch Series 6,462,Wearable
"2021-06-27",2,Lightning to USB Cable,1434,Accessories
"2024-03-12",8,iMac 27-inch,1918,Desktop
"2024-09-13",2,Mac Mini,555,Desktop
"2023-12-03",6,Magic Keyboard with Touch ID,1162,Accessories
"2022-03-24",8,Apple Watch Series 9,1014,Wearable
"2022-04-05",6,Apple Music,1965,Subscription Service
"2020-06-06",4,iPhone 14,1476,Smartphone
"2022-11-03",7,Mac Mini (M2),874,Desktop
"2023-09-16",10,iPad Pro 11-inch,1761,Tablet
"2020-02-22",6,MacBook (Early 2015),741,Laptop
"2022-01-17",3,Magic Keyboard with Touch ID,1162,Accessories
"2022-10-15",9,iPhone 13,623,Smartphone
"2024-09-19",4,AirPods Pro,1167,Audio
"2022-05-08",4,Apple One,488,Subscription Service
"2022-01-01",7,HomePod (2nd Generation),689,Audio
"2020-12-30",5,Magic Mouse,313,Accessories
"2021-08-10",8,Apple Watch Series 7,1431,Wearable
"2024-07-04",1,iMac 24-inch,449,Desktop
"2022-05-20",7,Apple Pencil (2nd Generation),1506,Accessories
"2023-12-04",4,Smart Keyboard Folio,572,Accessories
"2023-12-11",1,iPhone 14 Pro Max,678,Smartphone
"2020-04-07",4,Apple Fitness+,923,Subscription Service
"2024-08-04",7,iPhone 14 Pro,1380,Smartphone
"2022-01-03",7,iPad mini (6th Generation),573,Tablet
"2024-01-31",9,Leather Case for iPhone,866,Accessories
"2023-07-20",2,iPhone 12 Pro,1342,Smartphone
"2022-03-27",3,iMac 27-inch,1918,Desktop
"2021-10-24",9,Magic Keyboard with Touch ID,1162,Accessories
"2022-02-10",7,Apple TV HD,1258,Streaming Device
"2022-12-15",8,Apple Watch Series 8,1631,Wearable
"2022-01-03",10,Apple One,488,Subscription Service
"2024-07-23",6,HomePod,1202,Smart Speaker
"2020-07-11",7,Magic Mouse,313,Accessories
"2022-03-16",9,Apple TV 4K,1255,Streaming Device
"2022-06-06",8,Apple Watch Hermès,1712,Wearable
"2022-08-16",8,iPad mini (5th Generation),1912,Tablet
"2022-10-31",8,Lightning to USB Cable,1434,Accessories
"2023-05-29",6,MacBook Pro 13-inch,1351,Laptop
"2022-10-14",5,MacBook Air (M2),1588,Laptop
"2022-04-22",9,Beats Solo Pro,1773,Audio
"2023-05-17",9,Lightning to USB Cable,1434,Accessories
"2023-02-13",2,AirPods Pro (2nd Generation),696,Audio
"2022-08-20",10,Apple Pencil (1st Generation),925,Accessories
"2024-06-20",1,MacBook Pro (Touch Bar),1304,Laptop
"2020-01-03",3,Beats Powerbeats Pro,1060,Audio
"2021-06-13",10,iPad mini (6th Generation),573,Tablet
"2021-08-06",7,Magic Keyboard,368,Accessories
"2023-07-18",2,MacBook Pro 13-inch,1351,Laptop
"2022-09-13",7,AirPods (2nd Generation),504,Audio
"2021-02-21",2,Smart Keyboard Folio,572,Accessories
"2024-09-26",2,AirTag,677,Accessories
"2022-05-12",5,Mac Mini (M2),874,Desktop
"2022-02-22",4,iPhone 13 mini,1092,Smartphone
"2021-10-27",6,iPhone 12 mini,1607,Smartphone
"2024-10-06",10,Apple News+,253,Subscription Service
"2024-09-14",3,iMac Pro,1081,Desktop
"2021-07-24",2,iPhone SE (3rd Generation),923,Smartphone
"2021-08-13",7,Mac Pro (Rack),1415,Desktop
"2021-05-14",8,Mac Mini,555,Desktop
"2023-12-15",5,iPhone SE (3rd Generation),923,Smartphone
"2022-02-14",1,iPhone SE (3rd Generation),923,Smartphone
"2020-11-13",9,Apple Watch Series 7,1431,Wearable
"2022-02-24",10,Leather Case for iPhone,866,Accessories
"2024-06-18",6,Mac Pro (2023),681,Desktop
"2023-10-02",3,Apple Pencil (2nd Generation),1506,Accessories
"2021-05-26",10,Leather Case for iPhone,866,Accessories
"2023-12-06",5,iPhone 13,623,Smartphone
"2021-04-23",10,Mac Mini,555,Desktop
"2021-08-30",6,Lightning to USB Cable,1434,Accessories
"2021-03-14",4,MacBook (Early 2015),741,Laptop
"2020-08-16",3,iPad (10th Generation),1735,Tablet
"2020-09-20",1,Apple TV HD,1258,Streaming Device
"2024-07-24",3,Apple TV+,404,Subscription Service
"2023-05-11",3,AirTag,677,Accessories
"2021-10-27",8,Mac Pro (Rack),1415,Desktop
"2023-03-25",8,Apple News+,253,Subscription Service
"2023-10-19",2,iPhone 12,1436,Smartphone
"2021-09-13",9,Beats Fit Pro,1839,Audio
"2022-07-01",7,iPad mini (6th Generation),573,Tablet
"2023-12-22",3,MacBook,1149,Laptop
"2021-08-07",9,iPhone 14 Pro Max,678,Smartphone
"2023-06-11",9,iCloud,1181,Subscription Service
"2024-04-15",3,iPad Pro (M1),1329,Tablet
"2023-04-18",3,iPhone 14,1476,Smartphone
"2022-05-09",8,MacBook Air (M2),1588,Laptop
"2020-12-03",3,iPhone 12 mini,1607,Smartphone
"2020-12-02",5,Apple Pencil (1st Generation),925,Accessories
"2023-09-16",9,HomePod (2nd Generation),689,Audio
"2022-08-10",3,MacBook (Retina),231,Laptop
"2024-08-19",4,Apple TV (3rd Generation),477,Streaming Device
"2021-10-18",4,iPhone 14 Pro,1380,Smartphone
"2022-06-02",3,Apple Music,1965,Subscription Service
"2023-11-19",5,Smart Keyboard Folio,572,Accessories
"2022-01-20",1,MacBook Pro 14-inch,768,Laptop
"2023-06-17",10,HomePod mini,438,Audio
"2020-04-30",6,AirTag,677,Accessories
"2022-09-16",2,MacBook Air (M2),1588,Laptop
"2024-05-09",5,MacBook (Early 2015),741,Laptop
"2022-10-25",1,Apple TV 4K,1255,Streaming Device
"2023-01-06",10,iPhone 12 mini,1607,Smartphone
"2023-01-27",5,HomePod (2nd Generation),689,Audio
"2023-08-17",9,MacBook Air (M1),1783,Laptop
"2020-11-11",3,Apple One,488,Subscription Service
"2020-05-08",7,iPad mini (6th Generation),573,Tablet
"2022-10-18",8,iPhone 14 Pro Max,678,Smartphone
"2022-06-30",7,iPad Air (4th Generation),952,Tablet
"2023-01-31",10,HomePod mini,438,Audio
"2022-04-06",8,Mac Pro (Rack),1415,Desktop
"2020-07-17",8,iPad Air (4th Generation),952,Tablet
"2020-11-14",5,AirPods Pro (2nd Generation),696,Audio
"2024-07-11",9,MacBook,1149,Laptop
"2021-10-29",8,iPhone 14 Pro Max,678,Smartphone
"2021-11-23",7,MacBook (Early 2015),741,Laptop
"2022-11-09",10,Apple TV 4K,1255,Streaming Device
"2024-10-06",10,iPad mini (5th Generation),1912,Tablet
"2022-08-06",3,AirPods Pro (2nd Generation),696,Audio
"2022-07-15",2,Magic Mouse,313,Accessories
"2022-04-01",8,iMac 27-inch,1918,Desktop
"2021-07-26",4,AirTag,677,Accessories
"2020-07-07",6,Leather Case for iPhone,866,Accessories
"2021-01-05",1,iPad mini (5th Generation),1912,Tablet
"2021-05-22",2,Apple News+,253,Subscription Service
"2020-10-07",6,MacBook (Early 2015),741,Laptop
"2021-02-07",1,MagSafe Battery Pack,1389,Accessories
"2024-05-21",5,MacBook Pro 14-inch,768,Laptop
"2023-04-24",10,Apple Pencil (1st Generation),925,Accessories
"2022-12-14",3,Mac Mini,555,Desktop
"2022-05-19",3,Leather Case for iPhone,866,Accessories
"2024-02-29",6,HomePod,1202,Smart Speaker
"2020-07-14",8,iPad mini (6th Generation),573,Tablet
"2020-01-13",2,Apple TV HD,1258,Streaming Device
"2020-02-01",9,Apple Watch Series 9,1014,Wearable
"2022-03-16",3,iPhone 13 Pro Max,820,Smartphone
"2022-07-08",7,HomePod (2nd Generation),689,Audio
"2023-01-22",4,Apple Music,1965,Subscription Service
"2024-08-11",10,Apple Watch Nike Edition,884,Wearable
"2020-05-18",9,Leather Case for iPhone,866,Accessories
"2024-05-14",10,MacBook Pro (Touch Bar),1304,Laptop
"2021-01-10",4,iPad Pro (M2),1826,Tablet
"2023-09-05",4,iPhone 14 Pro,1380,Smartphone
"2023-03-06",2,Mac Studio,613,Desktop
"2024-11-10",10,Smart Cover for iPad,1014,Accessories
"2020-01-13",6,Apple TV 4K,1255,Streaming Device
"2023-11-19",9,iPad Pro (M1),1329,Tablet
"2022-01-09",6,Apple News+,253,Subscription Service
"2020-04-13",8,HomePod,1202,Smart Speaker
"2022-07-28",8,iPhone 13,623,Smartphone
"2022-06-30",10,Apple Watch Ultra,346,Wearable
"2024-02-11",9,iPhone 14,1476,Smartphone
"2022-11-18",4,Apple TV (3rd Generation),477,Streaming Device
"2022-04-06",2,iPhone 14 Plus,1259,Smartphone
"2024-11-08",5,Mac Pro (Rack),1415,Desktop
"2023-07-26",9,Smart Keyboard Folio,572,Accessories
"2022-06-06",7,Beats Solo Pro,1773,Audio
"2022-11-02",7,Beats Studio Buds,762,Audio
"2021-09-12",4,iPhone 13 Pro,308,Smartphone
"2020-08-27",8,AirPods (2nd Generation),504,Audio
"2022-01-28",10,HomePod mini,266,Smart Speaker
"2024-02-24",6,Apple Watch Nike Edition,884,Wearable
"2022-07-26",4,Apple Watch Nike Edition,884,Wearable
"2023-04-27",1,iPhone 14 Pro,1380,Smartphone
"2023-03-25",9,MacBook Pro 14-inch,768,Laptop
"2020-05-22",1,HomePod (2nd Generation),689,Audio
"2022-04-22",10,Smart Keyboard Folio,572,Accessories
"2021-09-10",10,Beats Powerbeats Pro,1060,Audio
"2024-10-29",2,Beats Fit Pro,1839,Audio
"2022-05-15",10,Mac Pro (Rack),1415,Desktop
"2020-08-29",5,iPad Pro 11-inch,1761,Tablet
"2020-11-18",1,iMac Pro,1081,Desktop
"2023-01-23",10,iPad Air (5th Generation),1591,Tablet
"2020-05-23",4,MacBook Air (M1),1783,Laptop
"2021-02-20",9,Apple News+,253,Subscription Service
"2020-06-30",8,iPhone SE (3rd Generation),923,Smartphone
"2024-02-29",9,Apple Watch Series 8,1631,Wearable
"2020-08-13",2,Apple Watch Ultra,346,Wearable
"2023-01-02",4,iPhone 14 Pro Max,678,Smartphone
"2024-06-23",3,Apple TV+,404,Subscription Service
"2023-08-31",4,iPhone 14 Plus,1259,Smartphone
"2020-01-03",1,Magic Keyboard with Touch ID,1162,Accessories
"2022-01-29",10,iPhone 14,1476,Smartphone
"2023-03-25",2,AirPods Max,1603,Audio
"2022-01-27",1,Beats Fit Pro,1839,Audio
"2024-11-06",9,Magic Keyboard with Touch ID,1162,Accessories
"2024-02-06",3,iPhone SE (3rd Generation),923,Smartphone
"2023-04-10",7,iPad (9th Generation),1949,Tablet
"2021-01-26",2,MacBook Air (M2),1588,Laptop
"2022-05-20",1,iPhone 13,623,Smartphone
"2021-03-05",8,iPad Pro 11-inch,1761,Tablet
"2020-02-07",5,iPad Pro 11-inch,1761,Tablet
"2024-10-30",8,AirPods (3rd Generation),1842,Audio
"2021-07-19",3,Silicone Case for iPhone,1210,Accessories
"2022-02-06",6,Apple One,488,Subscription Service
"2022-01-01",5,HomePod (2nd Generation),689,Audio
"2024-11-11",6,iPhone 13,623,Smartphone
"2022-11-21",2,iPad mini (5th Generation),1912,Tablet
"2023-02-17",8,Lightning to USB Cable,1434,Accessories
"2020-01-28",8,MacBook Pro 14-inch,768,Laptop
"2023-09-24",5,AirPods Max,1603,Audio
"2023-03-24",6,MacBook Pro (Touch Bar),1304,Laptop
"2020-07-31",6,iPad Pro (M2),1826,Tablet
"2022-04-01",10,Beats Fit Pro,1839,Audio
"2024-06-28",8,Apple Watch Series 9,1014,Wearable
"2022-10-16",5,iPhone SE (3rd Generation),923,Smartphone
"2020-06-27",8,Magic Mouse,313,Accessories
"2024-03-12",4,iPad Air (4th Generation),952,Tablet
"2020-09-06",3,iPad (9th Generation),1949,Tablet
"2020-01-19",4,iPhone 12 Pro Max,544,Smartphone
"2021-11-15",9,Mac Pro (2023),681,Desktop
"2021-06-26",8,iPhone 13 Pro,308,Smartphone
"2023-05-11",4,iPhone 13 Pro,308,Smartphone
"2022-04-03",6,Apple Watch Series 9,1014,Wearable
"2024-06-09",8,AirPods (2nd Generation),504,Audio
"2023-09-19",6,Apple News+,253,Subscription Service
"2022-10-27",2,iPhone 13 Pro Max,820,Smartphone
"2024-04-11",5,iPad Pro 11-inch,1761,Tablet
"2021-05-02",1,iPad Air (4th Generation),952,Tablet
"2023-05-30",3,iPhone 14 Plus,1259,Smartphone
"2022-12-26",6,Silicone Case for iPhone,1210,Accessories
"2022-03-14",9,Apple Watch Series 7,1431,Wearable
"2022-05-31",7,MacBook Pro 16-inch,1179,Laptop
"2021-09-06",10,MacBook,1149,Laptop
"2023-04-07",5,MacBook Pro (Touch Bar),1304,Laptop
"2024-02-29",6,Magic Keyboard with Touch ID,1162,Accessories
"2021-07-20",8,Mac Mini,555,Desktop
"2023-09-17",2,Apple Music,1965,Subscription Service
"2020-03-22",1,Apple Watch Series 6,462,Wearable
"2022-11-27",4,iPhone 12 Pro Max,544,Smartphone
"2022-02-10",7,HomePod (2nd Generation),689,Audio
"2020-09-25",6,Magic Keyboard,368,Accessories
"2023-06-02",8,Apple Watch Series 5,1296,Wearable
"2021-11-12",8,Apple One,488,Subscription Service
"2023-10-17",4,iMac with Retina Display,343,Desktop
"2024-11-06",8,MacBook Pro 14-inch,768,Laptop
"2020-01-24",6,AirPods (3rd Generation),1842,Audio
"2024-06-24",1,iPhone 13 Pro Max,820,Smartphone
"2020-06-04",8,Apple Watch Series 9,1014,Wearable
"2022-11-27",9,iPhone 14 Pro,1380,Smartphone
"2021-07-07",3,Apple Watch Series 9,1014,Wearable
"2023-08-05",5,Leather Case for iPhone,866,Accessories
"2021-07-19",4,iPhone 12 Pro Max,544,Smartphone
"2022-07-27",4,iPhone 14 Pro Max,678,Smartphone
"2020-03-19",4,iPhone 12 Pro,1342,Smartphone
"2022-05-06",1,MacBook,1149,Laptop
"2023-01-02",7,Lightning to USB Cable,1434,Accessories
"2021-05-30",8,HomePod (2nd Generation),689,Audio
"2022-01-15",1,iPhone 13 mini,1092,Smartphone
"2021-08-08",6,iPad Air (4th Generation),952,Tablet
"2024-08-23",10,Apple Watch Series 7,1431,Wearable
"2021-05-09",9,Beats Solo Pro,1773,Audio
"2024-04-08",4,AirTag,677,Accessories
"2021-03-20",9,iPhone 12,1436,Smartphone
"2020-02-23",2,Smart Cover for iPad,1014,Accessories
"2022-11-08",9,iCloud,1181,Subscription Service
"2023-02-09",9,Mac Pro (Tower),458,Desktop
"2022-12-22",5,MacBook Air (Retina),1847,Laptop
"2021-01-07",8,iPad Pro (M1),1329,Tablet
"2024-08-23",10,iPad (10th Generation),1735,Tablet
"2022-08-18",7,Magic Keyboard with Touch ID,1162,Accessories
"2022-08-22",6,HomePod,1202,Smart Speaker
"2022-02-03",3,iPhone 13 Pro,308,Smartphone
"2021-07-30",4,iPhone 13,623,Smartphone
"2024-06-15",7,AirPods Pro (2nd Generation),696,Audio
"2021-04-09",1,MacBook (Early 2015),741,Laptop
"2021-03-26",3,Apple TV+,404,Subscription Service
"2023-06-20",4,Mac Pro (2023),681,Desktop
"2020-10-18",10,iPad Pro 11-inch,1761,Tablet
"2022-06-10",3,iPad mini (6th Generation),573,Tablet
"2022-06-07",9,iPhone 14 Pro,1380,Smartphone
"2020-06-14",3,iPhone SE (3rd Generation),923,Smartphone
"2023-03-16",4,iPhone 12 Pro,1342,Smartphone
"2022-07-10",9,MacBook Pro 14-inch,768,Laptop
"2020-08-15",5,Apple TV+,404,Subscription Service
"2023-11-08",4,Apple TV+,404,Subscription Service
"2021-08-31",8,iMac with Retina Display,343,Desktop
"2021-03-11",2,iPhone 12 Pro,1342,Smartphone
"2023-02-23",9,Smart Cover for iPad,1014,Accessories
"2020-07-30",4,MacBook Air (M2),1588,Laptop
"2020-09-10",4,MacBook Pro 16-inch,1179,Laptop
"2024-07-07",4,MacBook Pro 13-inch,1351,Laptop
"2024-06-19",3,iPad (10th Generation),1735,Tablet
"2022-01-01",1,Apple Fitness+,923,Subscription Service
"2021-06-24",9,Mac Pro (Tower),458,Desktop
"2021-04-25",7,HomePod mini,438,Audio
"2022-11-02",3,Lightning to USB Cable,1434,Accessories
"2023-05-24",5,AirPods Pro,1167,Audio
"2023-08-06",10,HomePod mini,438,Audio
"2021-08-30",7,iPhone 13,623,Smartphone
"2024-11-04",10,iPad mini (5th Generation),1912,Tablet
"2023-10-26",7,Apple Watch Series 8,1631,Wearable
"2022-09-25",9,iPhone 14 Plus,1259,Smartphone
"2023-12-08",3,AirPods Pro,1167,Audio
"2020-05-25",2,MacBook Pro 14-inch,768,Laptop
"2021-08-09",8,iMac 24-inch,449,Desktop
"2021-05-21",7,Apple Pencil (1st Generation),925,Accessories
"2020-07-30",1,HomePod (2nd Generation),689,Audio
"2021-11-20",3,iPad Pro (M2),1826,Tablet
"2020-10-06",6,iMac 27-inch,1918,Desktop
"2021-10-05",9,Apple News+,253,Subscription Service
"2021-05-16",6,Mac Pro (Rack),1415,Desktop
"2020-02-20",3,Apple Fitness+,923,Subscription Service
"2023-01-01",2,iPhone 12,1436,Smartphone
"2024-07-23",4,iPhone SE (3rd Generation),923,Smartphone
"2024-07-14",7,Apple TV 4K,1255,Streaming Device
"2023-09-11",6,Mac Mini,555,Desktop
"2024-01-30",7,MacBook Pro 13-inch,1351,Laptop
"2020-05-13",7,iMac 24-inch,449,Desktop
"2022-06-08",1,iPad mini (6th Generation),573,Tablet
"2023-11-03",5,AirPods Pro (2nd Generation),696,Audio
"2024-01-28",10,AirPods (2nd Generation),504,Audio
"2023-09-09",1,Beats Fit Pro,1839,Audio
"2022-11-16",10,Smart Keyboard Folio,572,Accessories
"2020-08-11",3,MagSafe Charger,1744,Accessories
"2022-07-24",6,iPhone 14 Plus,1259,Smartphone
"2021-05-10",10,Beats Fit Pro,1839,Audio
"2024-10-27",8,Apple Arcade,549,Subscription Service
"2023-03-21",1,Apple Watch Series 7,1431,Wearable
"2024-01-29",1,iPad Air (4th Generation),952,Tablet
"2024-05-16",1,Apple Watch Series 6,462,Wearable
"2022-07-24",3,iPhone 13 Pro Max,820,Smartphone
"2022-02-25",1,Apple Watch Nike Edition,884,Wearable
"2022-09-20",1,Mac Mini,555,Desktop
"2021-12-03",8,iPad (10th Generation),1735,Tablet
"2022-12-12",10,iPhone 13 Pro Max,820,Smartphone
"2023-04-09",4,Apple TV+,404,Subscription Service
"2022-10-04",4,MagSafe Charger,1744,Accessories
"2023-06-11",2,iPhone 12 mini,1607,Smartphone
"2021-10-19",1,iPad Pro 12.9-inch,1167,Tablet
"2022-09-18",9,Lightning to USB Cable,1434,Accessories
"2020-02-17",6,iPad Pro 12.9-inch,1167,Tablet
"2022-07-31",10,AirPods (2nd Generation),504,Audio
"2022-12-03",7,Apple Watch Ultra,346,Wearable
"2023-10-03",6,iPhone 12 Pro Max,544,Smartphone
"2024-03-02",10,iPad Pro 11-inch,1761,Tablet
"2023-07-01",4,Apple Fitness+,923,Subscription Service
"2022-01-21",3,AirPods (2nd Generation),504,Audio
"2020-09-23",10,iMac 24-inch,449,Desktop
"2022-03-10",2,iPad Pro (M1),1329,Tablet
"2022-10-17",8,iPhone 13 Pro Max,820,Smartphone
"2024-02-15",5,iPad Pro (M2),1826,Tablet
"2023-02-22",7,MacBook Air (M1),1783,Laptop
"2022-12-05",1,Mac Pro (2023),681,Desktop
"2022-03-06",2,iCloud,1181,Subscription Service
"2022-09-27",10,MacBook Pro 14-inch,768,Laptop
"2022-11-28",5,iPhone 13 Pro,308,Smartphone
"2021-05-06",1,Apple Watch Series 9,1014,Wearable
"2020-07-08",1,Apple Watch Series 7,1431,Wearable
"2022-09-03",1,Magic Keyboard with Touch ID,1162,Accessories
"2020-06-26",9,MacBook Pro 16-inch,1179,Laptop
"2020-12-22",9,MacBook Pro (Touch Bar),1304,Laptop
"2020-05-11",7,Mac Pro (Tower),458,Desktop
"2024-09-27",10,Apple Fitness+,923,Subscription Service
"2022-08-30",10,Mac Mini (M2),874,Desktop
"2024-03-31",10,Apple Watch Nike Edition,884,Wearable
"2023-03-13",4,AirPods (3rd Generation),1842,Audio
"2024-01-24",2,MacBook Pro 14-inch,768,Laptop
"2024-06-21",5,Beats Studio Buds,762,Audio
"2022-08-04",1,iPhone 14 Plus,1259,Smartphone
"2021-07-04",5,Beats Solo Pro,1773,Audio
"2022-10-20",10,Apple Watch Hermès,1712,Wearable
"2020-04-04",9,Magic Trackpad,1242,Accessories
"2020-01-11",7,Mac Pro (Tower),458,Desktop
"2023-09-13",2,HomePod,1202,Smart Speaker
"2023-04-15",4,iPad Pro (M2),1826,Tablet
"2021-07-04",4,Beats Studio Buds,762,Audio
"2024-02-17",6,Leather Case for iPhone,866,Accessories
"2024-10-14",6,Beats Fit Pro,1839,Audio
"2024-07-26",2,MacBook Air (M1),1783,Laptop
"2023-03-10",5,iMac with Retina Display,343,Desktop
"2024-05-30",2,iPad (10th Generation),1735,Tablet
"2024-02-03",10,Apple Watch Series 8,1631,Wearable
"2021-11-29",7,HomePod mini,438,Audio
"2021-12-11",5,iMac 27-inch,1918,Desktop
"2023-07-02",10,iPad Pro (M1),1329,Tablet
"2023-11-05",9,Mac Mini (M2),874,Desktop
"2021-11-23",5,MacBook (Early 2015),741,Laptop
"2021-09-27",6,Apple Watch Series 7,1431,Wearable
"2020-09-02",2,iPad Pro 12.9-inch,1167,Tablet
"2020-12-27",8,iPhone 14,1476,Smartphone
"2024-03-07",3,Apple News+,253,Subscription Service
"2020-02-09",7,Apple Watch Series 6,462,Wearable
"2023-06-26",5,Apple Pencil (2nd Generation),1506,Accessories
"2023-03-06",10,iPad (10th Generation),1735,Tablet
"2023-10-10",9,iMac 27-inch,1918,Desktop
"2023-02-04",3,AirPods (2nd Generation),504,Audio
"2023-10-01",9,iMac with Retina Display,343,Desktop
"2020-10-02",9,MacBook Pro 14-inch,768,Laptop
"2020-09-03",2,Silicone Case for iPhone,1210,Accessories
"2024-07-12",4,Beats Fit Pro,1839,Audio
"2021-12-06",2,Beats Fit Pro,1839,Audio
"2022-06-22",8,iPad Pro 11-inch,1761,Tablet
"2021-08-10",4,iPhone 12 mini,1607,Smartphone
"2020-12-30",4,MacBook Air (Retina),1847,Laptop
"2020-04-16",1,Silicone Case for iPhone,1210,Accessories
"2021-03-21",6,iPad Pro 11-inch,1761,Tablet
"2022-08-13",6,Apple Watch SE,1546,Wearable
"2021-12-16",5,iPad Pro 12.9-inch,1167,Tablet
"2023-08-20",4,iPad mini (5th Generation),1912,Tablet
"2021-01-30",4,iPad Pro (M1),1329,Tablet
"2020-03-27",5,Apple One,488,Subscription Service
"2022-10-23",4,Beats Powerbeats Pro,1060,Audio
"2022-05-21",1,Apple Fitness+,923,Subscription Service
"2021-10-03",10,Mac Pro (2023),681,Desktop
"2020-09-15",8,Mac Pro (Tower),458,Desktop
"2021-03-27",9,Apple Watch SE,1546,Wearable
"2022-03-10",4,Apple Watch Hermès,1712,Wearable
"2021-05-18",10,iPhone 12 Pro Max,544,Smartphone
"2022-01-05",6,iPad Air (5th Generation),1591,Tablet
"2022-10-03",3,Magic Trackpad,1242,Accessories
"2024-08-13",10,iPhone 12 mini,1607,Smartphone
"2024-07-18",7,MacBook Air (Retina),1847,Laptop
"2020-02-13",7,iMac with Retina Display,343,Desktop
"2021-05-06",5,iPhone 13,623,Smartphone
"2022-09-14",8,iPad Pro (M1),1329,Tablet
"2023-01-04",10,Apple Watch Series 8,1631,Wearable
"2021-06-07",3,Mac Studio,613,Desktop
"2020-03-31",8,Apple Watch Series 6,462,Wearable
"2022-06-07",2,Silicone Case for iPhone,1210,Accessories
"2020-04-05",10,AirPods (3rd Generation),1842,Audio
"2021-06-05",1,Beats Studio Buds,762,Audio
"2023-09-13",2,Beats Solo Pro,1773,Audio
"2020-01-23",10,Mac Studio,613,Desktop
"2023-05-03",10,iCloud,1181,Subscription Service
"2022-12-11",10,Beats Fit Pro,1839,Audio
"2021-01-08",5,Apple Music,1965,Subscription Service
"2024-03-24",10,Silicone Case for iPhone,1210,Accessories
"2024-07-21",6,MagSafe Battery Pack,1389,Accessories
"2023-03-25",7,Apple Watch Nike Edition,884,Wearable
"2022-02-28",5,iPhone 13,623,Smartphone
"2021-11-23",2,iPhone 13 mini,1092,Smartphone
"2023-01-17",2,Apple TV HD,1258,Streaming Device
"2022-05-13",1,Apple TV HD,1258,Streaming Device
"2024-10-01",3,iPad Pro (M1),1329,Tablet
"2024-04-10",5,iPad Pro 12.9-inch,1167,Tablet
"2022-12-19",6,Apple Watch Series 8,1631,Wearable
"2021-02-11",2,Apple Watch Nike Edition,884,Wearable
"2022-08-29",6,Apple Watch Nike Edition,884,Wearable
"2020-10-30",1,iPhone 12 mini,1607,Smartphone
"2020-11-25",4,Magic Keyboard,368,Accessories
"2023-04-28",8,Apple Pencil (1st Generation),925,Accessories
"2020-03-12",6,iPad Pro (M1),1329,Tablet
"2022-04-20",9,MagSafe Charger,1744,Accessories
"2023-04-05",5,Mac Pro (Rack),1415,Desktop
"2021-12-15",1,iPhone 13 mini,1092,Smartphone
"2024-11-09",7,iPad mini (6th Generation),573,Tablet
"2022-09-14",4,iPad mini (5th Generation),1912,Tablet
"2022-10-22",9,Mac Mini,555,Desktop
"2021-11-13",4,HomePod (2nd Generation),689,Audio
"2023-10-18",8,iMac with Retina Display,343,Desktop
"2020-07-24",2,iPad Pro (M1),1329,Tablet
"2021-08-05",10,HomePod mini,438,Audio
"2023-07-12",3,MacBook Pro (Touch Bar),1304,Laptop
"2024-08-13",7,AirPods Pro (2nd Generation),696,Audio
"2021-10-08",6,iMac with Retina Display,343,Desktop
"2024-09-06",2,MacBook Air (Retina),1847,Laptop
"2022-11-03",2,Apple Arcade,549,Subscription Service
"2021-11-30",7,Apple One,488,Subscription Service
"2020-01-19",7,iPad mini (5th Generation),1912,Tablet
"2020-01-17",2,HomePod,1202,Smart Speaker
"2023-03-21",3,MacBook Air (Retina),1847,Laptop
"2022-11-16",7,AirPods Pro,1167,Audio
"2021-05-24",9,Apple Arcade,549,Subscription Service
"2021-11-22",5,Apple TV HD,1258,Streaming Device
"2022-06-16",9,Smart Cover for iPad,1014,Accessories
"2021-09-21",4,Beats Studio Buds,762,Audio
"2020-01-14",6,Apple Fitness+,923,Subscription Service
"2022-10-28",10,Magic Keyboard with Touch ID,1162,Accessories
"2023-11-26",10,Apple Fitness+,923,Subscription Service
"2020-11-15",9,Beats Fit Pro,1839,Audio
"2023-04-02",5,Apple TV HD,1258,Streaming Device
"2023-08-04",2,iPhone SE (3rd Generation),923,Smartphone
"2020-11-14",2,Apple Watch Ultra,346,Wearable
"2022-12-13",1,Apple Music,1965,Subscription Service
"2020-11-26",1,HomePod mini,438,Audio
"2023-02-08",4,iCloud,1181,Subscription Service
"2022-01-19",3,iPhone 14 Plus,1259,Smartphone
"2022-02-05",5,iPhone 12 Pro Max,544,Smartphone
"2020-05-07",4,Mac Pro (2023),681,Desktop
"2021-08-26",6,Lightning to USB Cable,1434,Accessories
"2023-05-17",8,Mac Pro (Tower),458,Desktop
"2024-11-10",9,iPad mini (5th Generation),1912,Tablet
"2020-08-25",9,Apple Watch Series 6,462,Wearable
"2020-05-10",1,Apple TV HD,1258,Streaming Device
"2020-11-19",8,iCloud,1181,Subscription Service
"2020-03-29",4,iPhone 13 mini,1092,Smartphone
"2023-05-03",4,HomePod mini,438,Audio
"2024-09-03",3,Mac Mini (M2),874,Desktop
"2023-07-27",1,MacBook Pro 13-inch,1351,Laptop
"2022-03-01",3,iPad Air (4th Generation),952,Tablet
"2021-07-01",6,iPad Pro (M1),1329,Tablet
"2023-03-18",3,iPhone 14 Pro,1380,Smartphone
"2024-10-03",9,Mac Mini,555,Desktop
"2023-02-06",8,iMac 27-inch,1918,Desktop
"2023-01-19",1,iPad Pro 11-inch,1761,Tablet
"2024-10-04",5,iPad Air (5th Generation),1591,Tablet
"2024-10-19",6,Apple Fitness+,923,Subscription Service
"2020-08-14",10,iPhone 12 Pro,1342,Smartphone
"2020-06-10",2,iPad (10th Generation),1735,Tablet
"2022-12-04",9,MagSafe Battery Pack,1389,Accessories
"2023-08-22",6,Apple Watch Series 8,1631,Wearable
"2023-06-19",5,AirPods Max,1603,Audio
"2022-08-15",5,iMac 27-inch,1918,Desktop
"2024-09-02",3,HomePod mini,266,Smart Speaker
"2022-03-21",3,Beats Powerbeats Pro,1060,Audio
"2022-09-20",5,Apple Watch Series 9,1014,Wearable
"2022-08-05",5,iPhone 12 mini,1607,Smartphone
"2021-06-15",5,iPad mini (6th Generation),573,Tablet
"2020-05-23",1,Apple Watch Series 6,462,Wearable
"2021-07-17",10,MacBook Pro 14-inch,768,Laptop
"2022-03-27",7,iPhone 14 Plus,1259,Smartphone
"2024-02-05",5,AirPods (2nd Generation),504,Audio
"2021-03-21",4,AirPods (3rd Generation),1842,Audio
"2023-08-16",7,iPhone 14 Plus,1259,Smartphone
"2020-05-23",7,Beats Fit Pro,1839,Audio
"2020-06-26",5,Apple News+,253,Subscription Service
"2021-05-30",6,iPad Pro 11-inch,1761,Tablet
"2024-02-07",9,iPad Pro 11-inch,1761,Tablet
"2022-04-06",2,Apple One,488,Subscription Service
"2021-10-15",8,Apple Watch Series 8,1631,Wearable
"2020-08-13",7,Mac Studio,613,Desktop
"2023-08-16",3,iPhone 14 Pro Max,678,Smartphone
"2024-07-15",3,MagSafe Battery Pack,1389,Accessories
"2023-06-17",9,AirPods (2nd Generation),504,Audio
"2022-02-21",3,MacBook Pro 16-inch,1179,Laptop
"2023-07-13",4,iPad Pro 12.9-inch,1167,Tablet
"2021-12-24",3,MacBook,1149,Laptop
"2023-03-24",2,Apple TV (3rd Generation),477,Streaming Device
"2023-06-12",9,Apple One,488,Subscription Service
"2023-12-29",6,iPhone 12 Pro Max,544,Smartphone
"2023-02-06",4,HomePod mini,438,Audio
"2023-02-19",5,Smart Cover for iPad,1014,Accessories
"2023-06-26",6,iPhone 13,623,Smartphone
"2020-01-03",3,AirPods Pro (2nd Generation),696,Audio
"2022-06-27",9,Mac Mini,555,Desktop
"2021-03-17",2,iPhone 14 Pro,1380,Smartphone
"2023-07-29",3,AirTag,677,Accessories
"2021-02-18",6,iPad Air (4th Generation),952,Tablet
"2021-06-04",1,Apple Watch SE,1546,Wearable
"2023-01-20",2,iPad (9th Generation),1949,Tablet
"2022-01-07",7,iPhone 14 Pro,1380,Smartphone
"2023-02-24",6,iPad mini (6th Generation),573,Tablet
"2024-01-01",7,iPhone 13 Pro Max,820,Smartphone
"2024-04-25",8,iPad mini (6th Generation),573,Tablet
"2024-10-10",6,HomePod mini,266,Smart Speaker
"2023-12-29",6,Apple Arcade,549,Subscription Service
"2020-10-21",5,Leather Case for iPhone,866,Accessories
"2021-05-08",3,iMac Pro,1081,Desktop
"2021-04-26",9,HomePod mini,266,Smart Speaker
"2020-06-25",3,MagSafe Battery Pack,1389,Accessories
"2022-05-14",2,AirTag,677,Accessories
"2021-04-05",8,Leather Case for iPhone,866,Accessories
"2021-02-03",1,MacBook Pro 14-inch,768,Laptop
"2021-08-19",5,MacBook Air (M1),1783,Laptop
"2021-11-03",8,Smart Keyboard Folio,572,Accessories
"2020-12-10",9,Apple Watch Series 8,1631,Wearable
"2023-10-25",3,MacBook (Retina),231,Laptop
"2020-01-28",9,iPhone 13 Pro Max,820,Smartphone
"2022-09-08",8,Apple TV HD,1258,Streaming Device
"2020-06-15",9,iMac 27-inch,1918,Desktop
"2020-07-21",1,AirPods (3rd Generation),1842,Audio
"2024-04-19",4,HomePod mini,438,Audio
"2021-04-17",3,HomePod (2nd Generation),689,Audio
"2023-03-25",6,Apple Pencil (2nd Generation),1506,Accessories
"2020-09-14",8,Apple Watch SE,1546,Wearable
"2023-12-30",1,Apple Watch Series 7,1431,Wearable
"2020-11-28",2,iPhone 12 mini,1607,Smartphone
"2020-02-14",3,HomePod (2nd Generation),689,Audio
"2020-06-27",4,iPad (10th Generation),1735,Tablet
"2021-08-07",8,Mac Studio,613,Desktop
"2021-11-01",2,iPad Pro (M1),1329,Tablet
"2021-09-13",6,iPad Air (4th Generation),952,Tablet
"2022-02-02",8,MacBook Air (Retina),1847,Laptop
"2023-05-24",2,iPad mini (5th Generation),1912,Tablet
"2020-07-15",8,Apple Watch Series 7,1431,Wearable
"2022-05-19",9,AirPods Pro,1167,Audio
"2023-10-19",1,iPad Pro (M1),1329,Tablet
"2022-03-07",3,Apple Watch Series 7,1431,Wearable
"2021-07-06",4,iPad Pro 12.9-inch,1167,Tablet
"2020-01-04",6,iPad Air (5th Generation),1591,Tablet
"2023-04-26",8,Beats Fit Pro,1839,Audio
"2020-06-22",4,iPad (9th Generation),1949,Tablet
"2023-09-09",5,Smart Cover for iPad,1014,Accessories
"2022-10-11",2,Apple Arcade,549,Subscription Service
"2024-08-22",1,Mac Mini (M2),874,Desktop
"2023-06-13",10,MagSafe Charger,1744,Accessories
"2022-10-18",4,iMac with Retina Display,343,Desktop
"2023-01-30",8,Beats Fit Pro,1839,Audio
"2021-08-25",7,Mac Pro (Rack),1415,Desktop
"2020-11-29",5,MacBook Pro 16-inch,1179,Laptop
"2022-02-26",3,MacBook (Early 2015),741,Laptop
"2024-08-05",10,iPhone 12 Pro Max,544,Smartphone
"2023-09-05",2,Apple Watch Series 8,1631,Wearable
"2020-06-07",5,iPad mini (5th Generation),1912,Tablet
"2020-06-30",4,Apple Watch Series 6,462,Wearable
"2022-11-20",6,Apple TV (3rd Generation),477,Streaming Device
"2023-04-08",8,Mac Mini (M2),874,Desktop
"2021-10-11",4,Apple Pencil (1st Generation),925,Accessories
"2020-07-23",6,iPad Pro (M1),1329,Tablet
"2020-06-17",10,iPad mini (5th Generation),1912,Tablet
"2021-05-05",10,AirPods Max,1603,Audio
"2020-11-27",2,Apple Music,1965,Subscription Service
"2020-10-12",5,iPhone 13 mini,1092,Smartphone
"2024-07-31",4,Apple TV 4K,1255,Streaming Device
"2020-03-30",9,iPad Air (5th Generation),1591,Tablet
"2022-11-10",2,iPad Air (4th Generation),952,Tablet
"2024-06-30",2,Smart Keyboard Folio,572,Accessories
"2023-10-31",7,Apple TV HD,1258,Streaming Device
"2021-03-14",3,Mac Pro (Tower),458,Desktop
"2022-12-01",3,Smart Keyboard Folio,572,Accessories
"2023-07-09",3,Apple Watch Nike Edition,884,Wearable
"2021-05-22",3,Mac Mini,555,Desktop
"2024-04-15",2,MacBook Pro (Touch Bar),1304,Laptop
"2022-06-07",7,Leather Case for iPhone,866,Accessories
"2020-06-11",5,iPhone 13,623,Smartphone
"2022-01-30",6,Apple Watch Ultra,346,Wearable
"2023-05-07",8,HomePod mini,266,Smart Speaker
"2023-06-09",6,Apple Watch Series 8,1631,Wearable
"2024-05-08",2,iPhone 14 Pro Max,678,Smartphone
"2020-01-26",7,Apple TV 4K,1255,Streaming Device
"2021-11-30",1,Apple Watch Series 8,1631,Wearable
"2024-05-01",10,HomePod mini,438,Audio
"2024-03-07",7,iPhone SE (3rd Generation),923,Smartphone
"2022-04-20",6,Mac Pro (2023),681,Desktop
"2020-03-05",5,Apple Pencil (2nd Generation),1506,Accessories
"2023-04-09",10,iPad Air (4th Generation),952,Tablet
"2022-05-26",7,iPhone 14 Plus,1259,Smartphone
"2020-12-28",1,iMac 27-inch,1918,Desktop
"2023-07-13",6,iPhone 12 Pro,1342,Smartphone
"2023-02-20",9,MacBook Air (Retina),1847,Laptop
"2022-01-22",10,Magic Keyboard,368,Accessories
"2021-05-02",8,iPad mini (6th Generation),573,Tablet
"2020-12-18",9,iPhone 13 Pro Max,820,Smartphone
"2022-11-18",9,MacBook Pro 13-inch,1351,Laptop
"2021-10-01",9,iPad Air (5th Generation),1591,Tablet
"2022-01-20",2,iPhone 13 mini,1092,Smartphone
"2024-03-19",5,Apple TV+,404,Subscription Service
"2022-01-31",4,Apple Watch Series 5,1296,Wearable
"2024-06-14",7,Beats Solo Pro,1773,Audio
"2022-08-18",10,HomePod,1202,Smart Speaker
"2020-04-27",1,Apple TV (3rd Generation),477,Streaming Device
"2023-04-22",5,AirPods Pro (2nd Generation),696,Audio
"2021-03-26",8,MacBook (Retina),231,Laptop
"2021-12-27",4,Apple Watch Hermès,1712,Wearable
"2020-09-03",9,Magic Trackpad,1242,Accessories
"2022-08-04",9,Apple Watch Series 6,462,Wearable
"2024-01-29",3,MacBook Air (M1),1783,Laptop
"2020-06-08",10,HomePod mini,266,Smart Speaker
"2022-07-10",8,Apple Fitness+,923,Subscription Service
"2021-06-29",1,iPhone 14 Plus,1259,Smartphone
"2023-03-17",1,MacBook Air (Retina),1847,Laptop
"2021-11-21",2,iPhone 12 Pro Max,544,Smartphone
"2024-02-06",1,HomePod,1202,Smart Speaker
"2024-05-21",4,Magic Keyboard,368,Accessories
"2020-03-16",7,Silicone Case for iPhone,1210,Accessories
"2022-07-07",10,Silicone Case for iPhone,1210,Accessories
"2022-01-31",4,Beats Powerbeats Pro,1060,Audio
"2024-05-30",10,iPad mini (6th Generation),573,Tablet
"2023-06-16",10,MacBook Pro (Touch Bar),1304,Laptop
"2021-10-09",7,Mac Mini (M2),874,Desktop
"2022-03-22",3,Apple Watch Series 5,1296,Wearable
"2021-07-19",9,MacBook Pro 14-inch,768,Laptop
"2021-03-17",5,Magic Trackpad,1242,Accessories
"2020-06-25",3,Mac Studio,613,Desktop
"2022-01-13",10,Apple Fitness+,923,Subscription Service
"2024-04-02",2,Smart Cover for iPad,1014,Accessories
"2024-04-06",6,Apple TV (3rd Generation),477,Streaming Device
"2020-07-20",4,iPhone SE (3rd Generation),923,Smartphone
"2020-01-05",1,Apple Watch Nike Edition,884,Wearable
"2020-03-31",8,AirPods (2nd Generation),504,Audio
"2023-01-26",7,iPhone 14 Plus,1259,Smartphone
"2024-01-18",3,Apple Watch Hermès,1712,Wearable
"2020-05-03",1,Lightning to USB Cable,1434,Accessories
"2020-10-09",4,MacBook Air (M2),1588,Laptop
"2022-04-14",10,MagSafe Charger,1744,Accessories
"2021-10-18",5,iMac Pro,1081,Desktop
"2021-04-24",7,iPhone 14 Plus,1259,Smartphone
"2024-04-19",5,Beats Fit Pro,1839,Audio
"2020-05-14",10,HomePod mini,266,Smart Speaker
"2023-01-31",1,Mac Mini,555,Desktop
"2024-07-15",6,Magic Mouse,313,Accessories
"2020-02-19",6,Apple TV HD,1258,Streaming Device
"2023-10-10",10,AirPods Pro,1167,Audio
"2022-07-15",7,iMac 24-inch,449,Desktop
"2023-04-04",6,Apple Fitness+,923,Subscription Service
"2024-05-20",1,AirTag,677,Accessories
"2024-02-11",3,Apple TV+,404,Subscription Service
"2024-10-23",7,Beats Solo Pro,1773,Audio
"2024-07-24",2,Apple One,488,Subscription Service
"2021-03-25",4,iMac Pro,1081,Desktop
"2021-10-07",8,iPad Air (5th Generation),1591,Tablet
"2020-06-04",4,iPad Air (4th Generation),952,Tablet
"2021-03-03",1,Apple Watch SE,1546,Wearable
"2022-12-23",1,iPhone 13 Pro Max,820,Smartphone
"2023-11-13",9,AirPods Pro (2nd Generation),696,Audio
"2020-05-06",6,iPad (10th Generation),1735,Tablet
"2021-10-06",10,Apple Watch Hermès,1712,Wearable
"2022-03-14",10,AirPods Pro,1167,Audio
"2020-10-12",7,Silicone Case for iPhone,1210,Accessories
"2023-02-22",9,iPhone 13,623,Smartphone
"2024-04-24",2,Apple Watch Ultra,346,Wearable
"2022-07-17",3,Mac Mini (M2),874,Desktop
"2023-04-21",5,iMac 24-inch,449,Desktop
"2022-10-21",3,Magic Trackpad,1242,Accessories
"2021-08-01",6,iPhone 13 Pro,308,Smartphone
"2020-05-06",5,Apple One,488,Subscription Service
"2020-02-23",8,Apple TV HD,1258,Streaming Device
"2022-08-26",7,iPhone 14 Pro Max,678,Smartphone
"2024-09-30",6,MacBook Air (M2),1588,Laptop
"2021-12-11",3,Mac Pro (Rack),1415,Desktop
"2023-05-25",2,iPhone 14,1476,Smartphone
"2024-02-09",6,AirPods (2nd Generation),504,Audio
"2021-09-15",1,MagSafe Battery Pack,1389,Accessories
"2024-06-20",9,iMac Pro,1081,Desktop
"2024-09-14",4,Apple Watch SE,1546,Wearable
"2023-10-19",7,iPad mini (5th Generation),1912,Tablet
"2023-04-17",8,HomePod mini,266,Smart Speaker
"2022-03-11",4,Apple Watch Series 7,1431,Wearable
"2020-03-04",10,Mac Mini (M2),874,Desktop
"2022-03-01",3,Apple Watch Nike Edition,884,Wearable
"2024-01-10",1,Magic Keyboard with Touch ID,1162,Accessories
"2023-07-14",5,Smart Cover for iPad,1014,Accessories
"2023-01-03",8,Apple Pencil (1st Generation),925,Accessories
"2021-12-13",5,iPhone 13 mini,1092,Smartphone
"2024-07-04",2,AirPods Pro,1167,Audio
"2023-06-23",8,iPhone 14 Pro Max,678,Smartphone
"2020-06-07",4,Magic Keyboard,368,Accessories
"2024-04-06",4,iPhone 12,1436,Smartphone
"2024-05-01",4,Apple Music,1965,Subscription Service
"2023-07-08",3,iPad Pro 12.9-inch,1167,Tablet
"2021-12-11",1,iMac with Retina Display,343,Desktop
"2022-01-19",3,Apple News+,253,Subscription Service
"2020-11-17",4,MacBook Air (M1),1783,Laptop
"2024-01-25",5,Magic Keyboard,368,Accessories
"2021-08-17",7,Mac Studio,613,Desktop
"2023-10-12",7,iPhone 14,1476,Smartphone
"2021-12-29",10,iPad mini (6th Generation),573,Tablet
"2023-09-16",9,HomePod mini,266,Smart Speaker
"2022-07-08",6,iMac 24-inch,449,Desktop
"2022-07-10",2,AirPods Pro (2nd Generation),696,Audio
"2020-07-04",2,HomePod,1202,Smart Speaker
"2021-08-30",7,iPad Air (4th Generation),952,Tablet
"2022-07-19",6,Apple News+,253,Subscription Service
"2021-11-12",9,MacBook Air (Retina),1847,Laptop
"2024-05-14",8,iPad (10th Generation),1735,Tablet
"2024-07-19",6,MacBook Pro 13-inch,1351,Laptop
"2024-03-21",2,MacBook Air (Retina),1847,Laptop
"2020-04-20",6,Smart Cover for iPad,1014,Accessories
"2023-07-06",7,iPad Air (4th Generation),952,Tablet
"2021-09-24",1,iPad Pro 11-inch,1761,Tablet
"2020-08-17",6,Apple Arcade,549,Subscription Service
"2021-08-12",7,Magic Trackpad,1242,Accessories
"2023-05-05",3,Beats Fit Pro,1839,Audio
"2023-04-11",8,Magic Mouse,313,Accessories
"2021-11-30",9,iPad Air (4th Generation),952,Tablet
"2020-02-24",5,Smart Keyboard Folio,572,Accessories
"2021-05-25",5,iPad (10th Generation),1735,Tablet
"2021-06-10",8,Apple Watch Series 5,1296,Wearable
"2023-06-13",5,iPhone 14,1476,Smartphone
"2024-04-02",6,MacBook Air (M1),1783,Laptop
"2021-05-20",8,iPad mini (6th Generation),573,Tablet
"2023-03-16",10,Apple Watch Series 7,1431,Wearable
"2022-12-22",6,MacBook Air (M1),1783,Laptop
"2024-05-02",5,iPhone 14 Pro,1380,Smartphone
"2024-04-12",10,Silicone Case for iPhone,1210,Accessories
"2023-09-10",3,MagSafe Battery Pack,1389,Accessories
"2021-09-18",4,iPhone 12 mini,1607,Smartphone
"2021-11-21",5,iMac Pro,1081,Desktop
"2020-08-31",4,iPhone 12,1436,Smartphone
"2023-10-22",6,MacBook Air (Retina),1847,Laptop
"2023-10-24",4,Magic Keyboard,368,Accessories
"2022-12-11",5,Apple Watch Series 9,1014,Wearable
"2021-03-22",9,Apple Watch Series 5,1296,Wearable
"2022-06-01",6,iPhone 13 Pro,308,Smartphone
"2023-07-22",8,Apple Watch SE,1546,Wearable
"2024-10-29",5,MacBook Air (M2),1588,Laptop
"2024-05-12",7,HomePod mini,438,Audio
"2022-06-01",8,iPhone 12,1436,Smartphone
"2022-03-14",8,iPhone 13 mini,1092,Smartphone
"2021-03-19",8,MacBook Air (Retina),1847,Laptop
"2021-04-29",8,Mac Mini (M2),874,Desktop
"2021-12-29",4,AirPods Max,1603,Audio
"2024-03-13",9,iPhone 14 Pro Max,678,Smartphone
"2020-11-20",9,Smart Cover for iPad,1014,Accessories
"2020-05-19",3,iPhone 13 Pro Max,820,Smartphone
"2024-09-22",7,Apple Arcade,549,Subscription Service
"2023-11-18",5,Apple Pencil (2nd Generation),1506,Accessories
"2021-04-03",2,iPad Pro (M1),1329,Tablet
"2021-02-11",6,MacBook Air (Retina),1847,Laptop
"2022-01-17",6,Apple Fitness+,923,Subscription Service
"2021-05-20",2,Magic Keyboard with Touch ID,1162,Accessories
"2020-10-17",5,HomePod mini,438,Audio
"2024-01-10",6,iMac with Retina Display,343,Desktop
"2024-04-20",3,iPhone 13 mini,1092,Smartphone
"2023-02-05",8,Smart Cover for iPad,1014,Accessories
"2022-02-01",6,Silicone Case for iPhone,1210,Accessories
"2023-03-31",8,Apple News+,253,Subscription Service
"2023-05-29",5,MacBook,1149,Laptop
"2024-05-20",1,Magic Keyboard with Touch ID,1162,Accessories
"2022-01-08",6,HomePod mini,266,Smart Speaker
"2020-03-08",9,iCloud,1181,Subscription Service
"2021-08-24",9,iPad Pro 11-inch,1761,Tablet
"2021-10-12",2,Mac Mini,555,Desktop
"2021-08-29",10,Mac Mini (M2),874,Desktop
"2021-09-15",9,MacBook Air (M1),1783,Laptop
"2022-02-06",6,iPad mini (6th Generation),573,Tablet
"2023-09-12",8,iPad Air (5th Generation),1591,Tablet
"2020-07-15",10,Apple TV (3rd Generation),477,Streaming Device
"2022-01-26",3,MagSafe Battery Pack,1389,Accessories
"2022-09-04",5,MacBook Air (M1),1783,Laptop
"2021-04-08",5,MacBook Air (Retina),1847,Laptop
"2024-10-11",8,iPad Pro (M2),1826,Tablet
"2023-09-25",6,AirPods (3rd Generation),1842,Audio
"2020-07-08",1,MacBook Pro (Touch Bar),1304,Laptop
"2021-12-25",10,MacBook Air (M2),1588,Laptop
"2022-03-07",7,MacBook,1149,Laptop
"2021-08-20",7,MacBook Pro 14-inch,768,Laptop
"2024-01-18",4,Lightning to USB Cable,1434,Accessories
"2021-02-11",4,Apple Fitness+,923,Subscription Service
"2022-05-31",1,Mac Studio,613,Desktop
"2021-02-05",10,Magic Keyboard with Touch ID,1162,Accessories
"2021-10-19",2,AirPods (2nd Generation),504,Audio
"2020-06-02",3,iPhone 13,623,Smartphone
"2024-06-27",2,HomePod mini,438,Audio
"2024-01-03",10,Beats Fit Pro,1839,Audio
"2021-09-12",10,Leather Case for iPhone,866,Accessories
"2021-04-14",10,MacBook Pro 13-inch,1351,Laptop
"2024-03-02",3,Apple TV+,404,Subscription Service
"2021-08-05",4,iPhone 12 Pro,1342,Smartphone
"2021-12-28",2,Mac Pro (Rack),1415,Desktop
"2022-05-09",3,Mac Pro (Tower),458,Desktop
"2022-12-18",4,Magic Keyboard with Touch ID,1162,Accessories
"2021-02-06",5,iMac 24-inch,449,Desktop
"2023-12-20",10,Apple Watch Series 6,462,Wearable
"2023-07-11",9,iMac with Retina Display,343,Desktop
"2020-02-11",6,HomePod mini,266,Smart Speaker
"2021-06-19",5,iPhone 13 Pro,308,Smartphone
"2022-04-03",6,Mac Pro (Rack),1415,Desktop
"2023-05-03",3,Mac Pro (Tower),458,Desktop
"2020-03-11",1,Magic Keyboard with Touch ID,1162,Accessories
"2024-01-30",7,Magic Keyboard,368,Accessories
"2022-04-26",9,Magic Keyboard with Touch ID,1162,Accessories
"2024-01-27",10,Magic Keyboard with Touch ID,1162,Accessories
"2022-03-24",1,Mac Mini,555,Desktop
"2023-03-20",5,Apple TV (3rd Generation),477,Streaming Device
"2024-08-01",5,iPhone 13 Pro,308,Smartphone
"2022-05-11",2,AirPods Max,1603,Audio
"2021-09-15",7,Beats Powerbeats Pro,1060,Audio
"2024-03-08",8,iCloud,1181,Subscription Service
"2021-08-10",3,iPad mini (5th Generation),1912,Tablet
"2021-05-18",3,MacBook,1149,Laptop
"2024-10-15",8,Magic Keyboard with Touch ID,1162,Accessories
"2023-10-03",5,Apple Watch Series 8,1631,Wearable
"2024-06-17",1,iPad Pro 11-inch,1761,Tablet
"2023-07-06",1,Apple Watch Nike Edition,884,Wearable
"2024-02-02",1,Apple Watch Series 6,462,Wearable
"2023-10-10",8,iPad mini (6th Generation),573,Tablet
"2023-11-09",10,Mac Pro (Rack),1415,Desktop
"2023-09-25",3,MagSafe Battery Pack,1389,Accessories
"2023-01-10",7,AirPods Pro (2nd Generation),696,Audio
"2021-07-10",6,Apple Pencil (2nd Generation),1506,Accessories
"2020-03-26",10,AirTag,677,Accessories
"2023-07-11",10,Apple One,488,Subscription Service
"2020-05-25",3,Apple TV 4K,1255,Streaming Device
"2021-09-09",2,Apple Watch Nike Edition,884,Wearable
"2020-08-18",3,iPhone 12 Pro Max,544,Smartphone
"2020-10-05",9,iPhone 13 Pro Max,820,Smartphone
"2021-07-15",5,iPhone 13 mini,1092,Smartphone
"2020-05-02",10,iPad Pro 12.9-inch,1167,Tablet
"2023-02-02",9,Smart Cover for iPad,1014,Accessories
"2023-11-27",8,Apple Watch Hermès,1712,Wearable
"2024-09-22",9,Magic Keyboard,368,Accessories
"2023-02-08",10,iPad Pro 11-inch,1761,Tablet
"2024-06-24",5,Apple Watch Series 8,1631,Wearable
"2021-08-25",1,iPhone 13 Pro,308,Smartphone
"2021-02-28",9,iMac 24-inch,449,Desktop
"2020-12-09",3,Magic Trackpad,1242,Accessories
"2022-12-25",7,Apple TV 4K,1255,Streaming Device
"2022-02-06",8,Apple Music,1965,Subscription Service
"2020-10-12",1,Apple Watch Series 7,1431,Wearable
"2022-09-14",1,Apple Pencil (1st Generation),925,Accessories
"2023-02-16",1,Apple Watch Series 5,1296,Wearable
"2023-03-16",2,iPhone 14 Plus,1259,Smartphone
"2024-02-28",3,Apple Watch Series 7,1431,Wearable
"2020-07-11",4,MacBook (Retina),231,Laptop
"2020-05-06",1,iPad mini (5th Generation),1912,Tablet
"2021-05-08",8,iPad Pro (M1),1329,Tablet
"2021-06-12",1,iPhone 14 Pro Max,678,Smartphone
"2021-04-23",2,Beats Solo Pro,1773,Audio
"2020-09-13",8,iPad mini (6th Generation),573,Tablet
"2020-02-13",9,Magic Mouse,313,Accessories
"2022-09-23",7,Beats Fit Pro,1839,Audio
"2023-01-23",7,MacBook Air (M1),1783,Laptop
"2024-01-04",3,HomePod (2nd Generation),689,Audio
"2022-05-17",2,iPhone 14 Pro Max,678,Smartphone
"2021-02-16",2,iPad Pro (M2),1826,Tablet
"2022-11-26",7,Magic Keyboard,368,Accessories
"2023-05-02",3,MacBook Pro (Touch Bar),1304,Laptop
"2023-02-12",1,iPhone 13 mini,1092,Smartphone
"2024-09-22",10,AirPods Max,1603,Audio
"2020-12-14",7,Mac Mini (M2),874,Desktop
"2023-02-25",8,Silicone Case for iPhone,1210,Accessories
"2021-04-07",2,MacBook Pro 13-inch,1351,Laptop
"2024-11-04",6,HomePod (2nd Generation),689,Audio
"2024-01-18",1,iCloud,1181,Subscription Service
"2020-10-08",2,iPhone SE (3rd Generation),923,Smartphone
"2023-02-22",6,Magic Keyboard with Touch ID,1162,Accessories
"2020-03-13",2,iPad Pro 11-inch,1761,Tablet
"2022-02-18",7,AirPods Max,1603,Audio
"2020-05-08",8,MacBook Pro 13-inch,1351,Laptop
"2022-01-04",10,Apple Watch Series 9,1014,Wearable
"2024-11-03",3,Mac Pro (Rack),1415,Desktop
"2023-02-13",3,Magic Keyboard,368,Accessories
"2020-03-14",2,iPhone 13 Pro,308,Smartphone
"2022-05-12",5,iPad Pro 12.9-inch,1167,Tablet
"2022-10-27",4,iPad (9th Generation),1949,Tablet
"2024-04-22",5,Apple Pencil (1st Generation),925,Accessories
"2020-12-24",2,Silicone Case for iPhone,1210,Accessories
"2020-07-06",5,Apple TV (3rd Generation),477,Streaming Device
"2021-01-12",8,Apple Watch Nike Edition,884,Wearable
"2022-10-08",6,HomePod,1202,Smart Speaker
"2021-03-01",5,iMac 27-inch,1918,Desktop
"2024-06-06",6,Apple Fitness+,923,Subscription Service
"2024-10-09",2,Apple Fitness+,923,Subscription Service
"2024-04-14",2,iPhone 13 Pro Max,820,Smartphone
"2023-01-15",8,iPad mini (5th Generation),1912,Tablet
"2023-09-02",7,iPad Pro (M2),1826,Tablet
"2022-12-07",8,iPad Air (5th Generation),1591,Tablet
"2024-06-23",4,AirPods Max,1603,Audio
"2020-08-26",5,Apple Watch Ultra,346,Wearable
"2021-08-08",2,iPad mini (6th Generation),573,Tablet
"2020-10-05",3,MacBook,1149,Laptop
"2020-12-02",7,Magic Trackpad,1242,Accessories
"2022-08-16",2,iPhone 12 mini,1607,Smartphone
"2024-06-04",4,iPad Pro (M1),1329,Tablet
"2020-02-24",4,Magic Mouse,313,Accessories
"2024-06-19",2,MacBook Pro 13-inch,1351,Laptop
"2024-07-07",3,iCloud,1181,Subscription Service
"2021-02-09",6,MacBook Air (Retina),1847,Laptop
"2023-02-12",3,Mac Pro (2023),681,Desktop
"2021-11-28",5,Beats Fit Pro,1839,Audio
"2024-08-14",8,iPad (9th Generation),1949,Tablet
"2020-01-10",5,iPhone 14 Plus,1259,Smartphone
"2023-09-25",3,iPhone 14 Plus,1259,Smartphone
"2023-09-10",9,HomePod (2nd Generation),689,Audio
"2020-04-08",1,Beats Solo Pro,1773,Audio
"2022-06-29",6,Apple TV HD,1258,Streaming Device
"2024-03-08",3,Apple Watch Series 8,1631,Wearable
"2023-04-12",10,iPad Pro 12.9-inch,1167,Tablet
"2023-12-23",2,iPhone 13 Pro Max,820,Smartphone
"2021-08-30",1,iPhone SE (3rd Generation),923,Smartphone
"2023-09-11",5,iPhone 13,623,Smartphone
"2024-01-10",6,MacBook Pro 16-inch,1179,Laptop
"2021-10-23",10,iPhone 12 Pro Max,544,Smartphone
"2022-10-20",1,iPhone 14,1476,Smartphone
"2023-08-19",6,MagSafe Battery Pack,1389,Accessories
"2020-06-30",8,iPhone 13 Pro,308,Smartphone
"2020-05-14",3,iCloud,1181,Subscription Service
"2023-04-02",10,iPad Pro 12.9-inch,1167,Tablet
"2022-09-28",10,iPad mini (5th Generation),1912,Tablet
"2024-07-12",9,AirPods Pro (2nd Generation),696,Audio
"2020-11-19",2,Apple Watch Series 8,1631,Wearable
"2020-10-19",10,Apple Watch Ultra,346,Wearable
"2022-05-10",8,Apple Watch SE,1546,Wearable
"2021-12-13",2,iPad mini (6th Generation),573,Tablet
"2023-05-13",6,iPhone 12 mini,1607,Smartphone
"2020-03-21",7,Apple Watch Series 6,462,Wearable
"2020-11-17",9,Apple Watch Nike Edition,884,Wearable
"2020-05-05",6,Leather Case for iPhone,866,Accessories
"2021-08-03",6,iPad Air (5th Generation),1591,Tablet
"2022-01-30",7,iMac Pro,1081,Desktop
"2024-02-05",6,MacBook Air (Retina),1847,Laptop
"2022-11-24",9,iPad mini (5th Generation),1912,Tablet
"2020-04-02",9,MagSafe Charger,1744,Accessories
"2023-04-18",9,iMac 27-inch,1918,Desktop
"2021-12-10",8,MacBook (Early 2015),741,Laptop
"2021-01-09",9,Magic Keyboard with Touch ID,1162,Accessories
"2020-02-20",2,iMac 24-inch,449,Desktop
"2024-09-12",9,Magic Keyboard,368,Accessories
"2022-07-10",1,Mac Mini,555,Desktop
"2024-03-01",3,Lightning to USB Cable,1434,Accessories
"2021-04-10",10,Apple Fitness+,923,Subscription Service
"2020-02-11",1,Beats Solo Pro,1773,Audio
"2024-07-08",7,MacBook Pro (Touch Bar),1304,Laptop
"2021-08-03",10,Smart Cover for iPad,1014,Accessories
"2024-09-30",9,iPhone SE (3rd Generation),923,Smartphone
"2021-08-28",7,Magic Mouse,313,Accessories
"2022-04-25",2,Beats Studio Buds,762,Audio
"2022-03-06",8,MacBook Air (M2),1588,Laptop
"2021-07-24",1,Apple Pencil (2nd Generation),1506,Accessories
"2020-11-08",7,Mac Pro (Tower),458,Desktop
"2020-06-14",4,MagSafe Battery Pack,1389,Accessories
"2022-01-30",3,HomePod mini,266,Smart Speaker
"2023-02-14",7,Apple Watch Series 7,1431,Wearable
"2024-10-23",8,AirPods Pro,1167,Audio
"2021-11-09",10,iMac with Retina Display,343,Desktop
"2021-12-23",2,iPad Pro 12.9-inch,1167,Tablet
"2020-12-01",4,iPad mini (5th Generation),1912,Tablet
"2021-06-16",9,HomePod mini,266,Smart Speaker
"2023-10-29",9,Smart Cover for iPad,1014,Accessories
"2020-04-09",6,MacBook,1149,Laptop
"2023-05-14",7,MacBook,1149,Laptop
"2022-05-13",8,Apple Pencil (1st Generation),925,Accessories
"2023-05-27",9,Apple Watch Series 9,1014,Wearable
"2020-02-24",4,iPad (9th Generation),1949,Tablet
"2021-01-09",1,MagSafe Battery Pack,1389,Accessories
"2022-05-09",10,Apple Pencil (2nd Generation),1506,Accessories
"2020-05-30",4,Beats Fit Pro,1839,Audio
"2022-11-13",2,iPad Air (4th Generation),952,Tablet
"2020-08-27",10,Apple Watch Series 7,1431,Wearable
"2022-09-19",9,MacBook Air (Retina),1847,Laptop
"2020-06-17",10,iMac 27-inch,1918,Desktop
"2020-12-24",5,MagSafe Battery Pack,1389,Accessories
"2020-06-15",9,iPad mini (5th Generation),1912,Tablet
"2021-08-24",9,iPhone 14 Pro,1380,Smartphone
"2024-05-25",2,MacBook (Early 2015),741,Laptop
"2024-09-17",3,Mac Mini,555,Desktop
"2023-01-15",4,AirPods Pro,1167,Audio
"2021-03-17",7,Apple Fitness+,923,Subscription Service
"2021-10-23",2,Apple Watch Ultra,346,Wearable
"2022-12-18",3,AirPods (2nd Generation),504,Audio
"2021-10-14",8,AirPods Max,1603,Audio
"2024-02-28",3,iPhone 13,623,Smartphone
"2022-12-29",10,MacBook (Early 2015),741,Laptop
"2024-07-17",1,iPad Air (5th Generation),1591,Tablet
"2020-06-19",3,MacBook (Retina),231,Laptop
"2022-04-29",7,AirPods Pro,1167,Audio
"2021-04-03",1,MacBook Pro 14-inch,768,Laptop
"2024-07-25",3,Apple One,488,Subscription Service
"2024-08-03",5,Magic Trackpad,1242,Accessories
"2023-09-10",8,HomePod mini,266,Smart Speaker
"2024-03-18",7,iPad (10th Generation),1735,Tablet
"2022-11-09",4,iPhone 12 Pro Max,544,Smartphone
"2020-10-06",8,iPhone 14 Plus,1259,Smartphone
"2024-01-28",4,Apple Watch Nike Edition,884,Wearable
"2021-03-12",5,iPad mini (5th Generation),1912,Tablet
"2021-10-30",7,iPad mini (5th Generation),1912,Tablet
"2022-12-25",6,HomePod (2nd Generation),689,Audio
"2020-05-11",5,iPhone 12 mini,1607,Smartphone
"2020-02-09",6,Mac Pro (Tower),458,Desktop
"2021-03-02",7,Apple Watch Ultra,346,Wearable
"2021-01-10",1,Mac Pro (2023),681,Desktop
"2022-03-30",7,Apple Watch Ultra,346,Wearable
"2022-04-09",9,Apple News+,253,Subscription Service
"2024-04-02",2,iMac Pro,1081,Desktop
"2022-05-19",6,iPhone 13 Pro,308,Smartphone
"2024-04-19",5,AirPods Pro (2nd Generation),696,Audio
"2022-04-03",8,iCloud,1181,Subscription Service
"2023-06-02",2,MacBook Pro 16-inch,1179,Laptop
"2024-01-16",10,HomePod (2nd Generation),689,Audio
"2021-09-29",1,iPhone 13 Pro,308,Smartphone
"2023-04-03",5,Apple Music,1965,Subscription Service
"2024-05-08",7,Magic Keyboard,368,Accessories
"2022-07-24",10,Magic Trackpad,1242,Accessories
"2022-09-15",1,iPad Pro 11-inch,1761,Tablet
"2024-01-19",3,iCloud,1181,Subscription Service
"2020-05-23",6,Apple Fitness+,923,Subscription Service
"2023-09-25",3,Apple Watch Series 5,1296,Wearable
"2020-01-21",9,AirTag,677,Accessories
"2024-06-11",10,Beats Powerbeats Pro,1060,Audio
"2023-06-20",4,AirPods (2nd Generation),504,Audio
"2020-01-11",4,AirPods Pro,1167,Audio
"2023-02-01",8,HomePod mini,438,Audio
"2023-10-28",10,Mac Pro (Rack),1415,Desktop
"2023-05-16",7,Mac Pro (2023),681,Desktop
"2021-11-06",5,Apple News+,253,Subscription Service
"2024-08-09",7,iPhone 12,1436,Smartphone
"2021-09-08",1,iPhone SE (3rd Generation),923,Smartphone
"2024-08-09",3,iPhone 14 Pro Max,678,Smartphone
"2022-07-21",6,AirTag,677,Accessories
"2024-09-19",2,HomePod,1202,Smart Speaker
"2021-02-14",6,MacBook (Early 2015),741,Laptop
"2023-07-09",1,AirTag,677,Accessories
"2023-01-13",6,AirPods Max,1603,Audio
"2021-07-12",8,Mac Pro (2023),681,Desktop
"2023-09-26",8,Apple Fitness+,923,Subscription Service
"2021-05-31",3,iMac Pro,1081,Desktop
"2021-11-20",4,AirPods Pro,1167,Audio
"2024-05-09",9,Apple Fitness+,923,Subscription Service
"2021-11-08",6,Mac Pro (Rack),1415,Desktop
"2024-08-03",9,iPad Pro (M2),1826,Tablet
"2022-10-28",8,AirPods Pro,1167,Audio
"2024-02-16",9,MacBook Air (M1),1783,Laptop
"2023-09-03",6,iPhone 13 Pro,308,Smartphone
"2023-07-31",6,MacBook Pro 13-inch,1351,Laptop
"2024-03-20",5,MacBook Pro 14-inch,768,Laptop
"2022-08-15",8,iPad (10th Generation),1735,Tablet
"2020-03-27",4,Mac Mini,555,Desktop
"2022-02-14",9,AirTag,677,Accessories
"2024-06-30",3,iMac 24-inch,449,Desktop
"2023-09-07",7,Magic Trackpad,1242,Accessories
"2022-01-26",7,Magic Keyboard,368,Accessories
"2020-03-08",10,Magic Keyboard with Touch ID,1162,Accessories
"2022-04-14",9,iPhone 12,1436,Smartphone
"2021-10-31",1,AirPods Pro,1167,Audio
"2021-07-08",6,Apple Pencil (2nd Generation),1506,Accessories
"2022-03-22",5,MagSafe Charger,1744,Accessories
"2024-09-04",10,iPad Air (4th Generation),952,Tablet
"2021-08-22",9,iPhone 12 Pro,1342,Smartphone
"2023-08-10",5,Smart Keyboard Folio,572,Accessories
"2020-03-23",4,MacBook Air (Retina),1847,Laptop
"2020-08-05",1,MacBook Pro 13-inch,1351,Laptop
"2022-11-09",4,Mac Mini,555,Desktop
"2020-08-10",3,iPhone 12 mini,1607,Smartphone
"2023-05-24",2,Apple TV+,404,Subscription Service
"2021-02-22",3,iPad Pro 12.9-inch,1167,Tablet
"2024-03-13",9,iPhone 12 Pro,1342,Smartphone
"2023-08-21",8,iPad Pro 12.9-inch,1167,Tablet
"2024-07-15",10,Beats Studio Buds,762,Audio
"2024-04-14",10,iPhone 12 Pro Max,544,Smartphone
"2024-07-04",8,Apple Arcade,549,Subscription Service
"2022-08-28",1,iPad (9th Generation),1949,Tablet
"2023-11-24",5,Magic Keyboard,368,Accessories
"2021-05-14",6,Leather Case for iPhone,866,Accessories
"2023-02-09",8,MacBook (Retina),231,Laptop
"2021-10-20",6,iPhone 14,1476,Smartphone
"2022-09-16",1,iMac Pro,1081,Desktop
"2020-06-15",1,Smart Cover for iPad,1014,Accessories
"2020-12-15",2,MacBook (Retina),231,Laptop
"2022-06-15",6,iMac Pro,1081,Desktop
"2024-11-12",6,iPhone 12 mini,1607,Smartphone
"2024-08-31",8,iMac 27-inch,1918,Desktop
"2024-02-23",9,iPhone 12 Pro Max,544,Smartphone
"2021-07-12",9,iPad (10th Generation),1735,Tablet
"2022-04-10",1,MacBook Pro 14-inch,768,Laptop
"2023-07-15",9,iPad mini (6th Generation),573,Tablet
"2022-02-08",2,Mac Mini,555,Desktop
"2021-01-07",10,AirTag,677,Accessories
"2022-04-24",6,Apple TV+,404,Subscription Service
"2023-05-07",9,Silicone Case for iPhone,1210,Accessories
"2022-12-24",7,Magic Mouse,313,Accessories
"2023-10-29",1,iPad Air (5th Generation),1591,Tablet
"2024-08-31",8,MagSafe Battery Pack,1389,Accessories
"2022-11-19",7,Apple TV 4K,1255,Streaming Device
"2020-04-18",9,Magic Keyboard,368,Accessories
"2020-05-13",10,iPad Pro (M1),1329,Tablet
"2021-07-11",5,Mac Mini,555,Desktop
"2022-10-07",9,Apple TV (3rd Generation),477,Streaming Device
"2022-11-19",3,Beats Studio Buds,762,Audio
"2023-01-01",1,Apple TV 4K,1255,Streaming Device
"2021-12-30",9,MagSafe Battery Pack,1389,Accessories
"2024-10-25",7,Apple Watch Series 5,1296,Wearable
"2020-05-04",1,MacBook Air (M1),1783,Laptop
"2020-06-19",6,Apple TV HD,1258,Streaming Device
"2020-01-30",2,Beats Solo Pro,1773,Audio
"2024-10-13",10,AirPods Pro (2nd Generation),696,Audio
"2020-02-22",10,iPhone 13 mini,1092,Smartphone
"2020-01-22",10,iMac Pro,1081,Desktop
"2022-02-26",2,Apple News+,253,Subscription Service
"2024-08-01",8,Smart Keyboard Folio,572,Accessories
"2020-08-31",7,iMac 24-inch,449,Desktop
"2021-01-15",6,iPhone 14 Pro Max,678,Smartphone
"2020-06-07",8,Smart Keyboard Folio,572,Accessories
"2024-02-05",7,iPad Pro (M1),1329,Tablet
"2020-07-06",4,iPad Pro (M1),1329,Tablet
"2024-11-12",5,Beats Powerbeats Pro,1060,Audio
"2024-03-02",2,Silicone Case for iPhone,1210,Accessories
"2021-09-28",4,Apple TV HD,1258,Streaming Device
"2020-08-11",7,iPad Pro (M1),1329,Tablet
"2023-03-22",8,iPhone 14 Pro Max,678,Smartphone
"2023-10-11",2,Smart Cover for iPad,1014,Accessories
"2021-11-29",1,Apple TV+,404,Subscription Service
"2024-07-05",6,iPhone 13 Pro Max,820,Smartphone
"2021-09-25",4,Mac Pro (Rack),1415,Desktop
"2023-05-24",10,MacBook Air (Retina),1847,Laptop
"2022-05-24",7,iPad (9th Generation),1949,Tablet
"2024-04-28",2,MagSafe Battery Pack,1389,Accessories
"2020-07-03",3,iPad Air (4th Generation),952,Tablet
"2024-10-24",6,iPad Pro (M2),1826,Tablet
"2023-04-01",4,iMac with Retina Display,343,Desktop
"2020-06-26",8,iMac Pro,1081,Desktop
"2021-07-13",2,iPhone 12,1436,Smartphone
"2022-07-31",2,Apple Watch Nike Edition,884,Wearable
"2024-02-08",1,Apple Watch Nike Edition,884,Wearable
"2023-08-12",2,Mac Pro (2023),681,Desktop
"2020-02-22",2,iPhone 14 Pro,1380,Smartphone
"2021-02-26",5,MacBook Air (M2),1588,Laptop
"2024-07-29",8,Mac Pro (Rack),1415,Desktop
"2021-10-16",1,MacBook,1149,Laptop
"2023-03-08",8,HomePod mini,438,Audio
"2024-06-01",6,Apple News+,253,Subscription Service
"2020-08-24",5,Magic Trackpad,1242,Accessories
"2024-05-30",1,Mac Mini (M2),874,Desktop
"2020-06-22",5,iPad Air (4th Generation),952,Tablet
"2021-07-24",8,Mac Pro (Rack),1415,Desktop
"2022-06-25",5,Apple Fitness+,923,Subscription Service
"2022-09-13",10,iPhone 14 Pro Max,678,Smartphone
"2022-10-31",8,Apple News+,253,Subscription Service
"2022-02-16",5,Apple TV+,404,Subscription Service
"2022-02-26",4,iMac 27-inch,1918,Desktop
"2022-03-02",3,Apple Watch Series 8,1631,Wearable
"2021-10-11",7,iPhone 12 Pro Max,544,Smartphone
"2023-12-22",7,Apple TV HD,1258,Streaming Device
"2020-04-14",8,Mac Studio,613,Desktop
"2022-12-29",6,iPad mini (6th Generation),573,Tablet
"2024-06-12",5,AirPods Pro (2nd Generation),696,Audio
"2023-10-09",9,iPhone 13,623,Smartphone
"2022-06-01",4,Magic Trackpad,1242,Accessories
"2022-10-03",9,Magic Trackpad,1242,Accessories
"2021-08-22",3,MacBook Air (Retina),1847,Laptop
"2020-04-14",10,Beats Fit Pro,1839,Audio
"2020-10-18",6,iPad Pro (M1),1329,Tablet
"2021-11-11",4,iPhone 14 Pro Max,678,Smartphone
"2020-06-05",5,Apple One,488,Subscription Service
"2020-11-25",5,Apple Music,1965,Subscription Service
"2021-07-29",4,Apple Watch Ultra,346,Wearable
"2023-02-16",3,iPhone 14,1476,Smartphone
"2020-06-05",4,iPad mini (5th Generation),1912,Tablet
"2021-06-15",9,MacBook Pro 13-inch,1351,Laptop
"2023-02-03",5,iPad Air (5th Generation),1591,Tablet
"2021-03-08",3,Apple Watch Series 8,1631,Wearable
"2020-08-25",3,MacBook (Retina),231,Laptop
"2020-04-03",7,AirPods Max,1603,Audio
"2021-04-19",10,iPad mini (5th Generation),1912,Tablet
"2021-06-12",5,AirTag,677,Accessories
"2024-08-24",9,Apple Pencil (2nd Generation),1506,Accessories
"2020-08-31",1,iPhone 13 Pro Max,820,Smartphone
"2023-01-13",6,Apple Music,1965,Subscription Service
"2023-04-06",2,Apple Watch Series 7,1431,Wearable
"2024-06-28",1,MacBook (Retina),231,Laptop
"2021-11-13",4,iPad Pro 12.9-inch,1167,Tablet
"2023-02-17",1,Apple TV+,404,Subscription Service
"2023-05-19",8,iPad (9th Generation),1949,Tablet
"2022-03-16",5,HomePod (2nd Generation),689,Audio
"2020-09-02",10,Magic Trackpad,1242,Accessories
"2022-05-22",2,Apple Watch Series 8,1631,Wearable
"2022-09-22",1,MagSafe Charger,1744,Accessories
"2023-12-09",2,iPad Pro (M1),1329,Tablet
"2022-06-30",3,iPhone 13 Pro Max,820,Smartphone
"2024-08-21",4,iPad Pro 11-inch,1761,Tablet
"2024-06-12",9,iPhone 13 Pro,308,Smartphone
"2020-08-17",6,Apple One,488,Subscription Service
"2022-05-08",4,iPhone 12 Pro,1342,Smartphone
"2021-12-18",9,Apple News+,253,Subscription Service
"2022-06-01",2,Beats Fit Pro,1839,Audio
"2021-02-04",9,Lightning to USB Cable,1434,Accessories
"2024-05-12",10,iPhone 14 Pro Max,678,Smartphone
"2023-06-13",4,Apple Fitness+,923,Subscription Service
"2024-07-21",7,Apple Pencil (1st Generation),925,Accessories
"2022-04-22",5,iPad Pro (M1),1329,Tablet
"2023-02-03",3,Beats Studio Buds,762,Audio
"2020-04-04",1,MacBook (Retina),231,Laptop
"2021-11-30",7,Apple Watch Series 8,1631,Wearable
"2023-01-17",3,Apple Watch Series 5,1296,Wearable
"2021-11-09",9,Leather Case for iPhone,866,Accessories
"2023-04-22",9,Mac Studio,613,Desktop
"2022-01-27",5,Apple Watch Series 5,1296,Wearable
"2021-10-04",7,Mac Pro (Tower),458,Desktop
"2022-12-10",5,iPad Pro (M1),1329,Tablet
"2021-02-20",9,iPhone 14 Plus,1259,Smartphone
"2021-02-09",3,Smart Keyboard Folio,572,Accessories
"2021-05-16",6,Apple Music,1965,Subscription Service
"2020-06-10",5,iPhone 13 mini,1092,Smartphone
"2020-01-06",1,Apple TV HD,1258,Streaming Device
"2020-01-27",2,MagSafe Battery Pack,1389,Accessories
"2021-07-18",2,Apple One,488,Subscription Service
"2022-11-23",10,Beats Studio Buds,762,Audio
"2021-12-22",1,iPhone 12,1436,Smartphone
"2020-02-25",2,Beats Solo Pro,1773,Audio
"2022-02-21",3,Apple Watch Series 7,1431,Wearable
"2020-11-22",9,iMac with Retina Display,343,Desktop
"2023-08-02",1,Beats Solo Pro,1773,Audio
"2022-08-03",2,Apple Arcade,549,Subscription Service
"2021-11-28",4,iMac Pro,1081,Desktop
"2022-07-21",2,MacBook (Retina),231,Laptop
"2022-12-06",6,iPhone 12,1436,Smartphone
"2021-04-26",2,MacBook Pro 13-inch,1351,Laptop
"2023-04-13",5,Apple Music,1965,Subscription Service
"2022-11-16",8,Beats Solo Pro,1773,Audio
"2024-08-21",8,Apple Watch Hermès,1712,Wearable
"2024-09-29",1,Apple Pencil (2nd Generation),1506,Accessories
"2024-01-06",7,Mac Pro (Rack),1415,Desktop
"2020-05-21",5,Apple TV (3rd Generation),477,Streaming Device
"2024-10-29",5,iPad mini (6th Generation),573,Tablet
"2022-09-19",3,Smart Cover for iPad,1014,Accessories
"2022-07-03",8,Smart Cover for iPad,1014,Accessories
"2020-05-09",4,iPad (9th Generation),1949,Tablet
"2020-07-06",3,MacBook Air (M1),1783,Laptop
"2023-11-19",10,MacBook Air (M1),1783,Laptop
"2022-04-09",9,Magic Trackpad,1242,Accessories
"2022-05-26",5,MacBook Pro 14-inch,768,Laptop
"2021-11-29",9,Apple Music,1965,Subscription Service
"2021-10-23",1,Beats Studio Buds,762,Audio
"2023-10-12",9,MagSafe Battery Pack,1389,Accessories
"2024-07-12",3,iPad mini (6th Generation),573,Tablet
"2021-11-11",8,Mac Mini (M2),874,Desktop
"2022-06-29",4,Smart Keyboard Folio,572,Accessories
"2023-09-01",7,iPad mini (5th Generation),1912,Tablet
"2021-02-01",4,iPad (10th Generation),1735,Tablet
"2024-04-23",4,Apple Pencil (1st Generation),925,Accessories
"2021-09-24",4,Apple Watch Ultra,346,Wearable
"2021-01-18",4,iPad Pro 12.9-inch,1167,Tablet
"2022-05-03",8,Mac Studio,613,Desktop
"2020-01-11",3,AirPods (3rd Generation),1842,Audio
"2022-04-22",6,iPhone 12,1436,Smartphone
"2022-07-19",8,MacBook Pro 16-inch,1179,Laptop
"2023-07-08",9,MacBook (Early 2015),741,Laptop
"2021-12-25",10,Mac Mini,555,Desktop
"2024-01-08",9,Apple News+,253,Subscription Service
"2021-02-25",2,Apple Watch Series 6,462,Wearable
"2023-12-11",3,iPad Air (4th Generation),952,Tablet
"2022-06-23",7,Mac Mini (M2),874,Desktop
"2020-10-17",8,iPad mini (6th Generation),573,Tablet
"2021-10-29",9,Smart Keyboard Folio,572,Accessories
"2020-06-12",7,iPhone SE (3rd Generation),923,Smartphone
"2023-07-08",5,MacBook Pro 14-inch,768,Laptop
"2021-02-14",3,Mac Mini (M2),874,Desktop
"2021-06-03",2,MacBook Air (M2),1588,Laptop
"2021-03-24",1,iPad Pro (M1),1329,Tablet
"2022-06-02",4,Apple Watch Series 7,1431,Wearable
"2023-04-09",1,Beats Studio Buds,762,Audio
"2024-08-05",7,Apple TV (3rd Generation),477,Streaming Device
"2020-06-07",2,Apple TV HD,1258,Streaming Device
"2024-04-17",2,Apple Watch Series 6,462,Wearable
"2023-12-22",5,HomePod mini,438,Audio
"2020-10-17",10,Apple Watch Series 6,462,Wearable
"2022-02-11",8,Apple TV 4K,1255,Streaming Device
"2024-02-12",1,Apple Pencil (1st Generation),925,Accessories
"2021-06-06",2,Apple Arcade,549,Subscription Service
"2023-03-29",10,Apple TV (3rd Generation),477,Streaming Device
"2024-07-05",1,iPad mini (5th Generation),1912,Tablet
"2020-09-11",6,MagSafe Charger,1744,Accessories
"2021-10-08",10,iPhone 13,623,Smartphone
"2022-10-13",6,Apple Pencil (2nd Generation),1506,Accessories
"2022-01-31",8,HomePod (2nd Generation),689,Audio
"2024-08-23",4,iPhone 12 mini,1607,Smartphone
"2022-03-26",7,Magic Trackpad,1242,Accessories
"2021-07-18",3,Smart Keyboard Folio,572,Accessories
"2023-07-29",2,AirPods (3rd Generation),1842,Audio
"2023-03-22",9,iPhone 14,1476,Smartphone
"2020-09-19",5,MagSafe Charger,1744,Accessories
"2022-09-04",1,AirTag,677,Accessories
"2023-01-15",6,iPhone 13 Pro,308,Smartphone
"2024-10-04",2,Mac Mini (M2),874,Desktop
"2023-09-19",10,AirPods Pro,1167,Audio
"2024-02-11",8,Apple Watch Series 5,1296,Wearable
"2023-12-27",2,Apple TV 4K,1255,Streaming Device
"2021-07-11",5,MacBook Pro 16-inch,1179,Laptop
"2022-04-04",5,iPad mini (5th Generation),1912,Tablet
"2024-08-02",1,iPhone SE (3rd Generation),923,Smartphone
"2022-11-14",6,Apple Fitness+,923,Subscription Service
"2023-09-12",3,Apple News+,253,Subscription Service
"2022-03-30",2,iCloud,1181,Subscription Service
"2020-11-20",6,iPad Pro 11-inch,1761,Tablet
"2022-12-02",3,Beats Solo Pro,1773,Audio
"2024-10-07",1,MacBook,1149,Laptop
"2021-05-08",7,Leather Case for iPhone,866,Accessories
"2021-05-18",1,AirPods Pro,1167,Audio
"2020-10-20",5,Mac Pro (2023),681,Desktop
"2021-10-14",10,MagSafe Battery Pack,1389,Accessories
"2021-12-13",8,MacBook Pro 16-inch,1179,Laptop
"2023-06-16",1,iPhone 13 Pro,308,Smartphone
"2024-08-04",7,iPad (9th Generation),1949,Tablet
"2024-09-19",4,Smart Cover for iPad,1014,Accessories
"2020-01-12",8,iPhone 14,1476,Smartphone
"2022-09-02",10,MagSafe Battery Pack,1389,Accessories
"2023-07-23",8,HomePod,1202,Smart Speaker
"2020-01-30",4,MacBook Air (Retina),1847,Laptop
"2021-06-20",8,Mac Pro (2023),681,Desktop
"2023-09-24",10,Apple One,488,Subscription Service
"2021-03-20",8,Beats Solo Pro,1773,Audio
"2021-12-27",10,MacBook Air (M1),1783,Laptop
"2023-04-06",6,AirPods (2nd Generation),504,Audio
"2022-12-08",8,iPhone 13,623,Smartphone
"2023-06-01",10,Apple Watch Series 8,1631,Wearable
"2024-10-04",1,iMac Pro,1081,Desktop
"2021-04-08",8,Magic Trackpad,1242,Accessories
"2020-02-17",6,Magic Trackpad,1242,Accessories
"2021-06-05",9,Apple Watch Nike Edition,884,Wearable
"2023-07-13",4,Apple TV HD,1258,Streaming Device
"2024-10-13",5,Apple Arcade,549,Subscription Service
"2022-04-07",10,Apple TV (3rd Generation),477,Streaming Device
"2022-05-22",5,Silicone Case for iPhone,1210,Accessories
"2021-04-16",10,Apple Watch Series 6,462,Wearable
"2022-07-11",1,MacBook Pro 13-inch,1351,Laptop
"2020-07-02",2,Beats Studio Buds,762,Audio
"2021-04-12",5,AirPods Pro (2nd Generation),696,Audio
"2020-12-14",2,Mac Pro (2023),681,Desktop
"2022-05-03",2,Beats Fit Pro,1839,Audio
"2020-09-03",6,Apple Watch Series 6,462,Wearable
"2024-04-19",9,Mac Studio,613,Desktop
"2020-04-19",7,AirPods Max,1603,Audio
"2021-04-23",1,MacBook Pro 13-inch,1351,Laptop
"2022-12-10",2,Magic Mouse,313,Accessories
"2021-02-17",6,Apple Music,1965,Subscription Service
"2021-12-01",7,Mac Mini (M2),874,Desktop
"2021-03-29",3,Apple Watch Series 6,462,Wearable
"2023-03-30",6,Apple Watch Series 6,462,Wearable
"2022-01-01",8,Magic Keyboard,368,Accessories
"2023-02-19",4,Apple Pencil (1st Generation),925,Accessories
"2024-10-25",10,Apple Pencil (1st Generation),925,Accessories
"2023-08-24",2,iPhone 14 Pro Max,678,Smartphone
"2023-07-02",5,MacBook,1149,Laptop
"2022-06-01",9,iPhone 13 Pro Max,820,Smartphone
"2022-07-22",3,Apple Pencil (2nd Generation),1506,Accessories
"2022-10-20",9,Apple One,488,Subscription Service
"2020-01-26",4,Apple Watch Hermès,1712,Wearable
"2024-01-03",3,Magic Trackpad,1242,Accessories
"2023-04-27",8,iPad mini (6th Generation),573,Tablet
"2022-01-07",6,Apple Watch SE,1546,Wearable
"2020-09-13",5,Apple Watch Series 9,1014,Wearable
"2021-10-09",9,Apple Watch Series 6,462,Wearable
"2023-07-22",1,Apple Watch Series 9,1014,Wearable
"2021-10-29",7,iPhone 12 Pro,1342,Smartphone
"2023-09-07",9,AirPods Pro (2nd Generation),696,Audio
"2020-12-22",10,Apple Watch Series 5,1296,Wearable
"2022-04-29",8,Beats Solo Pro,1773,Audio
"2021-02-26",6,HomePod (2nd Generation),689,Audio
"2021-03-12",8,Apple Watch SE,1546,Wearable
"2022-12-13",10,Apple Watch Ultra,346,Wearable
"2024-03-07",6,Apple Watch Series 8,1631,Wearable
"2021-07-10",9,iPad (9th Generation),1949,Tablet
"2023-03-31",7,AirPods Pro,1167,Audio
"2022-08-28",8,iPhone 14 Plus,1259,Smartphone
"2024-09-25",3,Apple Arcade,549,Subscription Service
"2023-06-07",3,iPad mini (6th Generation),573,Tablet
"2022-12-20",3,MagSafe Charger,1744,Accessories
"2021-11-10",7,iPhone 14,1476,Smartphone
"2022-09-01",6,iPhone 12,1436,Smartphone
"2023-11-15",1,iMac with Retina Display,343,Desktop
"2024-08-04",6,MacBook Air (M1),1783,Laptop
"2020-11-20",1,HomePod mini,438,Audio
"2020-03-15",2,Apple Music,1965,Subscription Service
"2021-06-23",1,Apple Watch Hermès,1712,Wearable
"2020-04-10",10,Mac Studio,613,Desktop
"2022-05-01",4,Apple One,488,Subscription Service
"2020-08-07",4,Beats Powerbeats Pro,1060,Audio
"2023-11-21",3,Apple News+,253,Subscription Service
"2020-05-10",9,Beats Solo Pro,1773,Audio
"2021-05-10",9,Mac Pro (Rack),1415,Desktop
"2020-09-13",3,Apple News+,253,Subscription Service
"2022-07-13",8,Apple Watch Series 6,462,Wearable
"2022-10-20",4,Mac Mini,555,Desktop
"2021-12-29",7,Apple News+,253,Subscription Service
"2021-06-02",9,iMac 27-inch,1918,Desktop
"2020-05-13",7,Apple Watch Series 5,1296,Wearable
"2022-01-22",9,Magic Keyboard,368,Accessories
"2020-09-03",8,Apple Arcade,549,Subscription Service
"2020-02-07",4,iMac 27-inch,1918,Desktop
"2021-03-14",7,Mac Pro (Tower),458,Desktop
"2022-07-29",4,iPhone 12,1436,Smartphone
"2023-07-23",2,MacBook Pro 14-inch,768,Laptop
"2021-03-28",7,iPhone 12 Pro Max,544,Smartphone
"2021-11-06",4,iMac with Retina Display,343,Desktop
"2022-08-02",1,iPhone 13 Pro,308,Smartphone
"2020-11-16",1,AirPods Pro,1167,Audio
"2023-08-30",3,Magic Mouse,313,Accessories
"2024-02-17",2,Apple Watch Series 7,1431,Wearable
"2023-08-25",10,Mac Pro (2023),681,Desktop
"2020-05-31",6,Silicone Case for iPhone,1210,Accessories
"2021-10-27",4,Apple Fitness+,923,Subscription Service
"2020-03-03",9,Apple TV+,404,Subscription Service
"2024-03-31",9,Apple Watch SE,1546,Wearable
"2023-07-25",5,MagSafe Charger,1744,Accessories
"2021-04-14",6,Apple Watch Series 9,1014,Wearable
"2021-09-23",7,Magic Mouse,313,Accessories
"2022-03-28",4,Mac Pro (Rack),1415,Desktop
"2023-10-09",7,iMac 27-inch,1918,Desktop
"2020-10-25",9,Magic Keyboard with Touch ID,1162,Accessories
"2022-06-08",5,iPad mini (6th Generation),573,Tablet
"2020-01-05",5,Apple Pencil (2nd Generation),1506,Accessories
"2022-11-08",5,AirPods Pro,1167,Audio
"2024-04-02",4,iPad mini (5th Generation),1912,Tablet
"2021-12-11",1,Apple Watch Hermès,1712,Wearable
"2022-12-22",8,iMac Pro,1081,Desktop
"2022-06-22",7,AirTag,677,Accessories
"2024-05-15",2,AirPods Max,1603,Audio
"2020-06-03",2,Apple Pencil (2nd Generation),1506,Accessories
"2023-07-01",10,iPhone 13 Pro,308,Smartphone
"2022-10-13",3,Apple Watch Series 8,1631,Wearable
"2020-11-17",5,Apple Watch Series 8,1631,Wearable
"2024-07-06",1,Apple Watch Series 8,1631,Wearable
"2021-01-29",7,Apple Watch Series 7,1431,Wearable
"2023-01-18",10,Smart Keyboard Folio,572,Accessories
"2020-04-05",1,iPad mini (6th Generation),573,Tablet
"2024-07-17",5,Mac Mini (M2),874,Desktop
"2021-04-24",6,iMac 24-inch,449,Desktop
"2023-10-15",10,HomePod (2nd Generation),689,Audio
"2023-05-24",1,AirPods Max,1603,Audio
"2022-01-17",5,Apple Pencil (2nd Generation),1506,Accessories
"2021-08-09",1,iPhone 13 Pro Max,820,Smartphone
"2023-09-07",3,HomePod,1202,Smart Speaker
"2020-08-28",7,Mac Mini (M2),874,Desktop
"2020-07-12",6,iMac 24-inch,449,Desktop
"2023-06-10",6,Leather Case for iPhone,866,Accessories
"2023-02-07",9,Apple Watch Nike Edition,884,Wearable
"2022-09-03",1,Apple Pencil (1st Generation),925,Accessories
"2024-05-07",7,Silicone Case for iPhone,1210,Accessories
"2024-02-05",2,AirTag,677,Accessories
"2022-08-06",1,AirPods Pro (2nd Generation),696,Audio
"2022-10-23",8,iPhone 13 Pro Max,820,Smartphone
"2020-05-27",4,iMac Pro,1081,Desktop
"2020-07-06",5,Apple Fitness+,923,Subscription Service
"2021-05-25",1,iMac with Retina Display,343,Desktop
"2022-02-03",2,iMac Pro,1081,Desktop
"2021-06-27",10,Magic Trackpad,1242,Accessories
"2024-10-25",6,Magic Keyboard with Touch ID,1162,Accessories
"2024-10-13",5,Beats Solo Pro,1773,Audio
"2020-01-24",10,MacBook Pro (Touch Bar),1304,Laptop
"2020-05-24",3,AirPods Pro (2nd Generation),696,Audio
"2024-01-18",6,Leather Case for iPhone,866,Accessories
"2023-11-13",8,iPad mini (6th Generation),573,Tablet
"2021-05-21",1,iMac 27-inch,1918,Desktop
"2021-11-30",2,iPhone 12,1436,Smartphone
"2023-08-16",9,iPad Pro 11-inch,1761,Tablet
"2022-03-09",7,Apple TV HD,1258,Streaming Device
"2024-01-26",1,iPhone SE (3rd Generation),923,Smartphone
"2023-09-29",4,MacBook Pro (Touch Bar),1304,Laptop
"2024-06-07",3,iPad Air (5th Generation),1591,Tablet
"2021-12-17",10,AirTag,677,Accessories
"2020-09-02",7,Apple TV (3rd Generation),477,Streaming Device
"2020-04-25",6,AirPods Max,1603,Audio
"2022-03-20",8,Magic Mouse,313,Accessories
"2024-07-11",5,iPhone 13 Pro Max,820,Smartphone
"2023-02-21",5,iCloud,1181,Subscription Service
"2020-01-29",10,HomePod,1202,Smart Speaker
"2020-06-12",4,Beats Fit Pro,1839,Audio
"2024-10-15",8,iPhone 14 Plus,1259,Smartphone
"2024-03-23",7,iPhone 14 Pro Max,678,Smartphone
"2021-07-17",3,iPhone 14 Pro Max,678,Smartphone
"2020-04-28",2,Apple Watch Series 7,1431,Wearable
"2020-04-07",4,AirPods Pro (2nd Generation),696,Audio
"2023-06-16",3,Apple Watch Nike Edition,884,Wearable
"2023-04-11",5,Beats Fit Pro,1839,Audio
"2020-08-17",9,AirPods Pro (2nd Generation),696,Audio
"2021-06-29",5,Magic Keyboard with Touch ID,1162,Accessories
"2022-11-24",6,Beats Fit Pro,1839,Audio
"2022-03-19",5,Apple Watch Series 7,1431,Wearable
"2023-10-04",2,Smart Keyboard Folio,572,Accessories
"2024-01-31",8,MacBook Air (M1),1783,Laptop
"2020-12-28",6,Magic Trackpad,1242,Accessories
"2020-06-17",3,iMac 27-inch,1918,Desktop
"2022-09-10",9,Beats Fit Pro,1839,Audio
"2021-05-21",8,Beats Powerbeats Pro,1060,Audio
"2021-07-07",8,MagSafe Charger,1744,Accessories
"2020-11-28",4,iMac 24-inch,449,Desktop
"2021-04-14",10,AirPods Max,1603,Audio
"2020-07-16",1,iPhone 14 Plus,1259,Smartphone
"2024-09-30",6,Apple Watch Series 7,1431,Wearable
"2020-05-23",1,iPad Pro 11-inch,1761,Tablet
"2024-11-08",4,AirPods (3rd Generation),1842,Audio
"2020-07-21",6,Smart Cover for iPad,1014,Accessories
"2023-11-01",7,MagSafe Charger,1744,Accessories
"2020-03-16",7,Mac Mini (M2),874,Desktop
"2020-02-11",5,Apple News+,253,Subscription Service
"2023-05-22",4,iPad Pro (M2),1826,Tablet
"2024-09-24",6,Mac Pro (2023),681,Desktop
"2020-12-25",4,MacBook Air (M2),1588,Laptop
"2022-08-15",8,iPhone 12,1436,Smartphone
"2023-06-26",10,Lightning to USB Cable,1434,Accessories
"2023-11-16",1,AirPods (2nd Generation),504,Audio
"2020-12-18",7,iPhone 12 mini,1607,Smartphone
"2022-09-16",8,Magic Keyboard with Touch ID,1162,Accessories
"2021-03-04",10,MacBook Air (M2),1588,Laptop
"2021-06-13",5,Mac Pro (Rack),1415,Desktop
"2021-01-14",3,iPhone 12 mini,1607,Smartphone
"2021-12-27",10,Mac Studio,613,Desktop
"2021-05-28",7,Apple Pencil (1st Generation),925,Accessories
"2021-05-10",6,iPad Air (4th Generation),952,Tablet
"2023-11-19",10,iPhone 12,1436,Smartphone
"2020-12-10",5,Apple Watch SE,1546,Wearable
"2021-11-27",10,Apple Watch Series 9,1014,Wearable
"2021-09-03",8,Beats Powerbeats Pro,1060,Audio
"2021-01-19",4,iPad mini (5th Generation),1912,Tablet
"2024-11-02",2,iPhone 14 Plus,1259,Smartphone
"2021-08-23",7,iPad (10th Generation),1735,Tablet
"2021-02-10",2,iPhone 14 Plus,1259,Smartphone
"2021-07-01",4,iPad Pro (M2),1826,Tablet
"2023-01-31",7,MagSafe Battery Pack,1389,Accessories
"2021-08-05",8,AirPods (3rd Generation),1842,Audio
"2022-01-22",10,iPhone 14 Pro Max,678,Smartphone
"2021-07-26",2,Apple Watch Ultra,346,Wearable
"2023-05-18",9,HomePod mini,266,Smart Speaker
"2020-12-27",2,iPad mini (6th Generation),573,Tablet
"2023-01-20",1,iMac with Retina Display,343,Desktop
"2021-12-05",5,MacBook Air (Retina),1847,Laptop
"2021-05-20",10,Mac Mini (M2),874,Desktop
"2022-09-26",7,AirPods (3rd Generation),1842,Audio
"2020-09-04",3,Apple Watch Series 9,1014,Wearable
"2020-07-17",4,iCloud,1181,Subscription Service
"2020-01-08",5,Lightning to USB Cable,1434,Accessories
"2023-07-16",4,MacBook Pro 16-inch,1179,Laptop
"2024-06-07",4,Smart Cover for iPad,1014,Accessories
"2024-05-27",2,Apple TV HD,1258,Streaming Device
"2023-05-07",8,iPad mini (5th Generation),1912,Tablet
"2021-01-26",8,Apple Pencil (1st Generation),925,Accessories
"2024-09-01",1,iPhone 13 Pro Max,820,Smartphone
"2022-03-23",1,Beats Studio Buds,762,Audio
"2022-12-12",7,iPhone SE (3rd Generation),923,Smartphone
"2020-08-30",10,iPad Air (4th Generation),952,Tablet
"2024-05-24",8,Lightning to USB Cable,1434,Accessories
"2024-10-21",5,HomePod mini,438,Audio
"2022-07-07",1,MacBook (Retina),231,Laptop
"2023-11-24",4,iPad Pro (M1),1329,Tablet
"2022-07-17",5,Silicone Case for iPhone,1210,Accessories
"2022-01-23",4,iPad Air (5th Generation),1591,Tablet
"2020-02-04",8,Mac Studio,613,Desktop
"2021-10-12",1,Apple Fitness+,923,Subscription Service
"2022-08-18",1,HomePod,1202,Smart Speaker
"2024-01-25",5,Apple Pencil (2nd Generation),1506,Accessories
"2023-12-09",7,iPhone 14 Pro,1380,Smartphone
"2022-08-02",2,Beats Solo Pro,1773,Audio
"2023-09-04",7,MacBook Pro 16-inch,1179,Laptop
"2023-03-03",9,iPhone 12 Pro Max,544,Smartphone
"2024-07-06",5,AirPods (2nd Generation),504,Audio
"2020-08-12",5,AirPods Pro (2nd Generation),696,Audio
"2022-03-21",1,MacBook Air (M1),1783,Laptop
"2020-03-08",8,iPhone 13 Pro,308,Smartphone
"2021-09-24",4,Apple Fitness+,923,Subscription Service
"2022-12-10",2,HomePod mini,438,Audio
"2020-07-27",3,HomePod mini,266,Smart Speaker
"2021-10-31",6,iPhone 14 Plus,1259,Smartphone
"2023-02-12",4,iPhone 13,623,Smartphone
"2022-08-02",9,iMac 24-inch,449,Desktop
"2024-07-28",2,Apple Watch Series 6,462,Wearable
"2023-04-02",6,Apple TV HD,1258,Streaming Device
"2021-04-17",6,AirPods Pro,1167,Audio
"2024-08-19",3,iPhone SE (3rd Generation),923,Smartphone
"2024-06-25",10,iMac with Retina Display,343,Desktop
"2020-11-25",6,Mac Mini (M2),874,Desktop
"2020-11-27",7,iPhone 12,1436,Smartphone
"2020-01-31",7,iPad Pro (M2),1826,Tablet
"2022-11-13",1,MagSafe Charger,1744,Accessories
"2023-03-30",3,iPad (10th Generation),1735,Tablet
"2024-05-07",8,Magic Mouse,313,Accessories
"2024-02-18",8,Magic Mouse,313,Accessories
"2021-03-18",4,Apple Watch Series 5,1296,Wearable
"2023-03-21",5,Magic Mouse,313,Accessories
"2024-05-28",3,Apple Pencil (2nd Generation),1506,Accessories
"2023-07-07",10,MacBook Air (M2),1588,Laptop
"2021-09-04",2,Apple Arcade,549,Subscription Service
"2024-10-31",2,MacBook (Early 2015),741,Laptop
"2020-06-27",8,Apple Watch Ultra,346,Wearable
"2022-09-25",2,iPhone 13 Pro,308,Smartphone
"2021-05-15",10,Mac Pro (Tower),458,Desktop
"2023-02-06",6,iMac 24-inch,449,Desktop
"2024-07-24",1,Apple Watch Series 7,1431,Wearable
"2020-08-27",7,MagSafe Charger,1744,Accessories
"2020-03-26",5,Apple Pencil (1st Generation),925,Accessories
"2024-08-06",4,Apple Watch Nike Edition,884,Wearable
"2023-11-29",2,Magic Keyboard,368,Accessories
"2022-01-23",1,iPhone 14 Plus,1259,Smartphone
"2021-02-23",2,Mac Mini (M2),874,Desktop
"2022-04-19",3,Beats Powerbeats Pro,1060,Audio
"2024-04-06",3,Beats Fit Pro,1839,Audio
"2020-06-21",5,MacBook (Early 2015),741,Laptop
"2021-08-13",3,iPhone 13 mini,1092,Smartphone
"2024-10-06",7,iPhone 12 Pro Max,544,Smartphone
"2024-10-22",5,iPhone 13 Pro,308,Smartphone
"2021-03-13",6,iPhone 14,1476,Smartphone
"2021-01-21",7,iPhone 12,1436,Smartphone
"2021-02-18",10,iPhone 13 Pro,308,Smartphone
"2022-11-08",9,AirPods Pro,1167,Audio
"2021-05-23",2,iPhone 14 Plus,1259,Smartphone
"2021-11-04",3,AirPods (3rd Generation),1842,Audio
"2022-12-28",6,iMac Pro,1081,Desktop
"2022-08-31",7,Magic Keyboard,368,Accessories
"2023-12-29",1,iPhone 12 Pro Max,544,Smartphone
"2020-10-24",8,MacBook Pro (Touch Bar),1304,Laptop
"2022-05-21",6,iPhone 12 mini,1607,Smartphone
"2022-11-03",3,iPhone 12 Pro,1342,Smartphone
"2021-08-26",2,iPhone 13,623,Smartphone
"2022-11-18",5,Apple Watch Ultra,346,Wearable
"2020-10-07",4,iPad (9th Generation),1949,Tablet
"2020-10-10",7,MacBook Pro (Touch Bar),1304,Laptop
"2023-05-23",1,iPhone 13 Pro,308,Smartphone
"2020-09-05",4,MacBook (Early 2015),741,Laptop
"2024-06-21",5,Mac Pro (2023),681,Desktop
"2024-01-13",10,iPad Pro (M2),1826,Tablet
"2022-06-18",9,Beats Solo Pro,1773,Audio
"2023-07-06",7,iPad mini (6th Generation),573,Tablet
"2023-03-19",6,iMac with Retina Display,343,Desktop
"2022-07-04",8,Apple Watch Series 8,1631,Wearable
"2022-01-11",10,Apple Watch Ultra,346,Wearable
"2021-06-01",9,iPad Air (4th Generation),952,Tablet
"2021-03-15",7,Apple Arcade,549,Subscription Service
"2024-04-02",6,Apple Watch Series 5,1296,Wearable
"2023-09-09",9,Apple Watch Series 7,1431,Wearable
"2024-03-22",10,iPad Air (5th Generation),1591,Tablet
"2021-05-01",6,Apple Watch Nike Edition,884,Wearable
"2024-04-27",3,AirPods (3rd Generation),1842,Audio
"2023-05-20",3,MacBook Air (M2),1588,Laptop
"2023-09-23",1,Silicone Case for iPhone,1210,Accessories
"2020-03-27",3,HomePod mini,266,Smart Speaker
"2021-05-16",1,MacBook Air (M1),1783,Laptop
"2024-01-29",7,Apple One,488,Subscription Service
"2022-12-06",6,iPad (9th Generation),1949,Tablet
"2022-03-31",1,iPad mini (5th Generation),1912,Tablet
"2022-07-19",5,Silicone Case for iPhone,1210,Accessories
"2024-11-07",8,Magic Keyboard with Touch ID,1162,Accessories
"2021-07-11",3,iCloud,1181,Subscription Service
"2022-03-09",1,iMac 27-inch,1918,Desktop
"2023-10-11",8,MacBook,1149,Laptop
"2020-10-13",3,AirPods Pro (2nd Generation),696,Audio
"2023-03-30",2,iMac 27-inch,1918,Desktop
"2020-09-13",9,MacBook,1149,Laptop
"2020-11-02",10,iPhone SE (3rd Generation),923,Smartphone
"2023-01-30",2,iCloud,1181,Subscription Service
"2020-10-08",10,Apple Pencil (2nd Generation),1506,Accessories
"2021-07-05",5,MacBook Pro 14-inch,768,Laptop
"2024-04-28",7,iPad Pro 11-inch,1761,Tablet
"2022-07-07",6,MacBook Pro 13-inch,1351,Laptop
"2022-05-02",5,iPad mini (5th Generation),1912,Tablet
"2024-02-23",4,MacBook Pro 13-inch,1351,Laptop
"2022-11-25",1,MacBook (Early 2015),741,Laptop
"2024-07-23",7,iPad (10th Generation),1735,Tablet
"2023-12-26",6,iMac 27-inch,1918,Desktop
"2020-01-27",2,iPad Pro (M1),1329,Tablet
"2023-02-05",2,Apple Watch Nike Edition,884,Wearable
"2023-07-09",8,AirPods (3rd Generation),1842,Audio
"2020-07-08",7,Smart Cover for iPad,1014,Accessories
"2023-02-22",7,iCloud,1181,Subscription Service
"2022-01-26",6,iPhone 13 mini,1092,Smartphone
"2020-07-05",7,Apple Watch SE,1546,Wearable
"2021-05-11",9,MacBook Air (M2),1588,Laptop
"2022-05-06",9,MacBook Pro 13-inch,1351,Laptop
"2023-02-09",10,iPhone 13 Pro Max,820,Smartphone
"2023-01-19",9,iPhone 13 mini,1092,Smartphone
"2021-10-29",2,AirPods Pro,1167,Audio
"2022-12-05",8,Apple Watch Series 9,1014,Wearable
"2024-06-06",4,iMac 27-inch,1918,Desktop
"2023-04-15",5,Apple News+,253,Subscription Service
"2023-01-20",5,Mac Studio,613,Desktop
"2023-02-10",3,Beats Studio Buds,762,Audio
"2023-02-28",4,iPhone 14 Pro Max,678,Smartphone
"2021-04-04",10,iPhone 13 mini,1092,Smartphone
"2021-12-01",7,Smart Cover for iPad,1014,Accessories
"2024-02-27",3,Apple Watch Ultra,346,Wearable
"2022-07-19",10,iMac Pro,1081,Desktop
"2023-10-20",4,iPhone 12,1436,Smartphone
"2022-06-16",9,Beats Fit Pro,1839,Audio
"2021-11-18",10,HomePod (2nd Generation),689,Audio
"2022-06-24",5,iPhone 13,623,Smartphone
"2023-01-20",7,iPhone 12 Pro Max,544,Smartphone
"2024-06-11",9,iPad mini (6th Generation),573,Tablet
"2020-04-01",8,Apple Pencil (1st Generation),925,Accessories
"2022-10-26",1,iPhone 13 mini,1092,Smartphone
"2024-10-28",2,iMac with Retina Display,343,Desktop
"2020-06-25",2,MacBook (Early 2015),741,Laptop
"2023-01-29",3,Apple Watch Nike Edition,884,Wearable
"2020-03-29",1,Apple Arcade,549,Subscription Service
"2021-11-18",4,Beats Solo Pro,1773,Audio
"2023-03-28",10,Apple Watch Series 9,1014,Wearable
"2022-12-23",3,Apple Watch Series 9,1014,Wearable
"2021-04-03",4,iPad mini (5th Generation),1912,Tablet
"2024-09-01",7,iPhone 13,623,Smartphone
"2024-08-02",1,MagSafe Battery Pack,1389,Accessories
"2021-09-22",1,iPhone 14 Plus,1259,Smartphone
"2022-01-27",2,Magic Mouse,313,Accessories
"2021-06-25",5,Beats Fit Pro,1839,Audio
"2021-04-27",8,Magic Keyboard with Touch ID,1162,Accessories
"2021-05-12",10,Silicone Case for iPhone,1210,Accessories
"2023-12-11",4,MacBook Pro 13-inch,1351,Laptop
"2022-09-14",7,iPhone SE (3rd Generation),923,Smartphone
"2022-05-26",2,Apple TV+,404,Subscription Service
"2021-04-30",4,Beats Solo Pro,1773,Audio
"2024-02-18",5,iPhone 14,1476,Smartphone
"2020-04-18",9,iCloud,1181,Subscription Service
"2021-07-12",4,Beats Fit Pro,1839,Audio
"2021-09-05",6,iPhone 13,623,Smartphone
"2024-06-21",8,Beats Solo Pro,1773,Audio
"2023-09-26",9,Apple Watch Series 6,462,Wearable
"2020-03-25",7,Apple Watch Nike Edition,884,Wearable
"2023-03-16",5,iPhone 14 Plus,1259,Smartphone
"2023-06-04",10,Apple TV (3rd Generation),477,Streaming Device
"2023-10-27",6,iPhone 12 Pro,1342,Smartphone
"2020-11-26",4,Apple Pencil (2nd Generation),1506,Accessories
"2021-03-26",5,iPad Air (4th Generation),952,Tablet
"2020-12-26",10,Apple Watch Series 9,1014,Wearable
"2022-01-21",5,iPad Pro (M1),1329,Tablet
"2024-04-14",6,AirPods Pro (2nd Generation),696,Audio
"2023-02-08",4,Apple Pencil (1st Generation),925,Accessories
"2021-10-17",1,Apple News+,253,Subscription Service
"2022-07-25",4,Mac Pro (Tower),458,Desktop
"2021-08-21",9,Apple Pencil (2nd Generation),1506,Accessories
"2023-02-16",3,iPad Pro (M1),1329,Tablet
"2020-07-04",8,AirPods Pro,1167,Audio
"2022-09-23",7,iPad Air (4th Generation),952,Tablet
"2020-10-01",3,MagSafe Charger,1744,Accessories
"2020-02-01",6,Magic Keyboard with Touch ID,1162,Accessories
"2021-08-11",8,Smart Cover for iPad,1014,Accessories
"2021-08-15",8,AirTag,677,Accessories
"2022-04-25",7,iPhone 14 Pro,1380,Smartphone
"2023-08-10",8,Mac Mini,555,Desktop
"2020-06-22",10,iPad mini (6th Generation),573,Tablet
"2022-05-23",2,Apple TV HD,1258,Streaming Device
"2020-05-20",4,Apple Arcade,549,Subscription Service
"2023-06-30",5,Mac Pro (2023),681,Desktop
"2021-01-10",5,Apple Watch Hermès,1712,Wearable
"2020-03-03",1,Magic Trackpad,1242,Accessories
"2024-02-07",9,iPhone SE (3rd Generation),923,Smartphone
"2024-08-15",10,Apple Fitness+,923,Subscription Service
"2022-09-05",4,Mac Studio,613,Desktop
"2024-04-12",9,iPhone 14 Pro Max,678,Smartphone
"2024-04-27",3,iMac Pro,1081,Desktop
"2023-04-03",9,Leather Case for iPhone,866,Accessories
"2024-08-16",8,Mac Pro (Tower),458,Desktop
"2020-11-10",1,Magic Trackpad,1242,Accessories
"2024-08-04",5,Apple One,488,Subscription Service
"2020-06-17",10,iMac Pro,1081,Desktop
"2022-05-24",3,Beats Powerbeats Pro,1060,Audio
"2021-10-06",5,MacBook Pro 16-inch,1179,Laptop
"2023-07-06",3,HomePod,1202,Smart Speaker
"2023-04-12",7,MacBook Air (Retina),1847,Laptop
"2020-04-25",4,MagSafe Charger,1744,Accessories
"2022-07-11",2,Beats Fit Pro,1839,Audio
"2024-01-18",10,iPad Pro 12.9-inch,1167,Tablet
"2023-03-27",3,Apple Pencil (1st Generation),925,Accessories
"2022-06-23",7,Apple One,488,Subscription Service
"2021-09-18",1,Apple News+,253,Subscription Service
"2024-03-07",7,Mac Pro (Rack),1415,Desktop
"2021-03-17",5,Apple Music,1965,Subscription Service
"2023-10-20",6,Mac Pro (2023),681,Desktop
"2020-01-13",7,MacBook Pro 14-inch,768,Laptop
"2021-11-14",8,AirPods Max,1603,Audio
"2023-05-17",4,MacBook Pro 16-inch,1179,Laptop
"2023-08-22",4,Mac Mini,555,Desktop
"2021-03-30",3,MacBook Air (M2),1588,Laptop
"2020-10-07",1,MacBook Pro (Touch Bar),1304,Laptop
"2022-01-14",2,iPhone 14 Plus,1259,Smartphone
"2023-04-13",4,AirPods Pro (2nd Generation),696,Audio
"2021-04-11",5,Leather Case for iPhone,866,Accessories
"2021-07-15",10,AirPods (2nd Generation),504,Audio
"2020-04-20",10,iPad mini (6th Generation),573,Tablet
"2022-06-19",4,Apple Watch Ultra,346,Wearable
"2021-03-20",4,iPhone 12 Pro Max,544,Smartphone
"2023-03-02",7,Apple One,488,Subscription Service
"2020-04-13",6,Apple Watch Series 5,1296,Wearable
"2021-11-07",3,iPhone 14 Pro Max,678,Smartphone
"2023-01-28",6,Mac Pro (Rack),1415,Desktop
"2021-09-12",3,iPad mini (5th Generation),1912,Tablet
"2024-06-25",6,MacBook Air (M1),1783,Laptop
"2024-07-06",5,Mac Pro (Rack),1415,Desktop
"2023-01-14",8,MacBook (Retina),231,Laptop
"2021-08-06",9,Apple TV 4K,1255,Streaming Device
"2022-10-06",9,Apple Fitness+,923,Subscription Service
"2021-11-04",9,iPhone 14 Plus,1259,Smartphone
"2022-04-02",6,iPad Pro (M1),1329,Tablet
"2023-03-20",5,MacBook Air (M2),1588,Laptop
"2020-01-12",8,iPad mini (6th Generation),573,Tablet
"2022-01-13",5,iPad Air (5th Generation),1591,Tablet
"2020-08-21",8,Silicone Case for iPhone,1210,Accessories
"2020-05-05",9,Magic Trackpad,1242,Accessories
"2022-09-04",6,Mac Pro (Rack),1415,Desktop
"2024-07-31",2,Mac Pro (2023),681,Desktop
"2020-07-08",6,Magic Mouse,313,Accessories
"2024-08-28",8,iPhone 12 mini,1607,Smartphone
"2024-03-26",7,Apple One,488,Subscription Service
"2023-10-28",9,AirPods (2nd Generation),504,Audio
"2022-08-30",3,Apple Pencil (1st Generation),925,Accessories
"2021-11-30",10,iPhone 12 Pro Max,544,Smartphone
"2023-04-28",7,iPad Pro (M1),1329,Tablet
"2024-09-24",10,iPad Air (4th Generation),952,Tablet
"2023-09-22",4,AirPods (2nd Generation),504,Audio
"2023-01-05",7,Apple Watch Series 5,1296,Wearable
"2021-09-21",9,Beats Powerbeats Pro,1060,Audio
"2024-03-17",8,Apple News+,253,Subscription Service
"2024-05-21",8,Beats Fit Pro,1839,Audio
"2023-05-14",3,iPad (9th Generation),1949,Tablet
"2022-08-05",7,MacBook Pro 16-inch,1179,Laptop
"2023-05-03",1,AirPods Pro (2nd Generation),696,Audio
"2023-12-25",4,Mac Pro (Tower),458,Desktop
"2022-11-22",3,Mac Pro (2023),681,Desktop
"2024-05-19",7,Leather Case for iPhone,866,Accessories
"2024-03-10",4,iPhone 14 Plus,1259,Smartphone
"2023-09-02",9,Apple TV 4K,1255,Streaming Device
"2024-05-13",9,iPhone 13 Pro,308,Smartphone
"2022-10-28",3,Smart Keyboard Folio,572,Accessories
"2020-09-12",7,Apple Watch Nike Edition,884,Wearable
"2023-07-27",6,Beats Fit Pro,1839,Audio
"2021-05-07",9,Apple TV+,404,Subscription Service
"2023-05-26",5,iPad (10th Generation),1735,Tablet
"2021-06-14",3,Apple Pencil (1st Generation),925,Accessories
"2021-04-19",6,AirPods Pro (2nd Generation),696,Audio
"2020-11-24",9,Beats Fit Pro,1839,Audio
"2020-04-10",6,Apple Watch Series 6,462,Wearable
"2023-11-04",2,iPad Pro (M1),1329,Tablet
"2021-12-11",7,Apple News+,253,Subscription Service
"2020-10-24",8,iPhone 14 Plus,1259,Smartphone
"2020-10-22",2,iPad (9th Generation),1949,Tablet
"2021-04-07",8,Apple Watch Series 5,1296,Wearable
"2022-09-17",10,iPad mini (5th Generation),1912,Tablet
"2023-01-08",2,iPad Pro (M1),1329,Tablet
"2021-02-28",2,MacBook Air (M1),1783,Laptop
"2022-03-19",6,iPhone 12,1436,Smartphone
"2022-01-13",3,iMac 27-inch,1918,Desktop
"2024-08-24",3,iPad mini (5th Generation),1912,Tablet
"2021-05-23",2,HomePod mini,266,Smart Speaker
"2023-12-11",10,HomePod,1202,Smart Speaker
"2021-07-19",10,MacBook Air (M1),1783,Laptop
"2023-11-29",5,Apple Pencil (2nd Generation),1506,Accessories
"2023-10-23",8,iPhone SE (3rd Generation),923,Smartphone
"2023-05-11",7,HomePod (2nd Generation),689,Audio
"2024-04-16",3,Mac Pro (Rack),1415,Desktop
"2022-02-02",7,iPad Pro 11-inch,1761,Tablet
"2023-08-23",10,Magic Keyboard with Touch ID,1162,Accessories
"2021-03-31",5,iPad mini (5th Generation),1912,Tablet
"2024-09-15",4,iPhone 13 Pro Max,820,Smartphone
"2024-05-20",1,Mac Mini (M2),874,Desktop
"2021-03-22",3,Apple Watch SE,1546,Wearable
"2022-09-26",9,MacBook,1149,Laptop
"2022-01-22",3,Silicone Case for iPhone,1210,Accessories
"2021-02-07",4,MagSafe Charger,1744,Accessories
"2023-08-12",8,Mac Pro (Tower),458,Desktop
"2022-07-23",3,Magic Keyboard with Touch ID,1162,Accessories
"2021-10-25",3,iPhone 14 Pro Max,678,Smartphone
"2020-04-29",2,iPhone 14 Pro,1380,Smartphone
"2020-10-24",8,Apple One,488,Subscription Service
"2021-06-27",10,HomePod,1202,Smart Speaker
"2020-07-06",2,Mac Mini,555,Desktop
"2022-05-25",6,Apple One,488,Subscription Service
"2022-03-21",9,MacBook Pro 14-inch,768,Laptop
"2021-04-25",5,Silicone Case for iPhone,1210,Accessories
"2024-07-11",1,Apple Watch Ultra,346,Wearable
"2020-05-16",3,MagSafe Battery Pack,1389,Accessories
"2020-09-28",5,iPad (10th Generation),1735,Tablet
"2021-06-09",2,Apple Music,1965,Subscription Service
"2021-02-14",1,MacBook (Early 2015),741,Laptop
"2021-01-09",1,MacBook Pro 13-inch,1351,Laptop
"2023-02-11",1,Mac Pro (Rack),1415,Desktop
"2023-07-06",9,iPad mini (6th Generation),573,Tablet
"2024-04-15",9,MacBook Air (Retina),1847,Laptop
"2023-01-25",7,MacBook Pro 14-inch,768,Laptop
"2022-10-11",8,iPhone 13 Pro Max,820,Smartphone
"2022-02-11",2,MacBook Air (M2),1588,Laptop
"2020-06-04",3,Beats Fit Pro,1839,Audio
"2023-09-09",1,iPhone 12 Pro Max,544,Smartphone
"2023-08-30",1,Smart Cover for iPad,1014,Accessories
"2023-11-07",1,iPad Pro 12.9-inch,1167,Tablet
"2020-04-20",5,Apple TV HD,1258,Streaming Device
"2020-08-31",3,Smart Keyboard Folio,572,Accessories
"2024-10-26",7,iPhone 13,623,Smartphone
"2023-08-04",3,Apple Watch Nike Edition,884,Wearable
"2024-01-17",6,Apple Arcade,549,Subscription Service
"2021-01-03",3,iPhone 13 Pro Max,820,Smartphone
"2024-10-31",1,iPhone SE (3rd Generation),923,Smartphone
"2020-06-11",7,MacBook Air (Retina),1847,Laptop
"2020-05-17",10,iPad (10th Generation),1735,Tablet
"2022-04-07",8,Apple Pencil (1st Generation),925,Accessories
"2020-07-26",7,Apple News+,253,Subscription Service
"2024-05-23",2,MacBook Pro 14-inch,768,Laptop
"2024-08-24",1,iPad mini (6th Generation),573,Tablet
"2022-09-25",6,Apple Fitness+,923,Subscription Service
"2021-01-01",4,iPhone 12 Pro,1342,Smartphone
"2023-01-19",7,Apple One,488,Subscription Service
"2020-12-29",9,iMac 27-inch,1918,Desktop
"2023-12-01",2,Mac Mini,555,Desktop
"2023-12-05",7,Apple One,488,Subscription Service
"2022-03-14",5,MacBook Air (M2),1588,Laptop
"2022-04-30",7,iPad Pro 12.9-inch,1167,Tablet
"2023-02-27",9,Mac Mini (M2),874,Desktop
"2024-07-16",4,Magic Keyboard,368,Accessories
"2020-09-29",10,Mac Pro (Rack),1415,Desktop
"2022-08-17",3,iMac 24-inch,449,Desktop
"2024-01-04",5,AirPods (3rd Generation),1842,Audio
"2022-09-16",1,Magic Keyboard with Touch ID,1162,Accessories
"2022-02-11",1,Smart Keyboard Folio,572,Accessories
"2020-06-02",9,AirPods (2nd Generation),504,Audio
"2020-09-14",10,Apple Watch Series 5,1296,Wearable
"2023-10-04",10,iPhone 13 mini,1092,Smartphone
"2022-07-30",10,Magic Mouse,313,Accessories
"2023-01-08",3,Apple Watch Ultra,346,Wearable
"2020-04-01",1,Beats Powerbeats Pro,1060,Audio
"2022-05-15",1,iMac with Retina Display,343,Desktop
"2021-02-08",2,iPad mini (6th Generation),573,Tablet
"2023-06-26",9,iPad (9th Generation),1949,Tablet
"2024-05-24",2,iPhone 12,1436,Smartphone
"2020-11-03",4,iPad Pro 12.9-inch,1167,Tablet
"2023-06-21",6,iPad Air (5th Generation),1591,Tablet
"2021-11-08",7,AirPods Max,1603,Audio
"2021-08-14",6,Beats Studio Buds,762,Audio
"2023-08-21",3,MacBook Air (M1),1783,Laptop
"2022-11-01",9,Mac Pro (Tower),458,Desktop
"2020-06-13",10,MagSafe Battery Pack,1389,Accessories
"2020-03-23",7,Apple One,488,Subscription Service
"2021-10-08",4,AirPods (2nd Generation),504,Audio
"2021-01-03",2,iMac Pro,1081,Desktop
"2021-06-30",1,Mac Pro (Rack),1415,Desktop
"2024-03-16",7,iPhone 13 Pro Max,820,Smartphone
"2021-06-29",10,Magic Keyboard,368,Accessories
"2023-12-27",4,iPhone 12 Pro Max,544,Smartphone
"2021-05-26",2,Silicone Case for iPhone,1210,Accessories
"2024-07-17",1,Apple Watch Ultra,346,Wearable
"2022-06-29",2,Apple TV+,404,Subscription Service
"2024-05-23",9,iPad (10th Generation),1735,Tablet
"2020-02-01",10,AirPods (2nd Generation),504,Audio
"2023-01-20",10,AirPods Pro (2nd Generation),696,Audio
"2023-06-05",8,iMac Pro,1081,Desktop
"2020-07-04",9,AirPods Pro,1167,Audio
"2021-07-19",9,iPhone 12 Pro,1342,Smartphone
"2020-01-30",9,Apple Watch Nike Edition,884,Wearable
"2023-01-17",1,Apple TV (3rd Generation),477,Streaming Device
"2021-06-26",2,Magic Mouse,313,Accessories
"2024-04-09",5,iPhone 14 Pro,1380,Smartphone
"2021-10-29",3,iPhone 12 Pro Max,544,Smartphone
"2020-09-14",2,Mac Pro (Tower),458,Desktop
"2024-01-05",5,Apple TV 4K,1255,Streaming Device
"2022-10-15",3,Silicone Case for iPhone,1210,Accessories
"2023-01-30",10,iMac Pro,1081,Desktop
"2023-02-02",9,Apple Arcade,549,Subscription Service
"2023-05-27",8,iMac 27-inch,1918,Desktop
"2023-06-17",8,iPad mini (6th Generation),573,Tablet
"2021-11-06",7,Magic Keyboard,368,Accessories
"2023-12-09",2,iPhone 14 Plus,1259,Smartphone
"2022-06-22",5,iPhone 13 Pro,308,Smartphone
"2023-10-22",7,MacBook Pro 14-inch,768,Laptop
"2023-01-18",10,Leather Case for iPhone,866,Accessories
"2023-05-26",8,iPhone 13 Pro Max,820,Smartphone
"2024-08-11",8,HomePod,1202,Smart Speaker
"2020-11-24",10,iPhone 13 Pro,308,Smartphone
"2023-02-26",3,Apple TV+,404,Subscription Service
"2020-10-09",10,HomePod mini,438,Audio
"2020-06-03",6,Magic Trackpad,1242,Accessories
"2020-04-03",5,iPad Pro (M1),1329,Tablet
"2022-01-11",8,HomePod (2nd Generation),689,Audio
"2020-11-07",8,Apple Pencil (2nd Generation),1506,Accessories
"2020-07-18",8,Apple TV (3rd Generation),477,Streaming Device
"2024-09-14",4,MacBook (Early 2015),741,Laptop
"2020-04-16",9,MacBook Pro (Touch Bar),1304,Laptop
"2021-10-21",7,AirPods Pro (2nd Generation),696,Audio
"2020-01-16",3,AirPods (3rd Generation),1842,Audio
"2024-07-23",5,MacBook Air (M2),1588,Laptop
"2023-02-19",9,Mac Studio,613,Desktop
"2023-08-21",4,Apple TV HD,1258,Streaming Device
"2023-03-30",10,Beats Powerbeats Pro,1060,Audio
"2023-11-07",4,Mac Studio,613,Desktop
"2023-03-12",1,Apple Pencil (1st Generation),925,Accessories
"2021-04-13",9,Mac Mini (M2),874,Desktop
"2024-10-02",4,Mac Mini,555,Desktop
"2020-12-06",5,MacBook Pro 14-inch,768,Laptop
"2023-01-08",3,HomePod,1202,Smart Speaker
"2020-01-06",8,iPhone 12 Pro,1342,Smartphone
"2023-09-12",7,Lightning to USB Cable,1434,Accessories
"2024-07-24",4,Apple TV (3rd Generation),477,Streaming Device
"2021-02-02",10,Apple News+,253,Subscription Service
"2022-01-02",4,Apple One,488,Subscription Service
"2023-10-21",4,Magic Keyboard with Touch ID,1162,Accessories
"2021-07-21",4,MacBook Air (M1),1783,Laptop
"2024-04-03",10,MacBook Pro (Touch Bar),1304,Laptop
"2022-05-03",10,Smart Cover for iPad,1014,Accessories
"2020-03-15",3,Apple TV+,404,Subscription Service
"2023-07-06",8,HomePod,1202,Smart Speaker
"2021-05-11",2,Apple TV (3rd Generation),477,Streaming Device
"2021-07-07",4,MacBook Pro (Touch Bar),1304,Laptop
"2020-02-02",1,Magic Trackpad,1242,Accessories
"2020-02-04",8,Apple Fitness+,923,Subscription Service
"2021-02-17",7,iPad Air (5th Generation),1591,Tablet
"2020-08-20",8,Apple TV HD,1258,Streaming Device
"2022-06-23",9,AirPods (3rd Generation),1842,Audio
"2023-03-18",5,MagSafe Charger,1744,Accessories
"2021-11-22",8,MacBook Air (M2),1588,Laptop
"2023-01-23",5,Magic Keyboard with Touch ID,1162,Accessories
"2023-04-17",2,iPad Pro 12.9-inch,1167,Tablet
"2022-12-25",10,iPhone 14 Pro Max,678,Smartphone
"2021-07-16",9,MacBook Air (Retina),1847,Laptop
"2021-06-17",3,Beats Studio Buds,762,Audio
"2022-08-01",5,Leather Case for iPhone,866,Accessories
"2022-01-13",5,iPad Pro (M2),1826,Tablet
"2024-03-04",5,AirPods Pro (2nd Generation),696,Audio
"2022-10-27",7,Apple Watch Hermès,1712,Wearable
"2021-12-27",2,Mac Mini (M2),874,Desktop
"2020-10-29",5,Magic Mouse,313,Accessories
"2024-10-27",9,Mac Mini,555,Desktop
"2022-04-16",4,Apple Watch SE,1546,Wearable
"2022-07-30",8,MacBook,1149,Laptop
"2020-11-22",6,MagSafe Battery Pack,1389,Accessories
"2022-07-07",8,AirPods Pro (2nd Generation),696,Audio
"2022-06-21",7,MacBook Air (M2),1588,Laptop
"2023-07-29",2,iPad mini (6th Generation),573,Tablet
"2022-05-02",2,Smart Cover for iPad,1014,Accessories
"2020-08-11",1,Apple Music,1965,Subscription Service
"2021-04-12",10,HomePod (2nd Generation),689,Audio
"2020-01-29",4,iPhone 14 Pro Max,678,Smartphone
"2022-09-01",4,AirTag,677,Accessories
"2022-11-10",9,MagSafe Battery Pack,1389,Accessories
"2024-01-02",1,iPhone 12,1436,Smartphone
"2023-07-26",2,Apple Pencil (1st Generation),925,Accessories
"2022-11-16",7,Apple TV HD,1258,Streaming Device
"2021-12-09",10,HomePod mini,438,Audio
"2022-07-20",9,HomePod mini,438,Audio
"2020-08-19",5,Apple Watch SE,1546,Wearable
"2020-08-28",4,iPad Air (4th Generation),952,Tablet
"2021-05-07",2,Apple TV+,404,Subscription Service
"2024-03-31",8,MacBook Air (M2),1588,Laptop
"2024-11-12",2,iPhone SE (3rd Generation),923,Smartphone
"2023-01-20",6,Apple TV+,404,Subscription Service
"2020-05-25",10,Mac Pro (2023),681,Desktop
"2020-07-23",7,Mac Pro (Tower),458,Desktop
"2021-05-03",2,iPad Pro 11-inch,1761,Tablet
"2020-12-31",7,Apple TV (3rd Generation),477,Streaming Device
"2020-09-24",9,Mac Mini,555,Desktop
"2023-10-04",6,AirPods (3rd Generation),1842,Audio
"2020-04-17",6,Magic Trackpad,1242,Accessories
"2021-11-27",7,MacBook (Retina),231,Laptop
"2023-05-29",10,Mac Pro (Rack),1415,Desktop
"2021-04-29",1,Silicone Case for iPhone,1210,Accessories
"2020-02-05",8,iPad Pro (M2),1826,Tablet
"2022-06-04",7,iPad Pro 12.9-inch,1167,Tablet
"2020-04-09",5,Smart Keyboard Folio,572,Accessories
"2024-11-07",8,iPad (10th Generation),1735,Tablet
"2023-04-21",7,iPhone 12,1436,Smartphone
"2020-05-19",1,HomePod mini,438,Audio
"2023-04-28",3,Mac Studio,613,Desktop
"2024-04-20",10,HomePod mini,266,Smart Speaker
"2020-06-17",5,AirPods (2nd Generation),504,Audio
"2024-08-01",7,Apple Pencil (1st Generation),925,Accessories
"2024-09-02",4,iPad mini (6th Generation),573,Tablet
"2021-05-23",3,iPhone 13 Pro,308,Smartphone
"2024-01-08",5,Apple Watch Series 7,1431,Wearable
"2023-10-06",3,Apple Watch Series 9,1014,Wearable
"2021-07-26",9,Mac Mini (M2),874,Desktop
"2023-10-20",6,Apple Watch Series 9,1014,Wearable
"2020-06-19",6,MagSafe Battery Pack,1389,Accessories
"2023-01-25",10,HomePod mini,266,Smart Speaker
"2022-11-24",2,iPhone 12,1436,Smartphone
"2024-08-30",7,MacBook (Retina),231,Laptop
"2024-07-02",3,iPhone 13 Pro Max,820,Smartphone
"2024-08-14",4,Beats Powerbeats Pro,1060,Audio
"2023-04-24",2,iPhone 13,623,Smartphone
"2024-02-18",10,Apple Pencil (2nd Generation),1506,Accessories
"2021-03-11",4,Beats Fit Pro,1839,Audio
"2024-02-20",7,Apple Pencil (2nd Generation),1506,Accessories
"2021-11-21",9,Apple Watch SE,1546,Wearable
"2021-02-02",2,Beats Solo Pro,1773,Audio
"2020-02-26",7,Beats Fit Pro,1839,Audio
"2020-05-28",10,Apple Watch Nike Edition,884,Wearable
"2022-04-03",8,Mac Mini (M2),874,Desktop
"2022-05-06",5,Smart Cover for iPad,1014,Accessories
"2022-02-18",3,MagSafe Charger,1744,Accessories
"2024-09-12",2,iPad mini (6th Generation),573,Tablet
"2020-01-03",7,Silicone Case for iPhone,1210,Accessories
"2024-07-02",6,Apple TV HD,1258,Streaming Device
"2021-11-27",2,Apple Arcade,549,Subscription Service
"2021-01-23",5,Magic Keyboard with Touch ID,1162,Accessories
"2023-07-30",6,iPad mini (6th Generation),573,Tablet
"2023-06-25",3,Apple Pencil (2nd Generation),1506,Accessories
"2023-10-07",4,Mac Pro (Rack),1415,Desktop
"2021-01-28",8,Apple Watch Hermès,1712,Wearable
"2022-03-24",4,MacBook Air (M1),1783,Laptop
"2021-01-30",6,Magic Keyboard with Touch ID,1162,Accessories
"2020-08-26",4,iPhone 14 Plus,1259,Smartphone
"2023-02-24",2,HomePod mini,266,Smart Speaker
"2023-11-26",7,MacBook Air (M2),1588,Laptop
"2022-07-18",9,Beats Studio Buds,762,Audio
"2021-09-20",10,Beats Powerbeats Pro,1060,Audio
"2024-07-14",2,HomePod,1202,Smart Speaker
"2024-05-30",5,Smart Cover for iPad,1014,Accessories
"2024-06-14",2,Mac Pro (Rack),1415,Desktop
"2020-05-06",4,Apple Pencil (2nd Generation),1506,Accessories
"2022-01-06",5,Beats Fit Pro,1839,Audio
"2021-04-11",5,HomePod,1202,Smart Speaker
"2022-06-15",4,HomePod mini,266,Smart Speaker
"2023-05-16",10,iPad (10th Generation),1735,Tablet
"2023-02-02",4,Magic Keyboard with Touch ID,1162,Accessories
"2020-10-15",6,iPad mini (5th Generation),1912,Tablet
"2021-02-21",2,Silicone Case for iPhone,1210,Accessories
"2024-03-31",6,iPhone 13 Pro,308,Smartphone
"2023-08-31",1,iPhone 14 Pro,1380,Smartphone
"2024-06-26",2,AirTag,677,Accessories
"2022-01-18",1,iPad (10th Generation),1735,Tablet
"2020-03-27",9,AirPods (2nd Generation),504,Audio
"2021-09-09",5,Mac Mini (M2),874,Desktop
"2023-08-23",2,Silicone Case for iPhone,1210,Accessories
"2024-11-03",5,iPad Pro 12.9-inch,1167,Tablet
"2024-03-16",3,iPad Pro 11-inch,1761,Tablet
"2024-07-19",7,iPhone 14 Plus,1259,Smartphone
"2020-05-01",5,iPad mini (5th Generation),1912,Tablet
"2024-09-26",9,iPhone 13 Pro,308,Smartphone
"2024-01-13",4,HomePod (2nd Generation),689,Audio
"2022-09-07",8,Mac Pro (Tower),458,Desktop
"2022-06-11",8,MacBook Pro 14-inch,768,Laptop
"2023-05-20",4,Beats Solo Pro,1773,Audio
"2022-02-03",3,Apple TV 4K,1255,Streaming Device
"2021-02-20",4,Beats Fit Pro,1839,Audio
"2023-10-26",8,Apple Watch Series 7,1431,Wearable
"2021-08-13",3,Apple Watch Hermès,1712,Wearable
"2020-05-16",2,MacBook Pro 14-inch,768,Laptop
"2024-04-03",7,HomePod (2nd Generation),689,Audio
"2023-11-01",5,Magic Trackpad,1242,Accessories
"2021-02-15",1,AirPods (2nd Generation),504,Audio
"2021-07-26",1,Apple Music,1965,Subscription Service
"2024-09-09",1,Mac Pro (Rack),1415,Desktop
"2023-06-26",2,Apple News+,253,Subscription Service
"2024-10-06",9,Beats Solo Pro,1773,Audio
"2023-09-17",10,MacBook Air (Retina),1847,Laptop
"2023-12-24",4,iMac 24-inch,449,Desktop
"2022-12-09",7,HomePod mini,266,Smart Speaker
"2020-10-14",9,Mac Studio,613,Desktop
"2023-10-22",10,iCloud,1181,Subscription Service
"2024-11-02",8,iPhone SE (3rd Generation),923,Smartphone
"2024-02-12",7,iPhone 13 Pro Max,820,Smartphone
"2022-04-04",1,HomePod mini,438,Audio
"2024-09-04",4,Beats Fit Pro,1839,Audio
"2021-11-19",7,HomePod mini,438,Audio
"2024-06-28",10,iPhone 13 mini,1092,Smartphone
"2020-01-02",9,AirPods (3rd Generation),1842,Audio
"2022-04-03",9,iPhone 13 Pro Max,820,Smartphone
"2024-05-09",3,AirPods Pro (2nd Generation),696,Audio
"2020-05-31",10,iPad Pro 11-inch,1761,Tablet
"2024-06-03",10,Apple Watch Series 9,1014,Wearable
"2022-05-26",6,iPhone SE (3rd Generation),923,Smartphone
"2023-06-17",1,Apple Pencil (2nd Generation),1506,Accessories
"2023-10-01",9,Beats Studio Buds,762,Audio
"2020-11-21",5,Magic Trackpad,1242,Accessories
"2023-09-10",6,Mac Studio,613,Desktop
"2021-10-15",4,iMac 24-inch,449,Desktop
"2023-11-14",9,Apple Arcade,549,Subscription Service
"2023-06-09",5,MagSafe Battery Pack,1389,Accessories
"2023-01-23",1,iPhone 13 Pro,308,Smartphone
"2020-01-27",1,Apple Pencil (1st Generation),925,Accessories
"2022-07-11",2,Apple Pencil (2nd Generation),1506,Accessories
"2020-09-10",7,Apple Watch SE,1546,Wearable
"2022-11-28",9,Apple Fitness+,923,Subscription Service
"2024-06-02",3,Smart Cover for iPad,1014,Accessories
"2020-06-24",7,MacBook Air (M2),1588,Laptop
"2020-01-14",7,iPad (9th Generation),1949,Tablet
"2022-04-03",2,HomePod (2nd Generation),689,Audio
"2022-04-25",8,iPad mini (5th Generation),1912,Tablet
"2021-09-23",9,Apple TV+,404,Subscription Service
"2021-05-06",4,Mac Pro (Rack),1415,Desktop
"2023-01-19",6,iPad Pro 11-inch,1761,Tablet
"2020-01-12",2,iPhone 12 Pro,1342,Smartphone
"2023-07-22",1,Apple TV+,404,Subscription Service
"2024-10-06",1,Beats Fit Pro,1839,Audio
"2020-06-30",8,MacBook Pro (Touch Bar),1304,Laptop
"2023-06-04",4,iPhone 12,1436,Smartphone
"2024-03-21",5,Lightning to USB Cable,1434,Accessories
"2024-08-15",2,iPad Pro (M2),1826,Tablet
"2020-12-25",2,HomePod mini,438,Audio
"2021-04-05",5,Mac Pro (Rack),1415,Desktop
"2023-09-08",5,Beats Fit Pro,1839,Audio
"2021-03-12",7,iPhone 14 Pro,1380,Smartphone
"2020-10-18",9,iPad Air (4th Generation),952,Tablet
"2021-10-27",2,HomePod (2nd Generation),689,Audio
"2023-07-19",1,HomePod,1202,Smart Speaker
"2020-04-02",1,Apple News+,253,Subscription Service
"2022-05-20",6,Mac Studio,613,Desktop
"2023-06-05",2,HomePod (2nd Generation),689,Audio
"2021-08-25",9,iPhone 13 Pro,308,Smartphone
"2020-05-01",8,Apple TV (3rd Generation),477,Streaming Device
"2021-07-12",9,Beats Powerbeats Pro,1060,Audio
"2020-06-11",3,Apple Watch Ultra,346,Wearable
"2022-02-10",1,Apple Watch Series 8,1631,Wearable
"2023-04-21",5,Mac Pro (Rack),1415,Desktop
"2024-05-07",9,iPhone 12 Pro,1342,Smartphone
"2020-08-06",5,Apple Watch Series 8,1631,Wearable
"2021-01-21",1,iPad Pro 12.9-inch,1167,Tablet
"2022-06-27",3,MacBook (Retina),231,Laptop
"2021-06-04",2,MacBook,1149,Laptop
"2024-10-11",10,MacBook,1149,Laptop
"2023-11-24",8,iPad (9th Generation),1949,Tablet
"2024-05-23",8,MacBook (Retina),231,Laptop
"2020-06-10",8,Smart Cover for iPad,1014,Accessories
"2023-10-07",9,Mac Mini,555,Desktop
"2022-09-03",4,Apple TV+,404,Subscription Service
"2021-09-21",6,Apple TV 4K,1255,Streaming Device
"2021-04-25",5,Apple Pencil (1st Generation),925,Accessories
"2024-10-11",3,AirTag,677,Accessories
"2020-05-30",3,MagSafe Charger,1744,Accessories
"2024-03-29",6,Apple Music,1965,Subscription Service
"2024-03-25",4,Magic Keyboard,368,Accessories
"2021-05-01",4,AirTag,677,Accessories
"2022-08-27",6,Magic Mouse,313,Accessories
"2023-11-14",6,Apple TV+,404,Subscription Service
"2021-10-28",4,iPhone 12 mini,1607,Smartphone
"2024-06-22",10,iPhone 13 Pro,308,Smartphone
"2024-02-04",1,Mac Mini,555,Desktop
"2022-01-21",9,Magic Mouse,313,Accessories
"2022-03-28",8,iPad Air (5th Generation),1591,Tablet
"2024-09-01",9,Apple Watch Hermès,1712,Wearable
"2021-07-01",8,AirPods (2nd Generation),504,Audio
"2023-04-08",10,Mac Mini,555,Desktop
"2023-06-08",5,iPhone 14,1476,Smartphone
"2024-05-18",4,MagSafe Charger,1744,Accessories
"2024-03-20",7,MacBook,1149,Laptop
"2022-11-11",6,Magic Mouse,313,Accessories
"2020-08-08",3,MacBook Air (Retina),1847,Laptop
"2024-10-12",10,HomePod,1202,Smart Speaker
"2021-11-29",9,iMac 27-inch,1918,Desktop
"2024-10-14",9,Smart Cover for iPad,1014,Accessories
"2020-12-17",9,HomePod mini,266,Smart Speaker
"2021-10-04",2,AirTag,677,Accessories
"2024-08-29",6,iPhone 13 Pro Max,820,Smartphone
"2023-09-08",10,MacBook Air (M1),1783,Laptop
"2020-05-09",5,HomePod (2nd Generation),689,Audio
"2022-07-24",1,AirPods Pro (2nd Generation),696,Audio
"2021-11-30",8,MacBook (Retina),231,Laptop
"2023-02-23",7,Apple Watch SE,1546,Wearable
"2021-03-03",8,HomePod,1202,Smart Speaker
"2024-10-22",2,HomePod,1202,Smart Speaker
"2020-04-21",5,Mac Mini (M2),874,Desktop
"2024-02-01",6,HomePod (2nd Generation),689,Audio
"2020-11-08",3,HomePod (2nd Generation),689,Audio
"2024-11-08",4,Smart Keyboard Folio,572,Accessories
"2022-06-08",8,Apple Watch Series 9,1014,Wearable
"2024-07-05",5,MacBook Air (M2),1588,Laptop
"2020-06-10",3,iPad Pro 12.9-inch,1167,Tablet
"2021-04-02",2,Apple Watch SE,1546,Wearable
"2021-11-22",7,Beats Studio Buds,762,Audio
"2024-06-27",9,Apple News+,253,Subscription Service
"2020-08-16",6,Beats Studio Buds,762,Audio
"2023-06-17",5,Apple Watch Series 8,1631,Wearable
"2021-03-24",7,iPad (9th Generation),1949,Tablet
"2020-07-12",8,Beats Studio Buds,762,Audio
"2022-06-26",4,MagSafe Charger,1744,Accessories
"2020-04-11",7,Apple Watch Ultra,346,Wearable
"2020-02-27",8,iPad Pro (M2),1826,Tablet
"2020-08-07",3,MacBook Pro (Touch Bar),1304,Laptop
"2024-09-01",1,Silicone Case for iPhone,1210,Accessories
"2022-06-16",9,Apple Watch Series 7,1431,Wearable
"2022-06-16",5,MacBook Pro (Touch Bar),1304,Laptop
"2024-08-05",8,iPhone 14 Pro,1380,Smartphone
"2022-05-25",2,Mac Mini,555,Desktop
"2020-08-12",1,MacBook (Retina),231,Laptop
"2020-06-22",9,Mac Pro (Tower),458,Desktop
"2023-07-30",5,MacBook Pro 16-inch,1179,Laptop
"2022-06-12",7,MacBook Pro (Touch Bar),1304,Laptop
"2020-09-25",3,iPhone 14 Pro Max,678,Smartphone
"2021-03-28",3,Apple TV 4K,1255,Streaming Device
"2023-01-04",7,iMac with Retina Display,343,Desktop
"2020-05-29",9,MagSafe Battery Pack,1389,Accessories
"2024-06-03",6,iPad Air (4th Generation),952,Tablet
"2022-05-09",1,iPad Air (4th Generation),952,Tablet
"2023-04-04",5,iPhone 14 Plus,1259,Smartphone
"2021-02-09",10,MagSafe Battery Pack,1389,Accessories
"2020-12-30",8,MacBook Pro 13-inch,1351,Laptop
"2021-05-05",8,Apple Watch Hermès,1712,Wearable
"2024-02-16",7,iPad Air (4th Generation),952,Tablet
"2024-09-01",3,Apple Watch SE,1546,Wearable
"2021-08-29",6,MacBook Pro 16-inch,1179,Laptop
"2021-12-30",10,iPad Air (5th Generation),1591,Tablet
"2020-04-30",2,iPad Pro (M2),1826,Tablet
"2020-12-24",6,Magic Keyboard,368,Accessories
"2022-10-30",1,MacBook (Early 2015),741,Laptop
"2020-08-14",2,Apple TV (3rd Generation),477,Streaming Device
"2020-12-17",9,Mac Pro (2023),681,Desktop
"2024-09-05",1,Apple Pencil (2nd Generation),1506,Accessories
"2022-08-06",6,Silicone Case for iPhone,1210,Accessories
"2022-10-02",7,AirPods Pro (2nd Generation),696,Audio
"2023-06-26",6,Smart Keyboard Folio,572,Accessories
"2022-12-08",2,Apple Pencil (2nd Generation),1506,Accessories
"2022-10-16",3,AirPods Pro (2nd Generation),696,Audio
"2022-04-14",7,Mac Pro (Tower),458,Desktop
"2022-10-29",4,iMac Pro,1081,Desktop
"2022-05-22",6,iPad (9th Generation),1949,Tablet
"2023-03-30",5,iPad (9th Generation),1949,Tablet
"2020-03-22",2,Apple Watch Series 7,1431,Wearable
"2020-10-16",5,iPad Air (4th Generation),952,Tablet
"2024-08-19",10,Mac Mini (M2),874,Desktop
"2020-03-07",3,MacBook Pro (Touch Bar),1304,Laptop
"2020-06-14",3,Mac Pro (Tower),458,Desktop
"2022-05-01",5,MagSafe Battery Pack,1389,Accessories
"2023-10-14",3,iPad Pro (M1),1329,Tablet
"2022-03-21",1,iPad Pro 11-inch,1761,Tablet
"2022-11-24",10,iPhone 14 Pro Max,678,Smartphone
"2021-06-07",7,Mac Pro (Tower),458,Desktop
"2021-09-18",8,iPhone 13 Pro,308,Smartphone
"2022-05-20",5,Apple Watch Nike Edition,884,Wearable
"2020-03-02",4,iPad Pro 12.9-inch,1167,Tablet
"2021-06-15",7,AirPods Pro (2nd Generation),696,Audio
"2022-07-28",3,Magic Keyboard with Touch ID,1162,Accessories
"2024-04-10",10,MacBook Pro 14-inch,768,Laptop
"2020-10-27",2,iPad Pro (M2),1826,Tablet
"2022-04-05",2,AirPods (2nd Generation),504,Audio
"2024-07-12",4,Apple Watch Nike Edition,884,Wearable
"2023-11-10",10,Apple TV (3rd Generation),477,Streaming Device
"2023-01-16",2,Lightning to USB Cable,1434,Accessories
"2022-05-23",3,MagSafe Battery Pack,1389,Accessories
"2022-12-26",7,iPad (9th Generation),1949,Tablet
"2020-09-18",9,Apple Music,1965,Subscription Service
"2021-03-07",8,HomePod mini,438,Audio
"2022-10-10",10,AirPods (3rd Generation),1842,Audio
"2020-05-05",5,MacBook Pro 13-inch,1351,Laptop
"2024-10-12",2,MacBook Pro (Touch Bar),1304,Laptop
"2022-12-08",10,Mac Pro (Tower),458,Desktop
"2024-05-12",6,iPhone 12,1436,Smartphone
"2024-10-07",2,Apple News+,253,Subscription Service
"2020-11-23",8,iPhone 13 Pro,308,Smartphone
"2020-06-20",1,MacBook,1149,Laptop
"2022-04-10",8,Apple TV (3rd Generation),477,Streaming Device
"2024-01-14",10,iPhone 13 Pro Max,820,Smartphone
"2020-07-01",6,Beats Solo Pro,1773,Audio
"2024-05-20",1,iPad Pro (M2),1826,Tablet
"2023-07-05",9,AirTag,677,Accessories
"2021-09-27",3,MacBook Air (M2),1588,Laptop
"2022-03-14",8,iPhone 12 Pro,1342,Smartphone
"2024-11-04",1,MacBook Pro 14-inch,768,Laptop
"2021-12-21",6,iMac 24-inch,449,Desktop
"2021-12-15",3,iCloud,1181,Subscription Service
"2021-04-21",1,iPad Pro 11-inch,1761,Tablet
"2021-07-12",1,Apple Watch Series 8,1631,Wearable
"2020-07-14",3,Apple TV+,404,Subscription Service
"2022-12-12",4,Beats Solo Pro,1773,Audio
"2024-02-07",7,MacBook Air (M2),1588,Laptop
"2024-07-13",5,iMac 24-inch,449,Desktop
"2022-10-21",9,AirPods (2nd Generation),504,Audio
"2024-10-27",5,Magic Mouse,313,Accessories
"2023-10-26",5,iPhone 14 Pro Max,678,Smartphone
"2022-11-11",3,Apple Music,1965,Subscription Service
"2023-03-09",2,Apple Watch Series 6,462,Wearable
"2021-06-25",10,Apple TV HD,1258,Streaming Device
"2024-11-08",8,Beats Studio Buds,762,Audio
"2020-06-01",6,Apple TV HD,1258,Streaming Device
"2021-08-23",7,HomePod mini,266,Smart Speaker
"2023-05-20",5,Apple Watch Series 6,462,Wearable
"2020-10-18",8,iPhone 13 mini,1092,Smartphone
"2020-12-25",9,Smart Keyboard Folio,572,Accessories
"2020-05-21",3,HomePod mini,266,Smart Speaker
"2021-03-02",6,Mac Mini,555,Desktop
"2022-07-31",2,HomePod (2nd Generation),689,Audio
"2021-03-06",9,Apple Watch Nike Edition,884,Wearable
"2022-01-04",7,iPhone 12 Pro Max,544,Smartphone
"2023-12-18",8,iPad Pro 12.9-inch,1167,Tablet
"2024-02-02",4,Apple Watch Nike Edition,884,Wearable
"2020-01-16",7,MacBook Pro 14-inch,768,Laptop
"2024-07-07",3,MagSafe Charger,1744,Accessories
"2024-08-10",9,iMac Pro,1081,Desktop
"2021-04-28",10,iPhone 14 Plus,1259,Smartphone
"2021-04-09",10,Apple Watch Series 6,462,Wearable
"2022-03-31",1,HomePod,1202,Smart Speaker
"2023-03-03",3,iMac Pro,1081,Desktop
"2023-06-23",4,Mac Pro (Tower),458,Desktop
"2020-12-03",5,iPhone 12 Pro Max,544,Smartphone
"2023-11-14",2,iMac 27-inch,1918,Desktop
"2021-10-05",4,iPhone 14 Pro Max,678,Smartphone
"2024-01-02",7,iPad Air (5th Generation),1591,Tablet
"2021-01-03",9,HomePod mini,266,Smart Speaker
"2024-01-09",3,Apple Watch Series 6,462,Wearable
"2023-01-17",8,Apple Watch Series 8,1631,Wearable
"2023-09-16",4,iPhone 13 Pro Max,820,Smartphone
"2024-04-08",9,iPhone 14 Pro Max,678,Smartphone
"2023-02-17",1,Mac Pro (2023),681,Desktop
"2021-05-18",7,Beats Studio Buds,762,Audio
"2022-05-17",10,iPad mini (6th Generation),573,Tablet
"2021-03-20",5,iPhone 13 Pro,308,Smartphone
"2023-01-07",7,Mac Studio,613,Desktop
"2021-11-05",9,iPhone 12 Pro,1342,Smartphone
"2021-07-01",6,iMac 27-inch,1918,Desktop
"2022-01-15",8,iPad mini (6th Generation),573,Tablet
"2022-11-11",2,iMac with Retina Display,343,Desktop
"2022-09-06",3,Beats Fit Pro,1839,Audio
"2021-03-24",10,Apple Watch Hermès,1712,Wearable
"2022-08-07",1,MacBook,1149,Laptop
"2022-12-18",1,Mac Pro (2023),681,Desktop
"2022-12-09",8,Mac Pro (Tower),458,Desktop
"2021-09-17",10,Apple Arcade,549,Subscription Service
"2023-06-27",9,HomePod,1202,Smart Speaker
"2024-11-07",7,Apple Watch Series 6,462,Wearable
"2021-08-30",3,MacBook (Retina),231,Laptop
"2021-08-09",7,Apple Watch Hermès,1712,Wearable
"2021-03-08",7,Mac Mini (M2),874,Desktop
"2021-03-19",7,iPad (9th Generation),1949,Tablet
"2024-08-07",7,Smart Keyboard Folio,572,Accessories
"2022-06-22",3,iMac 27-inch,1918,Desktop
"2022-02-19",10,Magic Keyboard,368,Accessories
"2022-12-02",3,MacBook Air (Retina),1847,Laptop
"2022-04-23",8,Apple Pencil (1st Generation),925,Accessories
"2020-08-25",7,AirPods Max,1603,Audio
"2024-07-16",4,AirPods (3rd Generation),1842,Audio
"2020-06-05",10,MacBook Air (Retina),1847,Laptop
"2020-06-18",7,Apple News+,253,Subscription Service
"2022-09-30",9,iPhone 14 Plus,1259,Smartphone
"2020-07-20",4,AirPods (3rd Generation),1842,Audio
"2020-02-15",5,Magic Trackpad,1242,Accessories
"2020-02-12",8,Apple TV 4K,1255,Streaming Device
"2020-02-19",1,MacBook Air (M1),1783,Laptop
"2020-02-13",4,iPhone 12 Pro,1342,Smartphone
"2021-01-17",6,Apple Watch SE,1546,Wearable
"2020-04-10",8,iPhone 13,623,Smartphone
"2020-03-21",10,Mac Pro (Tower),458,Desktop
"2024-03-11",4,MagSafe Battery Pack,1389,Accessories
"2022-04-21",5,Apple Watch Series 7,1431,Wearable
"2023-03-05",2,iPhone 12 mini,1607,Smartphone
"2024-03-21",9,Apple Watch Series 9,1014,Wearable
"2023-06-06",3,iPhone 13 Pro,308,Smartphone
"2023-01-30",9,HomePod,1202,Smart Speaker
"2020-02-17",3,iPad Pro (M2),1826,Tablet
"2021-12-07",5,Mac Pro (Rack),1415,Desktop
"2021-04-18",2,iPhone 12 Pro,1342,Smartphone
"2023-01-09",8,Apple Watch Nike Edition,884,Wearable
"2023-04-05",4,iPad Pro (M1),1329,Tablet
"2023-05-31",4,Leather Case for iPhone,866,Accessories
"2020-05-12",5,iPhone 13,623,Smartphone
"2021-07-07",5,AirPods Pro (2nd Generation),696,Audio
"2022-04-10",8,iMac 24-inch,449,Desktop
"2022-11-04",3,Magic Keyboard with Touch ID,1162,Accessories
"2020-09-03",3,Apple Watch Series 8,1631,Wearable
"2024-06-22",10,iPad Pro 11-inch,1761,Tablet
"2021-05-22",5,Apple Watch Series 9,1014,Wearable
"2024-07-02",7,Apple TV+,404,Subscription Service
"2020-02-03",4,Apple Watch Series 9,1014,Wearable
"2024-04-24",5,iMac with Retina Display,343,Desktop
"2022-05-18",6,HomePod mini,438,Audio
"2020-11-20",4,Leather Case for iPhone,866,Accessories
"2023-06-08",9,iPhone 12 Pro,1342,Smartphone
"2023-04-20",4,HomePod,1202,Smart Speaker
"2023-07-12",8,iCloud,1181,Subscription Service
"2021-07-24",6,MacBook Air (Retina),1847,Laptop
"2023-08-12",6,iPad mini (5th Generation),1912,Tablet
"2021-11-20",10,MacBook (Retina),231,Laptop
"2021-05-13",5,iPad Air (5th Generation),1591,Tablet
"2023-03-17",1,Magic Trackpad,1242,Accessories
"2020-03-11",6,Apple TV HD,1258,Streaming Device
"2023-12-18",6,Apple TV+,404,Subscription Service
"2023-05-24",10,AirPods (3rd Generation),1842,Audio
"2023-12-19",8,Smart Cover for iPad,1014,Accessories
"2024-01-05",2,MacBook Air (Retina),1847,Laptop
"2020-11-07",1,MacBook Air (M1),1783,Laptop
"2021-11-28",3,MagSafe Battery Pack,1389,Accessories
"2024-06-04",9,HomePod,1202,Smart Speaker
"2023-11-30",1,MacBook (Retina),231,Laptop
"2020-01-06",4,Smart Keyboard Folio,572,Accessories
"2023-08-28",1,Apple TV (3rd Generation),477,Streaming Device
"2022-10-13",3,HomePod,1202,Smart Speaker
"2022-10-12",4,MacBook (Retina),231,Laptop
"2022-10-25",8,iMac with Retina Display,343,Desktop
"2020-01-31",6,iPad Air (4th Generation),952,Tablet
"2022-09-11",3,MacBook (Early 2015),741,Laptop
"2020-05-28",6,iPhone 14 Pro Max,678,Smartphone
"2023-11-15",4,Apple Pencil (2nd Generation),1506,Accessories
"2023-08-16",10,AirPods (3rd Generation),1842,Audio
"2022-01-01",9,Apple Watch Nike Edition,884,Wearable
"2021-09-28",8,MacBook (Early 2015),741,Laptop
"2022-05-03",3,Beats Powerbeats Pro,1060,Audio
"2022-02-09",1,MacBook (Retina),231,Laptop
"2022-10-13",7,iPad Air (5th Generation),1591,Tablet
"2022-03-24",8,iPad Pro 11-inch,1761,Tablet
"2024-07-20",1,AirTag,677,Accessories
"2020-02-15",6,iPhone SE (3rd Generation),923,Smartphone
"2024-01-06",3,Magic Trackpad,1242,Accessories
"2024-07-30",8,AirPods Pro (2nd Generation),696,Audio
"2022-05-11",6,Leather Case for iPhone,866,Accessories
"2022-03-05",8,AirTag,677,Accessories
"2020-02-01",3,Apple Watch Series 7,1431,Wearable
"2024-08-28",10,iPhone 14 Pro Max,678,Smartphone
"2023-01-18",3,MacBook Air (M1),1783,Laptop
"2022-10-22",4,iPhone 14 Pro Max,678,Smartphone
"2022-10-08",7,iPad Pro (M2),1826,Tablet
"2022-08-13",2,iPhone 12,1436,Smartphone
"2022-03-15",2,iPad mini (5th Generation),1912,Tablet
"2022-02-05",10,iPhone 12 Pro Max,544,Smartphone
"2024-02-08",2,iPhone 13,623,Smartphone
"2022-10-03",10,Apple TV (3rd Generation),477,Streaming Device
"2021-02-24",1,AirTag,677,Accessories
"2021-09-11",4,Apple Watch Series 7,1431,Wearable
"2022-05-14",2,Apple TV HD,1258,Streaming Device
"2021-10-11",5,MacBook Pro 16-inch,1179,Laptop
"2021-07-19",4,iPad Pro 11-inch,1761,Tablet
"2020-08-23",5,Mac Pro (Rack),1415,Desktop
"2020-01-10",6,Magic Keyboard,368,Accessories
"2020-05-27",1,iPhone SE (3rd Generation),923,Smartphone
"2020-04-13",3,Apple TV HD,1258,Streaming Device
"2023-01-10",3,HomePod mini,266,Smart Speaker
"2022-03-23",9,Mac Mini,555,Desktop
"2024-06-24",5,iPhone 14 Pro,1380,Smartphone
"2024-04-04",3,Mac Studio,613,Desktop
"2020-03-08",1,iPad mini (6th Generation),573,Tablet
"2023-10-06",5,iPad Air (4th Generation),952,Tablet
"2022-07-21",8,Mac Studio,613,Desktop
"2020-03-13",3,iPhone 12 mini,1607,Smartphone
"2022-11-15",6,AirPods Pro (2nd Generation),696,Audio
"2021-12-28",10,Magic Trackpad,1242,Accessories
"2024-10-22",5,HomePod,1202,Smart Speaker
"2023-06-03",1,iPad Air (5th Generation),1591,Tablet
"2021-02-14",9,iPad (9th Generation),1949,Tablet
"2023-03-07",4,AirPods (2nd Generation),504,Audio
"2021-05-14",5,iPhone 13 mini,1092,Smartphone
"2024-04-02",6,Lightning to USB Cable,1434,Accessories
"2020-02-07",9,Smart Keyboard Folio,572,Accessories
"2023-05-08",9,Apple Music,1965,Subscription Service
"2022-07-30",7,AirPods Pro (2nd Generation),696,Audio
"2022-11-07",5,HomePod mini,438,Audio
"2020-09-10",2,Apple Music,1965,Subscription Service
"2023-07-24",3,Beats Fit Pro,1839,Audio
"2021-11-24",9,AirPods Max,1603,Audio
"2021-07-04",7,HomePod mini,438,Audio
"2020-10-25",8,iPhone 14 Pro,1380,Smartphone
"2020-08-10",4,iPhone 12,1436,Smartphone
"2020-05-19",10,iPad Pro 11-inch,1761,Tablet
"2021-06-18",5,Beats Fit Pro,1839,Audio
"2024-07-07",4,Magic Trackpad,1242,Accessories
"2020-12-09",1,MacBook Pro 13-inch,1351,Laptop
"2023-08-06",9,iCloud,1181,Subscription Service
"2023-04-22",6,Apple TV (3rd Generation),477,Streaming Device
"2021-10-25",7,Mac Pro (Tower),458,Desktop
"2020-04-07",1,Magic Trackpad,1242,Accessories
"2022-10-31",10,Apple Watch Series 8,1631,Wearable
"2023-08-17",4,Apple Music,1965,Subscription Service
"2023-10-12",1,Magic Trackpad,1242,Accessories
"2020-08-06",1,iPad Air (4th Generation),952,Tablet
"2021-09-04",7,Smart Keyboard Folio,572,Accessories
"2022-12-19",7,HomePod mini,266,Smart Speaker
"2021-10-02",4,iPhone 12,1436,Smartphone
"2020-09-26",1,Beats Studio Buds,762,Audio
"2022-03-16",8,Apple TV HD,1258,Streaming Device
"2021-06-18",6,iPad Pro (M2),1826,Tablet
"2022-02-08",2,iPhone 13 Pro,308,Smartphone
"2022-01-03",8,iPhone 13 mini,1092,Smartphone
"2024-09-23",10,MacBook (Retina),231,Laptop
"2022-01-27",3,Silicone Case for iPhone,1210,Accessories
"2022-04-09",1,MacBook Air (M1),1783,Laptop
"2021-05-14",6,Apple Watch Hermès,1712,Wearable
"2021-06-12",3,iPhone 14,1476,Smartphone
"2020-09-09",7,Apple Pencil (1st Generation),925,Accessories
"2021-07-30",8,iPad mini (6th Generation),573,Tablet
"2021-10-28",3,Apple Music,1965,Subscription Service
"2020-04-21",4,iMac 24-inch,449,Desktop
"2024-10-12",3,iMac Pro,1081,Desktop
"2024-08-13",8,iPhone SE (3rd Generation),923,Smartphone
"2023-12-13",7,Lightning to USB Cable,1434,Accessories
"2022-07-16",6,iPad Pro (M1),1329,Tablet
"2022-05-08",8,Silicone Case for iPhone,1210,Accessories
"2021-12-03",9,iPad mini (6th Generation),573,Tablet
"2021-06-04",4,Mac Mini (M2),874,Desktop
"2021-04-16",10,Apple TV (3rd Generation),477,Streaming Device
"2022-10-13",6,Beats Solo Pro,1773,Audio
"2020-10-09",5,Silicone Case for iPhone,1210,Accessories
"2021-05-21",2,MacBook (Early 2015),741,Laptop
"2022-11-15",1,iPhone 13 Pro,308,Smartphone
"2020-06-23",9,iMac 27-inch,1918,Desktop
"2020-03-21",7,AirTag,677,Accessories
"2024-03-08",7,Beats Solo Pro,1773,Audio
"2022-02-12",2,Apple Watch Hermès,1712,Wearable
"2021-09-04",10,iPad Pro (M2),1826,Tablet
"2021-12-23",8,MacBook (Retina),231,Laptop
"2024-11-12",4,Mac Pro (2023),681,Desktop
"2023-03-16",1,iPhone 13 mini,1092,Smartphone
"2024-09-24",1,Smart Keyboard Folio,572,Accessories
"2020-11-27",4,MacBook Air (Retina),1847,Laptop
"2024-07-18",4,AirPods Pro (2nd Generation),696,Audio
"2021-05-22",6,Apple Pencil (1st Generation),925,Accessories
"2020-10-02",4,Magic Keyboard,368,Accessories
"2022-10-16",5,Silicone Case for iPhone,1210,Accessories
"2020-05-24",8,Smart Keyboard Folio,572,Accessories
"2021-09-20",9,Mac Mini (M2),874,Desktop
"2023-08-18",1,Apple Watch Series 5,1296,Wearable
"2022-06-27",10,Apple Watch Series 8,1631,Wearable
"2023-08-17",2,iPhone SE (3rd Generation),923,Smartphone
"2023-04-02",6,Silicone Case for iPhone,1210,Accessories
"2020-06-26",4,Apple Pencil (2nd Generation),1506,Accessories
"2023-05-13",9,iPhone 14 Pro Max,678,Smartphone
"2022-11-24",1,iMac with Retina Display,343,Desktop
"2023-10-21",10,HomePod (2nd Generation),689,Audio
"2022-09-14",3,Magic Trackpad,1242,Accessories
"2021-12-23",8,iPhone 13,623,Smartphone
"2022-08-12",5,Beats Powerbeats Pro,1060,Audio
"2022-03-24",6,Apple Fitness+,923,Subscription Service
"2021-04-09",9,HomePod,1202,Smart Speaker
"2022-06-07",10,Apple TV 4K,1255,Streaming Device
"2022-08-19",8,HomePod,1202,Smart Speaker
"2020-12-13",9,Silicone Case for iPhone,1210,Accessories
"2024-09-06",1,MacBook Air (Retina),1847,Laptop
"2023-06-10",4,iPhone SE (3rd Generation),923,Smartphone
"2020-03-02",6,Apple Watch Series 5,1296,Wearable
"2023-03-10",3,AirPods (3rd Generation),1842,Audio
"2020-07-18",6,Apple Watch Ultra,346,Wearable
"2022-11-03",4,HomePod,1202,Smart Speaker
"2020-07-14",10,Apple TV+,404,Subscription Service
"2024-01-23",10,Apple Watch Series 6,462,Wearable
"2022-05-03",1,Apple TV HD,1258,Streaming Device
"2023-09-11",10,Apple Arcade,549,Subscription Service
"2024-05-29",4,Smart Keyboard Folio,572,Accessories
"2023-06-06",9,Beats Fit Pro,1839,Audio
"2024-05-14",9,Leather Case for iPhone,866,Accessories
"2021-03-13",9,iMac with Retina Display,343,Desktop
"2022-10-24",10,MacBook Air (M2),1588,Laptop
"2022-07-16",2,Apple Pencil (1st Generation),925,Accessories
"2024-06-11",10,AirPods Max,1603,Audio
"2024-08-21",2,Apple Watch SE,1546,Wearable
"2024-01-03",3,Apple Watch Hermès,1712,Wearable
"2024-10-19",4,Apple Fitness+,923,Subscription Service
"2024-01-15",8,Smart Cover for iPad,1014,Accessories
"2021-04-28",2,Apple Watch Series 5,1296,Wearable
"2021-04-26",6,HomePod,1202,Smart Speaker
"2024-05-31",9,AirTag,677,Accessories
"2022-03-03",10,Beats Solo Pro,1773,Audio
"2021-10-16",2,Apple One,488,Subscription Service
"2022-12-14",5,Apple TV (3rd Generation),477,Streaming Device
"2023-01-26",8,Apple Watch Series 6,462,Wearable
"2023-05-12",5,Apple TV HD,1258,Streaming Device
"2024-08-11",8,iPad Pro (M1),1329,Tablet
"2022-10-09",10,iPhone 12 Pro,1342,Smartphone
"2021-03-26",6,AirPods Max,1603,Audio
"2024-10-21",2,Magic Mouse,313,Accessories
"2023-09-03",9,AirPods Pro (2nd Generation),696,Audio
"2022-05-12",1,MagSafe Battery Pack,1389,Accessories
"2024-06-25",6,Apple Watch Hermès,1712,Wearable
"2022-09-21",1,Leather Case for iPhone,866,Accessories
"2023-04-17",2,Apple Watch Series 7,1431,Wearable
"2024-03-17",3,Mac Mini,555,Desktop
"2023-10-05",6,Apple Music,1965,Subscription Service
"2022-11-01",1,Magic Keyboard,368,Accessories
"2022-05-22",1,Lightning to USB Cable,1434,Accessories
"2020-09-16",7,iPad Pro (M1),1329,Tablet
"2020-05-24",8,Mac Studio,613,Desktop
"2020-08-09",10,Mac Mini,555,Desktop
"2024-07-08",2,Apple Watch Series 6,462,Wearable
"2021-06-25",1,MacBook (Early 2015),741,Laptop
"2021-08-12",8,Apple Arcade,549,Subscription Service
"2022-06-18",7,AirPods (2nd Generation),504,Audio
"2023-05-06",9,Mac Studio,613,Desktop
"2023-06-04",7,iPad Pro 12.9-inch,1167,Tablet
"2024-06-19",3,Apple Pencil (2nd Generation),1506,Accessories
"2023-11-03",8,iMac with Retina Display,343,Desktop
"2021-12-05",8,Apple Watch Series 5,1296,Wearable
"2024-01-26",8,MacBook Air (M1),1783,Laptop
"2022-06-15",8,iPhone 13 mini,1092,Smartphone
"2023-11-19",9,Lightning to USB Cable,1434,Accessories
"2022-02-04",7,Mac Pro (2023),681,Desktop
"2023-08-10",9,iPhone 14 Pro Max,678,Smartphone
"2022-01-02",9,Apple Watch Ultra,346,Wearable
"2023-12-31",9,iPhone 14 Plus,1259,Smartphone
"2021-08-26",9,iPhone 14,1476,Smartphone
"2022-11-16",7,Magic Mouse,313,Accessories
"2024-08-17",9,iPhone 14 Plus,1259,Smartphone
"2023-04-01",10,iPad Air (4th Generation),952,Tablet
"2020-06-01",1,Apple Watch Ultra,346,Wearable
"2022-05-09",10,Apple News+,253,Subscription Service
"2023-06-13",3,iPad Pro (M2),1826,Tablet
"2022-11-24",2,MacBook Pro 13-inch,1351,Laptop
"2024-09-25",2,Smart Keyboard Folio,572,Accessories
"2022-04-11",8,iMac with Retina Display,343,Desktop
"2022-04-09",9,Apple Watch Ultra,346,Wearable
"2021-08-07",10,Apple Music,1965,Subscription Service
"2020-02-11",8,iPhone 13 mini,1092,Smartphone
"2023-01-05",10,Beats Powerbeats Pro,1060,Audio
"2020-06-12",4,Mac Mini,555,Desktop
"2023-06-15",10,Apple Watch Series 7,1431,Wearable
"2021-10-21",10,Magic Mouse,313,Accessories
"2024-05-29",4,MacBook (Retina),231,Laptop
"2023-05-03",2,Mac Pro (Tower),458,Desktop
"2024-07-10",7,Apple Watch Series 9,1014,Wearable
"2020-05-24",7,iPhone 12 mini,1607,Smartphone
"2023-01-13",2,Mac Mini,555,Desktop
"2022-07-01",1,Apple Fitness+,923,Subscription Service
"2023-10-30",7,MacBook Pro (Touch Bar),1304,Laptop
"2020-02-04",8,iPhone 13 Pro Max,820,Smartphone
"2023-08-11",2,Apple Watch Series 7,1431,Wearable
"2023-05-19",5,HomePod,1202,Smart Speaker
"2023-08-31",2,iPad mini (6th Generation),573,Tablet
"2021-03-22",8,Silicone Case for iPhone,1210,Accessories
"2023-04-05",6,Apple Arcade,549,Subscription Service
"2020-11-03",2,iPad Pro 12.9-inch,1167,Tablet
"2023-03-02",4,Apple Watch Series 8,1631,Wearable
"2022-03-15",6,AirPods Max,1603,Audio
"2022-03-14",4,MacBook (Early 2015),741,Laptop
"2020-12-02",4,iMac Pro,1081,Desktop
"2020-11-08",10,Apple Watch Hermès,1712,Wearable
"2021-05-08",6,MagSafe Charger,1744,Accessories
"2024-08-03",2,Apple Watch Series 6,462,Wearable
"2022-09-03",9,iPhone 12 mini,1607,Smartphone
"2022-04-30",7,Leather Case for iPhone,866,Accessories
"2021-10-22",2,HomePod mini,438,Audio
"2023-02-10",4,iPhone 12 mini,1607,Smartphone
"2024-02-25",3,iPad (10th Generation),1735,Tablet
"2021-08-06",10,MagSafe Charger,1744,Accessories
"2023-07-31",3,Mac Pro (2023),681,Desktop
"2021-11-09",5,MacBook Pro 14-inch,768,Laptop
"2020-03-08",7,MagSafe Charger,1744,Accessories
"2024-03-09",4,iPad Pro (M2),1826,Tablet
"2022-09-03",3,Beats Studio Buds,762,Audio
"2020-05-05",4,MacBook Air (Retina),1847,Laptop
"2024-09-11",10,iPad Air (5th Generation),1591,Tablet
"2022-12-01",4,iPhone 12 Pro,1342,Smartphone
"2021-08-19",7,Apple One,488,Subscription Service
"2020-08-27",7,Apple TV HD,1258,Streaming Device
"2023-11-04",10,Beats Powerbeats Pro,1060,Audio
"2023-06-02",2,iPad Pro (M1),1329,Tablet
"2021-06-05",5,iPhone 14 Pro,1380,Smartphone
"2020-07-20",9,Mac Pro (Rack),1415,Desktop
"2021-10-11",9,iMac 27-inch,1918,Desktop
"2022-05-02",9,iPad Pro 11-inch,1761,Tablet
"2020-08-25",5,Lightning to USB Cable,1434,Accessories
"2020-02-26",10,iPhone 12 mini,1607,Smartphone
"2023-05-15",10,MacBook Pro 13-inch,1351,Laptop
"2024-07-27",9,MacBook Air (Retina),1847,Laptop
"2023-05-26",10,MacBook Pro (Touch Bar),1304,Laptop
"2022-09-17",4,Magic Trackpad,1242,Accessories
"2021-10-16",2,iPhone 14,1476,Smartphone
"2020-07-03",1,AirPods Pro,1167,Audio
"2024-05-03",3,AirPods (3rd Generation),1842,Audio
"2020-07-30",2,Apple Watch Nike Edition,884,Wearable
"2021-01-06",6,iPad Pro (M2),1826,Tablet
"2021-05-12",5,iPad Air (4th Generation),952,Tablet
"2023-12-29",3,Apple TV 4K,1255,Streaming Device
"2022-01-27",6,iMac 27-inch,1918,Desktop
"2022-07-31",9,iPhone 12,1436,Smartphone
"2022-06-03",9,AirPods (2nd Generation),504,Audio
"2020-08-21",9,Apple Watch Nike Edition,884,Wearable
"2020-05-25",10,iMac Pro,1081,Desktop
"2023-05-08",7,iPhone 12 Pro Max,544,Smartphone
"2022-12-18",2,iPad Air (4th Generation),952,Tablet
"2022-10-12",4,Apple TV HD,1258,Streaming Device
"2020-05-25",8,Silicone Case for iPhone,1210,Accessories
"2021-06-08",6,iPhone 12 mini,1607,Smartphone
"2022-02-27",8,AirPods Pro,1167,Audio
"2022-01-09",2,MacBook (Retina),231,Laptop
"2024-05-24",1,iPhone 14 Plus,1259,Smartphone
"2023-03-02",5,Mac Pro (Rack),1415,Desktop
"2023-11-07",2,iPad (10th Generation),1735,Tablet
"2022-05-05",9,iPhone 13,623,Smartphone
"2021-06-13",9,MagSafe Battery Pack,1389,Accessories
"2022-12-06",3,Lightning to USB Cable,1434,Accessories
"2020-04-22",4,HomePod mini,438,Audio
"2023-04-29",10,AirPods (2nd Generation),504,Audio
"2023-04-29",4,Apple Watch Ultra,346,Wearable
"2021-08-21",4,Mac Studio,613,Desktop
"2023-10-24",8,Mac Pro (2023),681,Desktop
"2021-02-05",9,MacBook Air (M1),1783,Laptop
"2023-04-21",2,Magic Keyboard with Touch ID,1162,Accessories
"2020-01-29",1,MacBook Air (M2),1588,Laptop
"2022-03-28",5,iPhone 13,623,Smartphone
"2020-10-17",6,Smart Keyboard Folio,572,Accessories
"2020-10-08",9,iPhone 13 Pro,308,Smartphone
"2020-01-13",7,Magic Trackpad,1242,Accessories
"2022-04-21",3,iPad (10th Generation),1735,Tablet
"2024-06-19",10,iPhone 13 mini,1092,Smartphone
"2020-07-22",5,iPad mini (6th Generation),573,Tablet
"2022-01-31",1,MagSafe Charger,1744,Accessories
"2024-01-18",2,iMac 27-inch,1918,Desktop
"2021-01-12",5,Apple Pencil (2nd Generation),1506,Accessories
"2021-12-03",4,Apple Watch Ultra,346,Wearable
"2023-06-21",10,iMac 24-inch,449,Desktop
"2020-12-27",3,Mac Pro (Tower),458,Desktop
"2020-10-08",4,HomePod (2nd Generation),689,Audio
"2020-04-19",6,Magic Mouse,313,Accessories
"2020-08-16",5,iPhone 12 Pro,1342,Smartphone
"2023-11-01",4,iPhone SE (3rd Generation),923,Smartphone
"2020-05-20",9,Apple Watch Hermès,1712,Wearable
"2020-10-21",10,iPad Pro (M2),1826,Tablet
"2021-05-19",6,MacBook (Retina),231,Laptop
"2022-03-05",5,iPhone 14,1476,Smartphone
"2021-07-07",3,Beats Studio Buds,762,Audio
"2021-06-18",6,iPad (9th Generation),1949,Tablet
"2023-03-19",9,iPad Pro 11-inch,1761,Tablet
"2024-10-27",7,iPhone 12 Pro Max,544,Smartphone
"2020-01-08",1,HomePod mini,266,Smart Speaker
"2024-11-08",2,Apple TV (3rd Generation),477,Streaming Device
"2020-06-13",6,iPhone 12 Pro,1342,Smartphone
"2021-03-03",10,iPhone 12,1436,Smartphone
"2023-11-22",2,Silicone Case for iPhone,1210,Accessories
"2021-02-06",10,iPad Pro 11-inch,1761,Tablet
"2022-01-11",1,iPad Pro (M2),1826,Tablet
"2024-08-10",9,AirTag,677,Accessories
"2024-08-22",5,Apple Watch Series 7,1431,Wearable
"2023-11-24",8,Magic Mouse,313,Accessories
"2024-03-13",7,Smart Keyboard Folio,572,Accessories
"2024-03-07",6,Beats Powerbeats Pro,1060,Audio
"2023-01-15",1,iCloud,1181,Subscription Service
"2023-05-05",5,Magic Keyboard,368,Accessories
"2021-07-17",3,HomePod (2nd Generation),689,Audio
"2021-10-11",6,iPhone 14 Plus,1259,Smartphone
"2024-02-29",10,iCloud,1181,Subscription Service
"2022-10-03",4,MacBook Pro 16-inch,1179,Laptop
"2020-05-21",5,iPhone 12 Pro,1342,Smartphone
"2021-02-21",2,iMac Pro,1081,Desktop
"2022-12-08",2,iPhone 12 Pro,1342,Smartphone
"2020-04-09",9,Mac Mini (M2),874,Desktop
"2022-03-31",8,HomePod (2nd Generation),689,Audio
"2021-10-24",9,Beats Powerbeats Pro,1060,Audio
"2021-11-17",8,iPhone 12 Pro,1342,Smartphone
"2020-01-11",6,Smart Cover for iPad,1014,Accessories
"2024-01-18",8,iPad mini (5th Generation),1912,Tablet
"2022-09-22",8,iMac with Retina Display,343,Desktop
"2023-03-29",9,iPhone 13 mini,1092,Smartphone
"2021-03-11",9,Mac Pro (Rack),1415,Desktop
"2021-07-07",5,MacBook Air (M1),1783,Laptop
"2024-03-10",7,Apple Arcade,549,Subscription Service
"2022-01-12",3,MacBook Pro 14-inch,768,Laptop
"2020-09-25",10,Apple Watch Series 7,1431,Wearable
"2024-10-14",9,iPad Pro (M1),1329,Tablet
"2024-02-12",4,HomePod mini,438,Audio
"2021-02-12",1,Apple TV HD,1258,Streaming Device
"2020-04-02",7,MacBook Pro 13-inch,1351,Laptop
"2020-01-04",1,iPad Pro (M1),1329,Tablet
"2022-04-28",2,iPad Pro 11-inch,1761,Tablet
"2022-05-01",4,iPhone 12 mini,1607,Smartphone
"2020-07-21",4,MacBook,1149,Laptop
"2024-01-11",3,Mac Mini,555,Desktop
"2023-10-04",2,Apple Watch Series 9,1014,Wearable
"2022-02-26",5,Apple Watch Series 5,1296,Wearable
"2022-01-22",9,iPad (9th Generation),1949,Tablet
"2021-08-15",10,Mac Pro (Tower),458,Desktop
"2022-08-24",5,iMac 24-inch,449,Desktop
"2021-12-10",1,iPad Pro (M1),1329,Tablet
"2021-03-28",1,AirPods Pro (2nd Generation),696,Audio
"2022-02-20",4,iPad mini (5th Generation),1912,Tablet
"2020-02-06",2,iPhone 12 mini,1607,Smartphone
"2023-07-31",9,Apple TV 4K,1255,Streaming Device
"2021-11-02",6,iPhone 14 Plus,1259,Smartphone
"2022-05-23",8,MagSafe Charger,1744,Accessories
"2024-05-11",8,Magic Keyboard with Touch ID,1162,Accessories
"2023-06-30",6,AirPods (2nd Generation),504,Audio
"2020-12-20",1,MacBook (Retina),231,Laptop
"2022-03-31",6,iPad mini (5th Generation),1912,Tablet
"2020-12-06",4,Magic Keyboard with Touch ID,1162,Accessories
"2020-06-13",10,iPhone 14 Pro Max,678,Smartphone
"2023-08-02",2,iPad (10th Generation),1735,Tablet
"2023-12-13",4,iPhone 13 Pro Max,820,Smartphone
"2020-10-25",1,MacBook Pro (Touch Bar),1304,Laptop
"2023-04-15",4,iPhone SE (3rd Generation),923,Smartphone
"2023-07-24",6,MagSafe Battery Pack,1389,Accessories
"2024-01-31",1,Apple Watch Series 8,1631,Wearable
"2022-04-07",4,MacBook Air (M1),1783,Laptop
"2023-01-26",5,iPad Pro 11-inch,1761,Tablet
"2021-05-29",10,iPad (9th Generation),1949,Tablet
"2024-11-04",6,iCloud,1181,Subscription Service
"2020-08-23",10,Silicone Case for iPhone,1210,Accessories
"2020-03-29",8,Beats Fit Pro,1839,Audio
"2020-02-08",6,Apple Watch Series 8,1631,Wearable
"2020-11-11",4,HomePod,1202,Smart Speaker
"2022-12-20",6,iPhone 14 Plus,1259,Smartphone
"2024-10-17",1,iMac with Retina Display,343,Desktop
"2022-10-16",4,MacBook Air (Retina),1847,Laptop
"2024-08-02",5,Apple Watch Ultra,346,Wearable
"2022-05-28",8,Apple Watch Ultra,346,Wearable
"2020-01-22",1,Apple Watch Nike Edition,884,Wearable
"2020-09-17",8,Apple Watch Series 5,1296,Wearable
"2022-01-29",10,Apple TV (3rd Generation),477,Streaming Device
"2022-06-08",2,AirPods Max,1603,Audio
"2023-09-16",7,Apple Pencil (2nd Generation),1506,Accessories
"2022-03-29",8,Apple Watch Series 8,1631,Wearable
"2020-04-18",2,Beats Powerbeats Pro,1060,Audio
"2024-03-22",9,iPhone 12 Pro Max,544,Smartphone
"2023-12-05",2,Mac Studio,613,Desktop
"2022-01-20",10,iPhone SE (3rd Generation),923,Smartphone
"2020-12-21",8,Magic Trackpad,1242,Accessories
"2024-02-01",4,iMac 24-inch,449,Desktop
"2023-05-10",3,AirPods (2nd Generation),504,Audio
"2023-06-17",2,Apple TV+,404,Subscription Service
"2022-05-30",6,iPhone 14,1476,Smartphone
"2021-01-26",5,iCloud,1181,Subscription Service
"2022-12-30",10,HomePod,1202,Smart Speaker
"2024-08-13",10,AirPods Pro (2nd Generation),696,Audio
"2021-12-16",3,iPhone 14,1476,Smartphone
"2022-12-01",6,MacBook Pro 13-inch,1351,Laptop
"2021-05-19",8,Magic Mouse,313,Accessories
"2020-06-19",3,iMac Pro,1081,Desktop
"2020-09-30",3,Apple Watch Series 6,462,Wearable
"2024-01-17",2,Apple News+,253,Subscription Service
"2020-04-02",8,Apple Watch Series 6,462,Wearable
"2024-05-26",7,HomePod (2nd Generation),689,Audio
"2022-04-14",9,MacBook Pro 14-inch,768,Laptop
"2020-07-06",1,iPhone 14 Plus,1259,Smartphone
"2023-08-20",5,iPhone 12 Pro Max,544,Smartphone
"2024-02-29",10,Magic Keyboard,368,Accessories
"2024-02-18",5,Apple Pencil (2nd Generation),1506,Accessories
"2021-03-11",2,iPad mini (5th Generation),1912,Tablet
"2024-07-15",8,HomePod mini,266,Smart Speaker
"2024-09-20",1,Apple Watch SE,1546,Wearable
"2020-11-29",5,iPad Pro (M2),1826,Tablet
"2022-01-21",3,iPhone 14 Plus,1259,Smartphone
"2020-04-06",4,iPad Pro 11-inch,1761,Tablet
"2022-06-13",10,iPad Pro (M1),1329,Tablet
"2020-11-29",1,Apple Watch Nike Edition,884,Wearable
"2024-08-13",8,iMac with Retina Display,343,Desktop
"2021-08-01",3,Apple Watch Ultra,346,Wearable
"2024-08-01",1,HomePod,1202,Smart Speaker
"2021-02-01",8,Apple Watch Series 8,1631,Wearable
"2023-01-06",5,iCloud,1181,Subscription Service
"2020-07-21",1,Apple Watch SE,1546,Wearable
"2024-10-03",9,MacBook,1149,Laptop
"2022-07-27",3,Magic Keyboard with Touch ID,1162,Accessories
"2023-07-30",6,iPad (9th Generation),1949,Tablet
"2020-08-02",4,Apple Watch Series 8,1631,Wearable
"2022-08-13",6,MagSafe Charger,1744,Accessories
"2022-03-14",10,Apple Watch SE,1546,Wearable
"2022-05-21",5,iPad Pro (M2),1826,Tablet
"2020-01-17",9,iPad Air (5th Generation),1591,Tablet
"2022-01-15",4,MacBook Pro (Touch Bar),1304,Laptop
"2021-12-28",6,iPhone 13,623,Smartphone
"2022-03-22",2,iMac with Retina Display,343,Desktop
"2023-07-04",5,Mac Mini,555,Desktop
"2020-07-17",10,Mac Mini,555,Desktop
"2020-09-03",1,iPhone 14 Plus,1259,Smartphone
"2020-10-08",1,iPad Pro (M2),1826,Tablet
"2022-05-08",3,MagSafe Charger,1744,Accessories
"2022-06-05",1,Apple TV 4K,1255,Streaming Device
"2020-07-25",2,iPad Air (5th Generation),1591,Tablet
"2023-07-19",5,Lightning to USB Cable,1434,Accessories
"2023-02-12",7,MacBook Pro 16-inch,1179,Laptop
"2021-11-28",10,iPad Pro (M2),1826,Tablet
"2024-01-12",1,AirPods Pro,1167,Audio
"2024-06-25",7,iPhone 12 mini,1607,Smartphone
"2024-01-19",4,Magic Mouse,313,Accessories
"2020-08-04",2,Apple Watch Series 8,1631,Wearable
"2022-10-17",1,iPhone 12,1436,Smartphone
"2024-10-12",5,iPhone 12 mini,1607,Smartphone
"2020-01-25",4,iPad Air (4th Generation),952,Tablet
"2020-01-20",10,Apple Arcade,549,Subscription Service
"2023-11-20",1,iMac Pro,1081,Desktop
"2023-08-20",6,MacBook Pro 16-inch,1179,Laptop
"2023-10-29",10,iPad Air (5th Generation),1591,Tablet
"2023-10-11",3,Lightning to USB Cable,1434,Accessories
"2024-04-13",7,MacBook Pro 14-inch,768,Laptop
"2024-04-10",8,Apple Pencil (2nd Generation),1506,Accessories
"2024-03-13",1,Apple Watch Series 8,1631,Wearable
"2024-08-27",4,Apple Watch Series 9,1014,Wearable
"2020-04-29",2,HomePod mini,266,Smart Speaker
"2023-07-29",6,Beats Powerbeats Pro,1060,Audio
"2024-06-13",1,iPhone 14,1476,Smartphone
"2024-10-31",2,Mac Pro (Rack),1415,Desktop
"2020-03-28",7,Apple Watch Series 7,1431,Wearable
"2022-08-27",7,iPhone 14 Plus,1259,Smartphone
"2023-06-28",10,Magic Keyboard with Touch ID,1162,Accessories
"2023-12-15",9,MacBook Air (M1),1783,Laptop
"2020-10-04",10,MacBook Air (M2),1588,Laptop
"2022-07-21",2,Apple Watch SE,1546,Wearable
"2024-02-22",5,iPad Pro 12.9-inch,1167,Tablet
"2023-01-20",3,iPhone 12 Pro,1342,Smartphone
"2022-04-11",7,MacBook Pro 14-inch,768,Laptop
"2022-03-16",1,MacBook Air (M1),1783,Laptop
"2024-01-26",9,MacBook Pro (Touch Bar),1304,Laptop
"2023-04-22",7,AirPods Max,1603,Audio
"2022-06-08",3,AirPods (2nd Generation),504,Audio
"2021-03-13",1,Apple Watch Nike Edition,884,Wearable
"2020-02-15",3,Apple One,488,Subscription Service
"2022-10-15",3,iPad Air (4th Generation),952,Tablet
"2021-11-27",7,Apple Fitness+,923,Subscription Service
"2021-10-08",8,Apple One,488,Subscription Service
"2020-07-19",8,MacBook Pro (Touch Bar),1304,Laptop
"2024-08-14",2,Mac Pro (Tower),458,Desktop
"2024-10-18",6,Mac Mini (M2),874,Desktop
"2024-03-22",5,HomePod mini,266,Smart Speaker
"2020-03-18",10,HomePod (2nd Generation),689,Audio
"2022-05-20",10,Apple Watch Series 6,462,Wearable
"2020-04-14",3,Apple One,488,Subscription Service
"2021-11-16",7,iPhone 13 mini,1092,Smartphone
"2021-04-01",1,Apple Fitness+,923,Subscription Service
"2020-12-15",7,iPhone 12 Pro Max,544,Smartphone
"2024-08-24",6,MacBook Air (M2),1588,Laptop
"2023-04-08",4,MacBook Pro 16-inch,1179,Laptop
"2022-12-24",6,Apple Arcade,549,Subscription Service
"2020-10-21",6,MacBook Pro 13-inch,1351,Laptop
"2024-05-07",1,AirPods (2nd Generation),504,Audio
"2021-01-01",3,iPad mini (6th Generation),573,Tablet
"2020-01-11",6,iPad Pro 12.9-inch,1167,Tablet
"2023-11-07",5,AirTag,677,Accessories
"2023-09-20",10,iMac 24-inch,449,Desktop
"2021-08-08",2,Apple TV HD,1258,Streaming Device
"2020-09-16",4,iPad Pro (M2),1826,Tablet
"2023-04-30",6,Apple Watch Series 9,1014,Wearable
"2022-07-27",3,Apple Watch Series 8,1631,Wearable
"2021-02-04",2,iPhone 14 Plus,1259,Smartphone
"2021-07-16",1,Apple Watch Series 7,1431,Wearable
"2021-05-06",10,AirPods Pro (2nd Generation),696,Audio
"2023-10-23",1,HomePod mini,266,Smart Speaker
"2021-07-27",8,Mac Pro (Tower),458,Desktop
"2024-02-28",5,iPhone 13 Pro,308,Smartphone
"2023-11-25",3,iPad mini (5th Generation),1912,Tablet
"2023-08-09",9,Mac Mini (M2),874,Desktop
"2021-12-28",3,MagSafe Charger,1744,Accessories
"2023-02-07",6,iPad mini (6th Generation),573,Tablet
"2023-06-22",7,HomePod (2nd Generation),689,Audio
"2023-04-22",8,iMac 27-inch,1918,Desktop
"2024-09-13",1,HomePod mini,438,Audio
"2023-01-15",1,Beats Studio Buds,762,Audio
"2020-03-05",9,Apple TV+,404,Subscription Service
"2021-02-17",6,MacBook,1149,Laptop
"2023-10-20",4,iPhone SE (3rd Generation),923,Smartphone
"2024-02-20",5,MacBook Pro 14-inch,768,Laptop
"2022-07-30",8,HomePod mini,438,Audio
"2023-08-29",6,Lightning to USB Cable,1434,Accessories
"2024-05-20",7,MacBook Pro 13-inch,1351,Laptop
"2023-02-03",1,Smart Keyboard Folio,572,Accessories
"2024-01-05",5,MagSafe Charger,1744,Accessories
"2021-02-26",8,iMac with Retina Display,343,Desktop
"2020-07-04",3,Smart Keyboard Folio,572,Accessories
"2021-07-31",10,iPad (10th Generation),1735,Tablet
"2023-11-10",9,iPad Air (4th Generation),952,Tablet
"2024-05-12",6,iMac with Retina Display,343,Desktop
"2022-10-25",9,iPhone 13 mini,1092,Smartphone
"2022-07-29",5,MacBook (Early 2015),741,Laptop
"2022-05-29",6,HomePod,1202,Smart Speaker
"2023-08-29",3,iPhone 14,1476,Smartphone
"2022-05-24",10,HomePod mini,438,Audio
"2020-12-25",6,Smart Keyboard Folio,572,Accessories
"2020-12-30",10,Apple Watch Hermès,1712,Wearable
"2024-09-08",2,Apple Watch Nike Edition,884,Wearable
"2021-08-26",2,Mac Pro (Rack),1415,Desktop
"2024-07-02",10,AirPods (3rd Generation),1842,Audio
"2020-08-31",10,AirTag,677,Accessories
"2021-12-30",6,HomePod mini,266,Smart Speaker
"2024-09-22",6,iMac 24-inch,449,Desktop
"2022-10-12",9,AirPods Pro (2nd Generation),696,Audio
"2020-12-16",9,Apple One,488,Subscription Service
"2024-10-16",9,iPad Pro (M1),1329,Tablet
"2024-06-28",7,MacBook Pro 14-inch,768,Laptop
"2023-06-15",7,Apple TV 4K,1255,Streaming Device
"2023-02-21",10,iPad Pro 12.9-inch,1167,Tablet
"2023-03-28",8,Apple Watch Series 9,1014,Wearable
"2023-09-25",7,iPad Air (4th Generation),952,Tablet
"2022-10-09",5,iPad mini (5th Generation),1912,Tablet
"2021-01-30",2,iPhone 12 Pro Max,544,Smartphone
"2020-01-04",7,iPhone 12 mini,1607,Smartphone
"2021-05-19",4,MacBook Pro 16-inch,1179,Laptop
"2023-03-30",4,iPad Pro 11-inch,1761,Tablet
"2022-03-25",10,Apple One,488,Subscription Service
"2021-07-09",8,Apple TV (3rd Generation),477,Streaming Device
"2022-03-05",2,iPhone 12,1436,Smartphone
"2023-04-10",4,MacBook (Early 2015),741,Laptop
"2024-09-23",7,iMac with Retina Display,343,Desktop
"2022-10-06",3,iPad Air (5th Generation),1591,Tablet
"2023-06-11",4,AirPods Max,1603,Audio
"2020-10-09",3,Mac Studio,613,Desktop
"2022-12-25",10,iPad Pro 11-inch,1761,Tablet
"2022-03-25",5,Apple Watch Series 7,1431,Wearable
"2022-09-17",4,AirTag,677,Accessories
"2024-04-14",6,Apple Pencil (1st Generation),925,Accessories
"2021-06-20",9,MacBook Air (Retina),1847,Laptop
"2021-09-06",4,Apple Pencil (1st Generation),925,Accessories
"2020-12-15",8,iPhone 13 Pro Max,820,Smartphone
"2020-04-02",6,iPhone 14 Pro Max,678,Smartphone
"2020-01-19",8,iPhone 14 Plus,1259,Smartphone
"2021-12-10",1,Magic Keyboard with Touch ID,1162,Accessories
"2021-10-18",8,Lightning to USB Cable,1434,Accessories
"2020-03-05",1,Apple TV HD,1258,Streaming Device
"2024-02-13",10,Apple Fitness+,923,Subscription Service
"2022-10-17",8,Apple Watch Series 9,1014,Wearable
"2023-01-18",1,Apple TV (3rd Generation),477,Streaming Device
"2023-01-25",9,MacBook (Early 2015),741,Laptop
"2021-06-03",3,Silicone Case for iPhone,1210,Accessories
"2021-08-31",6,MacBook Air (M1),1783,Laptop
"2022-08-08",10,Apple Watch Series 9,1014,Wearable
"2020-10-08",7,iPhone 12,1436,Smartphone
"2022-01-06",8,iPhone 13 Pro Max,820,Smartphone
"2023-03-05",3,MacBook Pro (Touch Bar),1304,Laptop
"2023-04-21",2,iPhone 13 mini,1092,Smartphone
"2020-08-10",9,Mac Mini,555,Desktop
"2020-02-18",7,Apple TV 4K,1255,Streaming Device
"2023-06-03",4,Apple TV 4K,1255,Streaming Device
"2021-12-08",2,Beats Solo Pro,1773,Audio
"2023-12-04",9,iPad Pro (M1),1329,Tablet
"2024-08-01",1,Silicone Case for iPhone,1210,Accessories
"2023-06-06",1,Beats Studio Buds,762,Audio
"2020-04-11",8,HomePod (2nd Generation),689,Audio
"2022-06-12",5,MacBook Pro (Touch Bar),1304,Laptop
"2020-10-18",1,iPad Air (5th Generation),1591,Tablet
"2023-04-04",1,MagSafe Battery Pack,1389,Accessories
"2020-09-02",3,iPhone 12 Pro Max,544,Smartphone
"2020-03-08",7,Apple TV (3rd Generation),477,Streaming Device
"2020-10-03",2,iPhone 12,1436,Smartphone
"2021-11-01",5,Mac Mini,555,Desktop
"2024-05-07",9,Apple Watch Series 9,1014,Wearable
"2024-01-22",1,iPad Air (4th Generation),952,Tablet
"2021-08-12",5,iPhone 14 Pro Max,678,Smartphone
"2022-03-08",4,iPhone 13 Pro Max,820,Smartphone
"2020-05-10",3,Smart Keyboard Folio,572,Accessories
"2022-04-25",8,Apple TV+,404,Subscription Service
"2023-06-22",3,MacBook Air (M2),1588,Laptop
"2023-08-28",2,Smart Keyboard Folio,572,Accessories
"2021-03-29",4,MacBook Pro 13-inch,1351,Laptop
"2020-07-16",2,Apple Watch Series 9,1014,Wearable
"2024-06-24",3,Apple Watch Series 9,1014,Wearable
"2020-05-02",6,Apple Watch Nike Edition,884,Wearable
"2024-10-31",1,iMac 24-inch,449,Desktop
"2023-11-23",9,MacBook Air (Retina),1847,Laptop
"2020-07-15",9,iPhone 14,1476,Smartphone
"2023-06-05",6,Leather Case for iPhone,866,Accessories
"2021-06-06",3,iPhone SE (3rd Generation),923,Smartphone
"2020-11-03",7,Apple Watch Series 7,1431,Wearable
"2021-09-02",6,iPad mini (5th Generation),1912,Tablet
"2022-07-21",8,HomePod mini,438,Audio
"2020-07-04",3,AirPods Pro (2nd Generation),696,Audio
"2024-04-13",7,Apple News+,253,Subscription Service
"2024-06-20",2,Apple TV+,404,Subscription Service
"2020-01-05",2,iPad Pro (M1),1329,Tablet
"2023-08-25",5,Beats Solo Pro,1773,Audio
"2020-06-05",2,Apple Pencil (1st Generation),925,Accessories
"2021-01-04",8,iPhone 14 Plus,1259,Smartphone
"2021-07-14",3,iPad Pro 12.9-inch,1167,Tablet
"2023-03-20",8,iPad (10th Generation),1735,Tablet
"2024-02-10",4,Beats Powerbeats Pro,1060,Audio
"2023-11-15",2,iPad Pro 11-inch,1761,Tablet
"2024-04-14",5,Apple TV+,404,Subscription Service
"2024-01-11",2,Mac Pro (Tower),458,Desktop
"2021-08-30",1,MacBook Pro (Touch Bar),1304,Laptop
"2023-07-31",4,iMac with Retina Display,343,Desktop
"2022-10-20",4,iPhone SE (3rd Generation),923,Smartphone
"2021-03-27",4,Apple Watch Nike Edition,884,Wearable
"2023-05-02",9,Lightning to USB Cable,1434,Accessories
"2023-10-16",1,Apple News+,253,Subscription Service
"2022-12-21",6,iPhone 12 Pro,1342,Smartphone
"2021-12-19",7,Apple Music,1965,Subscription Service
"2020-11-29",3,Apple Arcade,549,Subscription Service
"2021-06-26",8,Apple Watch Ultra,346,Wearable
"2023-08-23",10,MacBook Pro 14-inch,768,Laptop
"2020-04-22",2,iPad (9th Generation),1949,Tablet
"2023-03-29",5,Apple Watch Nike Edition,884,Wearable
"2021-02-05",1,Apple Watch SE,1546,Wearable
"2022-12-15",9,iPhone 13 Pro Max,820,Smartphone
"2022-04-30",9,Beats Solo Pro,1773,Audio
"2024-02-17",1,Apple TV HD,1258,Streaming Device
"2022-05-05",1,Apple TV (3rd Generation),477,Streaming Device
"2024-02-08",10,MacBook (Retina),231,Laptop
"2024-04-02",9,Smart Keyboard Folio,572,Accessories
"2023-10-12",5,iPad mini (5th Generation),1912,Tablet
"2020-05-05",10,Beats Powerbeats Pro,1060,Audio
"2022-05-24",7,MacBook (Early 2015),741,Laptop
"2020-03-30",7,iPad Pro (M1),1329,Tablet
"2021-05-01",10,iMac with Retina Display,343,Desktop
"2020-08-21",1,iPad Pro 11-inch,1761,Tablet
"2023-06-14",7,MacBook Pro (Touch Bar),1304,Laptop
"2023-11-12",5,Mac Studio,613,Desktop
"2021-11-24",9,iPhone 13 Pro,308,Smartphone
"2023-12-11",5,Apple News+,253,Subscription Service
"2020-06-26",10,iPhone 14,1476,Smartphone
"2022-10-22",2,Silicone Case for iPhone,1210,Accessories
"2022-09-05",6,iPhone 13 mini,1092,Smartphone
"2023-07-28",4,MacBook Air (M1),1783,Laptop
"2022-02-28",6,MacBook Pro 13-inch,1351,Laptop
"2022-08-22",9,iMac 24-inch,449,Desktop
"2020-11-01",1,AirPods (2nd Generation),504,Audio
"2021-02-19",10,Lightning to USB Cable,1434,Accessories
"2024-09-11",8,Apple Music,1965,Subscription Service
"2020-11-28",7,Apple Watch Ultra,346,Wearable
"2021-09-04",10,MagSafe Battery Pack,1389,Accessories
"2022-01-19",7,AirPods (2nd Generation),504,Audio
"2020-03-07",5,Mac Studio,613,Desktop
"2024-05-13",3,iCloud,1181,Subscription Service
"2021-12-30",6,iPhone 13 mini,1092,Smartphone
"2023-06-14",10,Apple News+,253,Subscription Service
"2020-01-05",7,Apple News+,253,Subscription Service
"2023-01-08",8,iPhone 14,1476,Smartphone
"2023-06-14",9,iPhone 12 Pro Max,544,Smartphone
"2020-09-17",4,AirPods Pro,1167,Audio
"2020-03-02",5,MagSafe Battery Pack,1389,Accessories
"2021-02-13",10,Apple TV (3rd Generation),477,Streaming Device
"2024-07-05",10,Apple Watch Series 5,1296,Wearable
"2021-08-22",9,Apple One,488,Subscription Service
"2020-08-05",2,iPhone 12 Pro Max,544,Smartphone
"2022-07-04",5,Apple Watch Ultra,346,Wearable
"2024-06-21",3,AirTag,677,Accessories
"2021-07-18",9,AirPods Pro (2nd Generation),696,Audio
"2024-07-26",2,Apple News+,253,Subscription Service
"2020-04-17",7,MacBook Pro 16-inch,1179,Laptop
"2022-08-07",9,iPhone 12,1436,Smartphone
"2022-07-30",6,Mac Pro (Tower),458,Desktop
"2022-07-15",2,Apple Watch Series 6,462,Wearable
"2023-12-26",4,Mac Mini (M2),874,Desktop
"2020-08-24",10,iPad Pro 12.9-inch,1167,Tablet
"2021-03-04",7,Magic Keyboard with Touch ID,1162,Accessories
"2021-04-07",7,Apple TV+,404,Subscription Service
"2024-05-26",10,Leather Case for iPhone,866,Accessories
"2022-12-01",9,Apple Pencil (2nd Generation),1506,Accessories
"2023-08-13",3,Apple Arcade,549,Subscription Service
"2023-07-21",9,iMac with Retina Display,343,Desktop
"2022-05-29",10,Apple Pencil (2nd Generation),1506,Accessories
"2024-05-04",6,iPhone 12 Pro Max,544,Smartphone
"2022-11-02",9,Apple TV 4K,1255,Streaming Device
"2022-02-07",6,Apple Fitness+,923,Subscription Service
"2020-08-16",9,Lightning to USB Cable,1434,Accessories
"2020-06-21",4,Mac Mini (M2),874,Desktop
"2021-02-17",7,Apple Watch Ultra,346,Wearable
"2024-01-15",8,iPhone 13 Pro,308,Smartphone
"2023-11-19",1,iMac 24-inch,449,Desktop
"2020-01-24",7,Apple TV (3rd Generation),477,Streaming Device
"2021-07-10",4,Apple TV HD,1258,Streaming Device
"2021-12-08",1,MacBook Air (M2),1588,Laptop
"2024-06-20",10,Apple Music,1965,Subscription Service
"2024-06-27",8,Magic Keyboard,368,Accessories
"2022-02-11",9,Smart Cover for iPad,1014,Accessories
"2021-12-11",1,Leather Case for iPhone,866,Accessories
"2022-08-01",3,iMac 24-inch,449,Desktop
"2023-01-25",8,iPhone 12 Pro,1342,Smartphone
"2021-12-30",7,HomePod mini,266,Smart Speaker
"2020-07-05",7,MacBook Air (Retina),1847,Laptop
"2020-08-11",8,Apple Watch Hermès,1712,Wearable
"2020-12-06",6,iPad Air (4th Generation),952,Tablet
"2020-10-16",4,Apple Arcade,549,Subscription Service
"2023-02-23",2,iMac 27-inch,1918,Desktop
"2022-03-09",1,Apple News+,253,Subscription Service
"2022-07-21",9,Apple Watch Series 5,1296,Wearable
"2024-06-24",3,Mac Studio,613,Desktop
"2020-04-11",7,Apple Fitness+,923,Subscription Service
"2023-03-13",2,Magic Keyboard with Touch ID,1162,Accessories
"2020-06-05",4,iPhone 13 mini,1092,Smartphone
"2021-03-06",1,Apple Watch Series 5,1296,Wearable
"2022-02-08",4,MacBook Pro 14-inch,768,Laptop
"2021-09-29",3,Mac Pro (Tower),458,Desktop
"2022-10-27",1,iPhone 14 Pro,1380,Smartphone
"2021-07-18",4,Apple TV+,404,Subscription Service
"2024-07-22",1,AirPods Pro (2nd Generation),696,Audio
"2023-04-08",4,Apple Pencil (2nd Generation),1506,Accessories
"2023-04-11",9,Apple TV+,404,Subscription Service
"2022-04-21",5,Apple TV HD,1258,Streaming Device
"2021-07-27",6,iPad (10th Generation),1735,Tablet
"2024-01-21",7,AirTag,677,Accessories
"2023-09-19",10,Mac Pro (Tower),458,Desktop
"2020-01-12",9,Mac Pro (Rack),1415,Desktop
"2021-10-18",3,MacBook Pro 13-inch,1351,Laptop
"2022-12-18",7,iPhone 14 Plus,1259,Smartphone
"2021-11-15",10,Apple Watch Series 7,1431,Wearable
"2020-11-30",10,AirPods Pro (2nd Generation),696,Audio
"2024-04-01",2,iPhone 13 Pro Max,820,Smartphone
"2023-03-19",6,Apple TV (3rd Generation),477,Streaming Device
"2020-08-19",6,HomePod mini,266,Smart Speaker
"2021-01-16",3,HomePod,1202,Smart Speaker
"2023-09-11",1,Apple Watch Hermès,1712,Wearable
"2023-06-29",7,Apple Music,1965,Subscription Service
"2022-01-30",6,Magic Keyboard,368,Accessories
"2023-12-24",2,Magic Trackpad,1242,Accessories
"2020-05-04",9,Apple TV HD,1258,Streaming Device
"2020-01-29",2,Apple News+,253,Subscription Service
"2023-10-07",3,Smart Cover for iPad,1014,Accessories
"2022-06-24",5,Apple Watch Hermès,1712,Wearable
"2021-11-25",7,AirPods Pro,1167,Audio
"2023-12-02",9,MagSafe Battery Pack,1389,Accessories
"2023-11-29",6,MagSafe Charger,1744,Accessories
"2021-09-01",4,iPhone 14,1476,Smartphone
"2021-09-20",4,HomePod mini,266,Smart Speaker
"2021-02-16",7,MacBook Pro 16-inch,1179,Laptop
"2024-06-16",9,iPhone 14,1476,Smartphone
"2021-03-22",9,Smart Keyboard Folio,572,Accessories
"2023-10-03",6,AirPods Pro,1167,Audio
"2023-07-27",3,iPad mini (5th Generation),1912,Tablet
"2024-10-09",7,iPad mini (5th Generation),1912,Tablet
"2022-07-07",1,iMac 24-inch,449,Desktop
"2021-04-15",7,Apple Fitness+,923,Subscription Service
"2024-07-05",7,Apple Arcade,549,Subscription Service
"2020-03-23",1,Apple Watch Series 6,462,Wearable
"2024-03-12",10,Mac Mini,555,Desktop
"2024-07-10",2,iPad (10th Generation),1735,Tablet
"2023-11-18",8,MacBook (Early 2015),741,Laptop
"2021-08-28",6,Apple Watch Series 7,1431,Wearable
"2023-02-14",10,AirPods (2nd Generation),504,Audio
"2021-05-03",3,Lightning to USB Cable,1434,Accessories
"2023-08-20",2,Beats Powerbeats Pro,1060,Audio
"2022-04-04",9,iMac 27-inch,1918,Desktop
"2020-03-26",2,Apple Watch Nike Edition,884,Wearable
"2023-01-29",7,iPhone 13,623,Smartphone
"2020-07-17",7,Mac Mini (M2),874,Desktop
"2024-06-16",6,Apple Watch Series 6,462,Wearable
"2020-08-02",10,iPad Air (5th Generation),1591,Tablet
"2022-05-03",9,iMac 24-inch,449,Desktop
"2020-02-09",5,Apple Pencil (1st Generation),925,Accessories
"2023-10-24",1,iPhone 13,623,Smartphone
"2024-10-06",4,MacBook Pro (Touch Bar),1304,Laptop
"2020-03-29",1,Smart Cover for iPad,1014,Accessories
"2020-04-13",7,Apple Pencil (2nd Generation),1506,Accessories
"2020-11-01",5,iPad Pro (M2),1826,Tablet
"2024-09-02",8,Beats Solo Pro,1773,Audio
"2021-01-15",1,MacBook Pro (Touch Bar),1304,Laptop
"2024-10-29",6,Smart Keyboard Folio,572,Accessories
"2022-02-13",9,Apple Arcade,549,Subscription Service
"2021-07-30",4,HomePod mini,266,Smart Speaker
"2021-02-01",9,iPhone 13,623,Smartphone
"2022-11-15",5,AirPods (3rd Generation),1842,Audio
"2024-08-03",2,iPhone 14 Pro,1380,Smartphone
"2024-08-24",7,Silicone Case for iPhone,1210,Accessories
"2020-08-03",1,AirPods Pro (2nd Generation),696,Audio
"2022-08-01",1,iMac with Retina Display,343,Desktop
"2022-11-28",9,Magic Keyboard with Touch ID,1162,Accessories
"2024-03-20",3,iPhone SE (3rd Generation),923,Smartphone
"2020-09-05",7,Apple Fitness+,923,Subscription Service
"2021-12-09",10,AirPods Max,1603,Audio
"2023-04-27",4,iPad Air (4th Generation),952,Tablet
"2024-02-16",3,Apple Watch Series 9,1014,Wearable
"2020-01-11",6,Apple Watch Hermès,1712,Wearable
"2022-11-20",8,iPad Pro (M2),1826,Tablet
"2021-04-22",2,Beats Solo Pro,1773,Audio
"2024-02-26",5,Beats Fit Pro,1839,Audio
"2023-09-01",7,iPhone 12,1436,Smartphone
"2022-09-26",3,Apple Watch Series 6,462,Wearable
"2023-07-23",1,Apple Arcade,549,Subscription Service
"2022-08-01",7,iPhone 14 Plus,1259,Smartphone
"2022-03-19",4,Apple Watch Nike Edition,884,Wearable
"2023-06-25",2,Mac Pro (Tower),458,Desktop
"2020-12-19",7,Apple Watch Series 8,1631,Wearable
"2020-10-15",8,Beats Powerbeats Pro,1060,Audio
"2020-04-14",7,HomePod (2nd Generation),689,Audio
"2021-08-09",8,Apple Watch SE,1546,Wearable
"2020-05-27",8,MacBook Pro (Touch Bar),1304,Laptop
"2024-07-23",9,iPhone 12 Pro,1342,Smartphone
"2022-09-23",9,MacBook Air (Retina),1847,Laptop
"2023-08-08",9,iPad (9th Generation),1949,Tablet
"2022-09-02",5,MacBook (Retina),231,Laptop
"2020-04-12",5,Apple Watch Nike Edition,884,Wearable
"2021-11-02",1,iPhone 12 Pro,1342,Smartphone
"2020-01-31",2,Apple One,488,Subscription Service
"2020-09-24",5,Mac Mini (M2),874,Desktop
"2023-04-23",2,Beats Fit Pro,1839,Audio
"2022-10-01",3,Mac Pro (Rack),1415,Desktop
"2020-07-30",9,HomePod,1202,Smart Speaker
"2021-12-13",8,Apple Pencil (1st Generation),925,Accessories
"2023-05-12",2,Mac Pro (Rack),1415,Desktop
"2021-08-28",4,AirTag,677,Accessories
"2020-06-25",4,Mac Studio,613,Desktop
"2023-06-30",7,iPhone 14 Pro Max,678,Smartphone
"2022-09-05",10,Apple Watch Series 9,1014,Wearable
"2024-04-28",8,Mac Pro (Tower),458,Desktop
"2022-01-07",10,Apple Watch Series 5,1296,Wearable
"2021-09-23",8,iPhone 14 Pro,1380,Smartphone
"2024-01-03",3,iPad Air (5th Generation),1591,Tablet
"2021-10-27",7,HomePod mini,438,Audio
"2020-12-31",6,Apple Fitness+,923,Subscription Service
"2020-01-04",4,HomePod (2nd Generation),689,Audio
"2020-09-26",8,iPhone 13 mini,1092,Smartphone
"2023-10-26",5,MacBook Pro 14-inch,768,Laptop
"2023-05-03",4,Apple Pencil (1st Generation),925,Accessories
"2024-09-25",9,iPad (10th Generation),1735,Tablet
"2022-09-13",9,HomePod mini,438,Audio
"2024-09-30",4,Magic Trackpad,1242,Accessories
"2023-11-30",1,HomePod mini,438,Audio
"2021-05-01",4,Apple Watch Ultra,346,Wearable
"2022-02-16",7,Mac Pro (2023),681,Desktop
"2024-04-10",9,Apple Fitness+,923,Subscription Service
"2020-05-14",2,iPad Air (5th Generation),1591,Tablet
"2022-07-15",7,AirPods Pro,1167,Audio
"2023-05-28",2,MacBook Pro 13-inch,1351,Laptop
"2022-09-17",2,iPad mini (6th Generation),573,Tablet
"2023-02-11",2,Magic Keyboard with Touch ID,1162,Accessories
"2020-06-19",5,iMac with Retina Display,343,Desktop
"2021-04-17",3,Apple Watch SE,1546,Wearable
"2020-07-16",7,iPad Pro (M2),1826,Tablet
"2020-08-14",1,Apple Pencil (1st Generation),925,Accessories
"2024-10-27",8,iPhone 13 mini,1092,Smartphone
"2021-03-06",1,iPhone 13,623,Smartphone
"2021-07-17",8,AirPods Pro,1167,Audio
"2020-08-23",8,iPhone 12 Pro Max,544,Smartphone
"2021-05-26",2,iPhone 12 Pro,1342,Smartphone
"2024-08-05",5,AirTag,677,Accessories
"2020-08-17",1,Smart Cover for iPad,1014,Accessories
"2023-06-19",7,iPhone 12,1436,Smartphone
"2022-02-17",3,Apple Pencil (2nd Generation),1506,Accessories
"2022-10-11",7,Apple Watch Ultra,346,Wearable
"2022-10-31",7,MacBook Pro 13-inch,1351,Laptop
"2021-01-09",4,MacBook Pro 14-inch,768,Laptop
"2020-03-12",6,iCloud,1181,Subscription Service
"2021-10-18",9,Apple Music,1965,Subscription Service
"2021-04-04",2,Apple News+,253,Subscription Service
"2020-08-23",9,iPhone 12 mini,1607,Smartphone
"2021-01-12",6,Apple Arcade,549,Subscription Service
"2021-01-02",2,Apple Watch Nike Edition,884,Wearable
"2020-12-03",2,HomePod mini,266,Smart Speaker
"2020-12-14",3,iPhone 14 Pro,1380,Smartphone
"2024-09-30",2,Apple Pencil (2nd Generation),1506,Accessories
"2024-05-26",4,iPhone 14 Pro,1380,Smartphone
"2022-05-13",1,iPhone 12 Pro,1342,Smartphone
"2021-08-11",6,Apple Watch SE,1546,Wearable
"2021-07-04",7,AirPods (2nd Generation),504,Audio
"2022-06-02",4,Apple Watch Series 6,462,Wearable
"2022-04-30",6,iPad mini (5th Generation),1912,Tablet
"2021-01-25",4,HomePod mini,266,Smart Speaker
"2024-02-14",2,iCloud,1181,Subscription Service
"2023-02-01",1,iPad Pro 11-inch,1761,Tablet
"2022-05-08",4,MacBook (Retina),231,Laptop
"2020-04-16",10,MacBook,1149,Laptop
"2021-03-05",2,iMac with Retina Display,343,Desktop
"2020-07-23",7,iPhone 12 Pro Max,544,Smartphone
"2020-11-09",9,iPhone 13,623,Smartphone
"2024-04-18",1,HomePod mini,438,Audio
"2023-08-05",6,Apple Watch Nike Edition,884,Wearable
"2021-05-22",2,Apple Watch SE,1546,Wearable
"2021-06-08",4,Apple Watch Series 6,462,Wearable
"2023-10-11",6,iPhone 13 mini,1092,Smartphone
"2020-04-10",5,iPad Air (5th Generation),1591,Tablet
"2024-03-01",1,iPad Pro 12.9-inch,1167,Tablet
"2022-02-01",7,Smart Keyboard Folio,572,Accessories
"2022-05-05",8,iPad Pro 11-inch,1761,Tablet
"2021-02-26",10,MacBook Air (M2),1588,Laptop
"2024-10-26",8,Mac Mini,555,Desktop
"2022-11-07",8,Smart Keyboard Folio,572,Accessories
"2024-06-18",9,Magic Trackpad,1242,Accessories
"2023-01-27",5,MacBook (Early 2015),741,Laptop
"2022-05-02",2,iPad Air (5th Generation),1591,Tablet
"2024-06-21",8,Apple Watch Series 5,1296,Wearable
"2023-05-24",6,MacBook (Retina),231,Laptop
"2021-03-15",10,Mac Mini (M2),874,Desktop
"2023-09-24",3,MagSafe Charger,1744,Accessories
"2020-12-09",4,iPhone SE (3rd Generation),923,Smartphone
"2022-11-01",1,Apple Watch Nike Edition,884,Wearable
"2020-03-28",6,iMac 27-inch,1918,Desktop
"2022-06-23",3,Apple TV (3rd Generation),477,Streaming Device
"2020-11-27",6,AirPods Pro (2nd Generation),696,Audio
"2022-01-06",1,iPad Pro 11-inch,1761,Tablet
"2020-06-08",2,MacBook Air (M2),1588,Laptop
"2022-08-07",1,iPhone 14 Plus,1259,Smartphone
"2023-04-23",7,Apple Watch SE,1546,Wearable
"2022-08-21",9,iPad mini (6th Generation),573,Tablet
"2021-03-13",10,Apple Watch Series 6,462,Wearable
"2020-10-24",3,Apple Watch Ultra,346,Wearable
"2024-01-01",1,HomePod,1202,Smart Speaker
"2023-01-11",6,iPad Air (5th Generation),1591,Tablet
"2023-04-25",4,AirTag,677,Accessories
"2022-04-30",2,Silicone Case for iPhone,1210,Accessories
"2021-02-15",10,Apple Watch SE,1546,Wearable
"2022-09-30",1,Apple Watch Series 5,1296,Wearable
"2023-06-10",4,MacBook Pro 16-inch,1179,Laptop
"2024-06-26",2,MacBook Air (M2),1588,Laptop
"2022-08-30",9,Beats Powerbeats Pro,1060,Audio
"2020-02-03",1,Apple One,488,Subscription Service
"2022-02-09",5,Apple TV HD,1258,Streaming Device
"2021-09-02",5,AirPods (2nd Generation),504,Audio
"2023-01-09",4,Mac Mini (M2),874,Desktop
"2023-07-23",7,AirPods (2nd Generation),504,Audio
"2021-08-29",7,Apple Pencil (2nd Generation),1506,Accessories
"2022-05-28",5,MacBook Air (M1),1783,Laptop
"2020-07-30",8,Magic Trackpad,1242,Accessories
"2021-04-10",5,iPad (10th Generation),1735,Tablet
"2023-02-04",8,HomePod (2nd Generation),689,Audio
"2023-02-01",7,MacBook Air (Retina),1847,Laptop
"2021-12-12",5,Apple Watch SE,1546,Wearable
"2021-04-12",10,Apple Watch Ultra,346,Wearable
"2020-11-02",4,MacBook (Early 2015),741,Laptop
"2022-09-11",9,Apple One,488,Subscription Service
"2022-11-04",3,iPad (9th Generation),1949,Tablet
"2021-05-20",10,iPhone 12 Pro Max,544,Smartphone
"2024-07-24",9,Mac Pro (Rack),1415,Desktop
"2023-11-04",10,Apple Watch SE,1546,Wearable
"2023-11-29",2,iPad mini (5th Generation),1912,Tablet
"2021-05-17",1,MagSafe Battery Pack,1389,Accessories
"2024-10-29",10,Apple Pencil (1st Generation),925,Accessories
"2024-06-12",1,Apple Watch Nike Edition,884,Wearable
"2020-04-27",10,Apple Watch Series 6,462,Wearable
"2023-07-05",8,Apple News+,253,Subscription Service
"2023-03-03",6,Apple Pencil (1st Generation),925,Accessories
"2022-05-09",1,MacBook Pro (Touch Bar),1304,Laptop
"2024-08-28",7,Apple TV 4K,1255,Streaming Device
"2024-06-21",7,HomePod,1202,Smart Speaker
"2022-01-23",8,Apple Watch Series 5,1296,Wearable
"2022-12-18",10,Apple Watch Series 9,1014,Wearable
"2021-07-05",4,MacBook,1149,Laptop
"2020-10-21",9,MacBook Pro (Touch Bar),1304,Laptop
"2022-02-14",5,Beats Fit Pro,1839,Audio
"2022-01-04",3,Beats Fit Pro,1839,Audio
"2022-04-14",4,Apple Pencil (1st Generation),925,Accessories
"2021-01-28",5,Apple Watch Series 9,1014,Wearable
"2021-08-28",6,Mac Studio,613,Desktop
"2021-04-26",7,Apple Watch Nike Edition,884,Wearable
"2022-09-25",2,Apple Watch Ultra,346,Wearable
"2020-10-18",8,MagSafe Battery Pack,1389,Accessories
"2023-07-24",5,Apple Watch Series 5,1296,Wearable
"2023-07-12",4,HomePod,1202,Smart Speaker
"2023-02-06",1,Apple Watch SE,1546,Wearable
"2022-08-26",5,iPad Air (5th Generation),1591,Tablet
"2022-08-30",7,Apple Watch Series 9,1014,Wearable
"2021-04-06",6,Mac Studio,613,Desktop
"2020-08-12",4,iPad Pro 12.9-inch,1167,Tablet
"2021-02-21",8,MacBook (Retina),231,Laptop
"2023-04-13",8,iPad (10th Generation),1735,Tablet
"2020-11-01",10,Apple Watch Series 7,1431,Wearable
"2023-09-19",8,AirPods Pro (2nd Generation),696,Audio
"2022-05-21",8,Apple Watch Series 6,462,Wearable
"2024-09-11",1,iPad Air (4th Generation),952,Tablet
"2021-04-22",10,Beats Powerbeats Pro,1060,Audio
"2022-10-21",1,Apple Pencil (2nd Generation),1506,Accessories
"2020-08-28",7,iPhone 13,623,Smartphone
"2023-02-10",10,Beats Fit Pro,1839,Audio
"2020-05-02",3,iPhone SE (3rd Generation),923,Smartphone
"2023-01-31",10,MacBook,1149,Laptop
"2020-11-19",1,iMac with Retina Display,343,Desktop
"2022-01-04",3,AirPods (2nd Generation),504,Audio
"2021-08-19",4,AirPods Max,1603,Audio
"2020-12-09",6,iPad Air (5th Generation),1591,Tablet
"2022-06-02",7,Silicone Case for iPhone,1210,Accessories
"2023-02-04",2,Apple Watch Series 6,462,Wearable
"2024-10-17",4,Apple Music,1965,Subscription Service
"2024-10-22",7,MagSafe Charger,1744,Accessories
"2023-06-18",10,iPad Pro 11-inch,1761,Tablet
"2024-02-05",2,iPad Pro (M2),1826,Tablet
"2022-01-07",7,iMac 27-inch,1918,Desktop
"2020-11-05",3,Beats Studio Buds,762,Audio
"2021-06-24",1,iPhone 12 Pro Max,544,Smartphone
"2020-04-23",7,Apple TV 4K,1255,Streaming Device
"2023-02-21",9,MacBook Pro 14-inch,768,Laptop
"2023-01-03",4,Apple Pencil (1st Generation),925,Accessories
"2023-11-07",3,MacBook (Early 2015),741,Laptop
"2021-10-10",7,iMac with Retina Display,343,Desktop
"2024-08-20",7,iMac with Retina Display,343,Desktop
"2023-04-10",7,iPad Pro 12.9-inch,1167,Tablet
"2023-06-05",3,iPhone 12,1436,Smartphone
"2023-03-17",7,Mac Pro (Rack),1415,Desktop
"2022-02-28",4,MacBook Air (M2),1588,Laptop
"2021-03-14",1,Apple Arcade,549,Subscription Service
"2024-02-05",4,MacBook Pro 16-inch,1179,Laptop
"2022-08-03",9,iPhone 12,1436,Smartphone
"2024-01-22",7,AirPods Max,1603,Audio
"2021-08-22",10,Apple Arcade,549,Subscription Service
"2021-10-08",2,iPhone 12 mini,1607,Smartphone
"2022-12-12",4,MagSafe Charger,1744,Accessories
"2024-07-30",7,AirTag,677,Accessories
"2021-10-26",2,Apple Pencil (2nd Generation),1506,Accessories
"2024-01-30",9,AirPods Pro (2nd Generation),696,Audio
"2022-11-28",4,Apple Music,1965,Subscription Service
"2022-02-10",7,iPhone 12 Pro Max,544,Smartphone
"2021-06-10",1,Beats Fit Pro,1839,Audio
"2021-09-16",6,MacBook Air (M2),1588,Laptop
"2020-04-13",1,MacBook (Early 2015),741,Laptop
"2024-03-29",6,MacBook (Retina),231,Laptop
"2021-10-25",9,iPhone 12 Pro,1342,Smartphone
"2023-08-02",4,AirPods (3rd Generation),1842,Audio
"2021-08-09",4,Apple Pencil (2nd Generation),1506,Accessories
"2022-09-13",5,iPad Pro 11-inch,1761,Tablet
"2020-12-28",9,Magic Keyboard,368,Accessories
"2024-01-14",6,MacBook Pro 13-inch,1351,Laptop
"2023-04-12",3,iPad Air (4th Generation),952,Tablet
"2020-03-21",4,iCloud,1181,Subscription Service
"2020-08-01",1,iMac 24-inch,449,Desktop
"2020-02-11",2,AirPods Max,1603,Audio
"2023-10-01",8,Smart Cover for iPad,1014,Accessories
"2021-05-07",6,Mac Pro (Tower),458,Desktop
"2022-07-23",5,AirPods Max,1603,Audio
"2021-05-05",5,Apple Music,1965,Subscription Service
"2021-12-21",5,MacBook Pro 13-inch,1351,Laptop
"2021-10-14",7,iCloud,1181,Subscription Service
"2021-10-05",1,iPhone SE (3rd Generation),923,Smartphone
"2020-11-13",3,iPad Pro 11-inch,1761,Tablet
"2023-01-01",10,MacBook (Retina),231,Laptop
"2024-02-13",1,Apple TV (3rd Generation),477,Streaming Device
"2022-04-17",7,Smart Keyboard Folio,572,Accessories
"2021-01-15",7,Apple Watch Nike Edition,884,Wearable
"2024-08-13",4,Beats Studio Buds,762,Audio
"2024-09-16",8,iPhone 13 Pro Max,820,Smartphone
"2022-02-16",7,iPad (10th Generation),1735,Tablet
"2023-01-20",8,iMac Pro,1081,Desktop
"2024-07-12",5,MacBook Pro 14-inch,768,Laptop
"2024-01-21",9,Apple Watch Ultra,346,Wearable
"2021-02-13",10,Apple Watch Series 8,1631,Wearable
"2020-09-04",7,Mac Pro (Tower),458,Desktop
"2024-02-03",8,iPad mini (5th Generation),1912,Tablet
"2021-11-30",7,HomePod mini,438,Audio
"2023-05-19",3,Mac Studio,613,Desktop
"2024-08-29",1,Apple Pencil (1st Generation),925,Accessories
"2020-03-01",7,Apple One,488,Subscription Service
"2023-01-14",7,Mac Pro (Rack),1415,Desktop
"2022-11-25",8,AirTag,677,Accessories
"2021-06-21",7,Apple Pencil (1st Generation),925,Accessories
"2024-10-21",10,Apple Arcade,549,Subscription Service
"2023-01-28",6,Magic Keyboard,368,Accessories
"2022-11-06",10,Smart Keyboard Folio,572,Accessories
"2024-09-13",9,Apple TV+,404,Subscription Service
"2023-01-07",6,iPad Pro 12.9-inch,1167,Tablet
"2021-02-17",6,iPhone 13 Pro Max,820,Smartphone
"2020-10-26",8,Apple Watch Series 5,1296,Wearable
"2022-03-25",9,HomePod,1202,Smart Speaker
"2024-04-19",2,MacBook Pro 14-inch,768,Laptop
"2021-04-20",10,Mac Pro (Rack),1415,Desktop
"2024-04-12",2,iMac 24-inch,449,Desktop
"2020-05-11",7,AirPods Max,1603,Audio
"2020-02-08",4,Silicone Case for iPhone,1210,Accessories
"2022-10-03",5,MacBook Air (M2),1588,Laptop
"2021-03-19",6,Apple News+,253,Subscription Service
"2024-04-08",8,MacBook Air (Retina),1847,Laptop
"2024-07-05",10,iMac 27-inch,1918,Desktop
"2020-08-23",7,Smart Cover for iPad,1014,Accessories
"2024-08-01",2,Apple Watch Hermès,1712,Wearable
"2022-05-17",7,Mac Studio,613,Desktop
"2022-02-02",10,Mac Mini,555,Desktop
"2020-08-29",10,Apple Arcade,549,Subscription Service
"2021-08-08",7,iPad Air (4th Generation),952,Tablet
"2022-10-03",7,Mac Pro (2023),681,Desktop
"2022-07-06",6,Magic Trackpad,1242,Accessories
"2023-05-26",9,iPad Air (4th Generation),952,Tablet
"2022-12-22",9,Mac Studio,613,Desktop
"2023-04-19",6,Apple Watch Hermès,1712,Wearable
"2023-12-31",1,MagSafe Charger,1744,Accessories
"2020-03-02",2,iPad Pro 12.9-inch,1167,Tablet
"2022-11-29",5,HomePod mini,266,Smart Speaker
"2023-05-15",5,Beats Fit Pro,1839,Audio
"2022-01-29",1,Silicone Case for iPhone,1210,Accessories
"2020-10-17",7,iPhone 14 Plus,1259,Smartphone
"2024-02-22",6,MacBook Pro 13-inch,1351,Laptop
"2024-03-07",2,MacBook Pro 14-inch,768,Laptop
"2020-10-10",10,Leather Case for iPhone,866,Accessories
"2024-04-25",7,Apple Watch Series 8,1631,Wearable
"2020-10-24",3,iMac 24-inch,449,Desktop
"2021-12-12",7,Leather Case for iPhone,866,Accessories
"2023-06-22",9,MacBook Pro 16-inch,1179,Laptop
"2024-10-03",6,Apple TV (3rd Generation),477,Streaming Device
"2023-10-03",10,Apple Watch SE,1546,Wearable
"2022-01-18",9,iMac 24-inch,449,Desktop
"2020-02-09",3,Apple Pencil (1st Generation),925,Accessories
"2020-08-22",1,iPad Pro (M2),1826,Tablet
"2024-10-24",8,Magic Keyboard,368,Accessories
"2022-12-19",3,Apple One,488,Subscription Service
"2020-03-20",3,Apple TV HD,1258,Streaming Device
"2020-12-16",3,AirPods Max,1603,Audio
"2020-01-15",2,Beats Studio Buds,762,Audio
"2021-11-28",4,Apple TV+,404,Subscription Service
"2024-07-26",6,Apple Watch Series 5,1296,Wearable
"2022-05-05",1,iPad (10th Generation),1735,Tablet
"2023-11-20",9,iMac 27-inch,1918,Desktop
"2021-10-05",1,Mac Pro (Tower),458,Desktop
"2024-05-04",4,MacBook (Retina),231,Laptop
"2021-10-19",6,iPad Pro (M1),1329,Tablet
"2020-09-22",3,Magic Mouse,313,Accessories
"2020-06-14",1,HomePod,1202,Smart Speaker
"2021-08-20",7,iPhone 12,1436,Smartphone
"2022-07-10",3,Apple Watch Ultra,346,Wearable
"2020-01-27",3,Beats Solo Pro,1773,Audio
"2021-06-05",1,Smart Keyboard Folio,572,Accessories
"2020-06-11",7,AirPods Max,1603,Audio
"2024-07-15",5,AirPods Pro,1167,Audio
"2022-11-20",4,iPhone SE (3rd Generation),923,Smartphone
"2020-08-13",1,Lightning to USB Cable,1434,Accessories
"2020-04-02",5,Apple News+,253,Subscription Service
"2020-09-29",4,HomePod,1202,Smart Speaker
"2020-06-13",4,HomePod mini,438,Audio
"2021-07-06",1,iPhone 12 mini,1607,Smartphone
"2024-01-05",6,HomePod (2nd Generation),689,Audio
"2021-01-13",10,iPhone 13 mini,1092,Smartphone
"2023-11-05",6,HomePod mini,438,Audio
"2020-10-24",1,iPhone 12,1436,Smartphone
"2021-10-05",8,Apple Watch Series 6,462,Wearable
"2020-03-27",4,Lightning to USB Cable,1434,Accessories
"2024-06-11",6,Apple Watch Ultra,346,Wearable
"2021-06-06",3,AirPods (2nd Generation),504,Audio
"2022-06-12",10,iPad Pro 11-inch,1761,Tablet
"2023-04-14",8,MacBook (Early 2015),741,Laptop
"2022-08-14",6,iMac with Retina Display,343,Desktop
"2020-05-27",1,Beats Solo Pro,1773,Audio
"2024-10-18",8,Apple Watch Series 9,1014,Wearable
"2024-05-05",10,MacBook Pro 16-inch,1179,Laptop
"2023-01-16",10,HomePod mini,266,Smart Speaker
"2021-05-06",8,Beats Powerbeats Pro,1060,Audio
"2020-04-15",8,iMac with Retina Display,343,Desktop
"2023-06-06",9,Apple News+,253,Subscription Service
"2021-05-24",10,Apple TV (3rd Generation),477,Streaming Device
"2021-12-28",8,HomePod (2nd Generation),689,Audio
"2022-01-13",6,Smart Cover for iPad,1014,Accessories
"2021-02-28",10,iPhone 12 mini,1607,Smartphone
"2022-01-05",7,iPad Air (4th Generation),952,Tablet
"2020-08-16",5,iMac Pro,1081,Desktop
"2024-08-27",3,Mac Pro (2023),681,Desktop
"2024-05-24",10,iPad Pro 11-inch,1761,Tablet
"2024-08-26",5,Apple Watch Series 5,1296,Wearable
"2024-05-02",10,iPhone 14 Pro,1380,Smartphone
"2022-11-24",4,Magic Trackpad,1242,Accessories
"2022-03-21",7,MacBook Pro 16-inch,1179,Laptop
"2023-10-19",3,AirPods (2nd Generation),504,Audio
"2023-10-30",7,Apple TV+,404,Subscription Service
"2022-08-28",10,iPhone 14 Pro,1380,Smartphone
"2021-12-06",4,AirPods (2nd Generation),504,Audio
"2022-08-30",6,MacBook Air (M2),1588,Laptop
"2023-10-12",7,MagSafe Charger,1744,Accessories
"2021-03-14",9,iMac with Retina Display,343,Desktop
"2023-10-14",6,iCloud,1181,Subscription Service
"2023-01-31",6,Apple Pencil (1st Generation),925,Accessories
"2022-01-21",8,MacBook Pro 14-inch,768,Laptop
"2022-06-14",3,MacBook Pro 13-inch,1351,Laptop
"2021-02-25",7,Apple Watch Series 8,1631,Wearable
"2023-12-06",4,iPad Pro 11-inch,1761,Tablet
"2023-09-25",8,iPad (9th Generation),1949,Tablet
"2024-10-12",7,iPhone 14,1476,Smartphone
"2024-02-29",2,Mac Studio,613,Desktop
"2023-02-11",6,Smart Cover for iPad,1014,Accessories
"2023-02-18",5,iPhone 13 Pro Max,820,Smartphone
"2020-06-25",5,MacBook Pro 16-inch,1179,Laptop
"2023-06-13",4,Apple TV+,404,Subscription Service
"2022-04-03",4,MacBook Pro (Touch Bar),1304,Laptop
"2024-11-04",9,iMac 27-inch,1918,Desktop
"2021-01-19",8,AirTag,677,Accessories
"2020-05-10",10,iPad (9th Generation),1949,Tablet
"2024-06-03",7,iPhone 13,623,Smartphone
"2020-01-11",5,iPhone 12 Pro Max,544,Smartphone
"2021-04-19",3,MacBook,1149,Laptop
"2023-11-11",5,iPhone 12 Pro,1342,Smartphone
"2024-06-26",10,iPad mini (5th Generation),1912,Tablet
"2022-11-25",1,Beats Powerbeats Pro,1060,Audio
"2020-01-09",3,iPad Pro 11-inch,1761,Tablet
"2021-09-01",2,iPad mini (5th Generation),1912,Tablet
"2024-09-29",5,MacBook Pro 13-inch,1351,Laptop
"2022-07-20",10,Apple Watch Nike Edition,884,Wearable
"2023-10-18",2,Mac Pro (Tower),458,Desktop
"2020-01-08",5,iPad Air (5th Generation),1591,Tablet
"2020-04-18",10,Apple TV HD,1258,Streaming Device
"2023-08-14",3,iPad mini (5th Generation),1912,Tablet
"2022-10-13",4,Apple Watch Series 8,1631,Wearable
"2020-05-04",1,iPhone 14 Pro,1380,Smartphone
"2021-11-30",2,Mac Pro (Rack),1415,Desktop
"2022-11-02",8,iPhone 12 mini,1607,Smartphone
"2020-02-24",2,iPad Air (5th Generation),1591,Tablet
"2021-04-02",6,Apple Watch Series 6,462,Wearable
"2020-02-19",5,iPhone 13 mini,1092,Smartphone
"2020-02-28",1,iPhone 12 Pro Max,544,Smartphone
"2023-09-20",6,MacBook Pro 13-inch,1351,Laptop
"2020-07-18",7,AirPods (3rd Generation),1842,Audio
"2023-02-15",2,Apple One,488,Subscription Service
"2023-10-07",5,AirPods Pro,1167,Audio
"2022-07-23",4,iPhone 13,623,Smartphone
"2024-01-16",1,iPhone 12,1436,Smartphone
"2024-06-16",1,iPhone 12 Pro,1342,Smartphone
"2022-02-16",1,iPhone 13,623,Smartphone
"2023-11-05",10,Smart Keyboard Folio,572,Accessories
"2021-05-20",6,MacBook Air (M1),1783,Laptop
"2021-07-15",8,MacBook Pro 16-inch,1179,Laptop
"2022-09-14",5,Magic Mouse,313,Accessories
"2023-04-03",7,iMac 27-inch,1918,Desktop
"2020-11-17",7,iPhone 12,1436,Smartphone
"2022-08-04",7,AirPods (3rd Generation),1842,Audio
"2021-07-04",2,MacBook,1149,Laptop
"2023-10-13",4,Mac Studio,613,Desktop
"2022-07-16",9,Apple TV (3rd Generation),477,Streaming Device
"2022-04-08",9,MacBook Pro 13-inch,1351,Laptop
"2020-01-26",5,AirPods Pro (2nd Generation),696,Audio
"2023-09-25",9,MacBook,1149,Laptop
"2023-09-22",5,AirPods Max,1603,Audio
"2022-05-03",5,iPhone SE (3rd Generation),923,Smartphone
"2024-10-27",7,iPhone 12 Pro,1342,Smartphone
"2020-02-02",7,Mac Pro (Tower),458,Desktop
"2022-08-21",8,iPad mini (6th Generation),573,Tablet
"2023-04-05",7,Apple Pencil (1st Generation),925,Accessories
"2023-11-26",1,MacBook (Retina),231,Laptop
"2021-06-27",10,Smart Cover for iPad,1014,Accessories
"2022-05-31",3,iPad mini (6th Generation),573,Tablet
"2021-10-23",9,AirPods Max,1603,Audio
"2021-10-20",4,iPhone 14,1476,Smartphone
"2023-12-20",10,iMac with Retina Display,343,Desktop
"2020-11-09",8,iPhone 12 Pro,1342,Smartphone
"2020-03-03",8,Mac Mini,555,Desktop
"2022-09-06",6,Magic Keyboard,368,Accessories
"2023-03-07",10,iPad Pro (M2),1826,Tablet
"2022-12-16",2,iPhone 12,1436,Smartphone
"2022-03-30",2,Apple Watch Nike Edition,884,Wearable
"2022-06-14",2,Silicone Case for iPhone,1210,Accessories
"2021-10-19",10,Apple Music,1965,Subscription Service
"2022-09-09",1,iPhone 13 Pro,308,Smartphone
"2020-04-06",2,AirPods Pro,1167,Audio
"2023-11-17",10,Apple Watch Nike Edition,884,Wearable
"2022-08-10",3,AirPods (2nd Generation),504,Audio
"2022-11-27",2,Apple Arcade,549,Subscription Service
"2022-01-13",5,Smart Cover for iPad,1014,Accessories
"2024-06-09",3,MagSafe Charger,1744,Accessories
"2024-08-22",4,MacBook Pro 16-inch,1179,Laptop
"2023-05-22",3,Magic Mouse,313,Accessories
"2023-08-30",2,iPad mini (6th Generation),573,Tablet
"2024-04-24",9,iPhone 12,1436,Smartphone
"2022-02-11",3,Apple Watch Series 5,1296,Wearable
"2024-08-31",5,iMac with Retina Display,343,Desktop
"2023-08-09",7,iMac 24-inch,449,Desktop
"2024-10-25",5,MacBook Air (M1),1783,Laptop
"2022-10-01",2,Apple Pencil (1st Generation),925,Accessories
"2024-09-17",9,iPhone 14 Pro Max,678,Smartphone
"2020-01-06",2,Apple TV (3rd Generation),477,Streaming Device
"2024-06-26",10,Lightning to USB Cable,1434,Accessories
"2020-12-07",8,AirPods (3rd Generation),1842,Audio
"2021-07-16",6,Apple TV HD,1258,Streaming Device
"2024-05-14",6,AirPods Max,1603,Audio
"2020-10-06",9,iPhone 14 Pro Max,678,Smartphone
"2022-04-15",10,Beats Powerbeats Pro,1060,Audio
"2023-11-22",2,Apple Watch Series 5,1296,Wearable
"2020-04-13",5,Apple TV 4K,1255,Streaming Device
"2022-07-12",6,iCloud,1181,Subscription Service
"2020-06-24",5,iMac Pro,1081,Desktop
"2021-04-22",2,iPhone 13 Pro,308,Smartphone
"2023-12-18",6,MacBook (Retina),231,Laptop
"2023-05-08",1,Apple TV (3rd Generation),477,Streaming Device
"2021-05-26",4,iMac 24-inch,449,Desktop
"2020-03-23",2,Smart Cover for iPad,1014,Accessories
"2022-01-23",2,iMac 27-inch,1918,Desktop
"2024-08-18",1,Apple TV HD,1258,Streaming Device
"2024-08-14",8,Magic Keyboard,368,Accessories
"2022-04-21",5,iPhone 13 Pro Max,820,Smartphone
"2020-07-09",9,Beats Powerbeats Pro,1060,Audio
"2023-07-21",4,iPad Pro (M1),1329,Tablet
"2023-08-18",1,Apple TV 4K,1255,Streaming Device
"2022-07-22",4,AirPods Pro (2nd Generation),696,Audio
"2023-05-23",6,Mac Pro (Tower),458,Desktop
"2022-12-04",1,HomePod (2nd Generation),689,Audio
"2023-11-12",4,MagSafe Battery Pack,1389,Accessories
"2020-04-19",9,MacBook (Retina),231,Laptop
"2023-08-08",3,iCloud,1181,Subscription Service
"2024-02-22",8,HomePod mini,266,Smart Speaker
"2023-03-11",1,iPhone 14 Pro Max,678,Smartphone
"2021-02-01",10,HomePod mini,438,Audio
"2024-04-23",4,Mac Pro (Tower),458,Desktop
"2021-08-05",10,iPhone 13 mini,1092,Smartphone
"2021-07-13",5,Apple Watch Nike Edition,884,Wearable
"2023-11-03",9,iPhone SE (3rd Generation),923,Smartphone
"2021-09-21",6,iPhone 13 Pro Max,820,Smartphone
"2024-10-08",10,HomePod (2nd Generation),689,Audio
"2021-11-11",6,iCloud,1181,Subscription Service
"2023-12-20",9,Beats Solo Pro,1773,Audio
"2022-10-13",5,Apple One,488,Subscription Service
"2021-03-04",10,AirPods (3rd Generation),1842,Audio
"2023-12-21",4,Apple One,488,Subscription Service
"2020-10-22",7,HomePod,1202,Smart Speaker
"2021-11-29",8,HomePod (2nd Generation),689,Audio
"2021-11-12",10,AirPods Max,1603,Audio
"2022-02-14",1,MacBook Air (M1),1783,Laptop
"2023-02-11",5,Beats Studio Buds,762,Audio
"2023-01-06",9,MacBook,1149,Laptop
"2024-04-24",10,Apple Pencil (1st Generation),925,Accessories
"2020-08-03",6,HomePod mini,438,Audio
"2024-05-10",3,Lightning to USB Cable,1434,Accessories
"2024-09-26",3,Apple TV+,404,Subscription Service
"2021-07-16",4,Beats Powerbeats Pro,1060,Audio
"2021-03-12",3,Apple Watch Series 9,1014,Wearable
"2023-11-09",4,AirPods Max,1603,Audio
"2024-04-20",1,Apple Watch Hermès,1712,Wearable
"2024-08-29",6,iPhone 13,623,Smartphone
"2023-01-07",4,iPhone 12 Pro Max,544,Smartphone
"2023-10-12",10,HomePod (2nd Generation),689,Audio
"2022-09-11",7,Beats Powerbeats Pro,1060,Audio
"2021-06-03",4,iPhone 12 Pro,1342,Smartphone
"2023-12-07",3,Apple Pencil (2nd Generation),1506,Accessories
"2020-09-09",1,iPhone 13 mini,1092,Smartphone
"2021-12-01",8,iPhone 13 Pro,308,Smartphone
"2023-05-29",4,MacBook Pro 16-inch,1179,Laptop
"2021-11-25",8,iCloud,1181,Subscription Service
"2021-11-08",5,Apple Pencil (2nd Generation),1506,Accessories
"2021-03-11",3,MacBook Pro 14-inch,768,Laptop
"2021-02-27",2,Beats Solo Pro,1773,Audio
"2023-02-15",10,iPhone 12 mini,1607,Smartphone
"2022-07-29",4,HomePod mini,438,Audio
"2023-01-02",5,MacBook Pro (Touch Bar),1304,Laptop
"2022-04-20",10,iPad Air (4th Generation),952,Tablet
"2021-07-15",5,iPhone 13,623,Smartphone
"2023-02-14",10,Mac Pro (2023),681,Desktop
"2021-09-17",1,MagSafe Battery Pack,1389,Accessories
"2023-09-27",3,Lightning to USB Cable,1434,Accessories
"2020-03-25",4,Beats Fit Pro,1839,Audio
"2021-03-25",10,HomePod,1202,Smart Speaker
"2021-09-15",3,Apple TV 4K,1255,Streaming Device
"2024-11-11",3,iPhone 13 mini,1092,Smartphone
"2022-02-06",8,Mac Mini (M2),874,Desktop
"2020-05-30",10,iPhone 12 Pro Max,544,Smartphone
"2023-09-29",1,HomePod mini,438,Audio
"2022-10-22",3,Apple TV HD,1258,Streaming Device
"2024-11-09",6,Mac Pro (2023),681,Desktop
"2021-02-02",4,iMac with Retina Display,343,Desktop
"2023-05-22",2,Leather Case for iPhone,866,Accessories
"2023-05-18",4,iPad (10th Generation),1735,Tablet
"2024-10-19",10,iPad mini (6th Generation),573,Tablet
"2022-04-09",6,iMac with Retina Display,343,Desktop
"2020-11-03",4,Apple News+,253,Subscription Service
"2021-06-11",4,Magic Keyboard with Touch ID,1162,Accessories
"2024-07-16",4,Smart Keyboard Folio,572,Accessories
"2023-04-08",10,iMac with Retina Display,343,Desktop
"2020-07-13",4,Leather Case for iPhone,866,Accessories
"2021-04-05",7,AirPods Pro,1167,Audio
"2020-05-21",5,Apple Watch Nike Edition,884,Wearable
"2021-12-25",1,AirPods Pro,1167,Audio
"2021-07-28",8,AirPods Pro,1167,Audio
"2020-07-01",3,MacBook (Early 2015),741,Laptop
"2023-12-15",10,Apple Fitness+,923,Subscription Service
"2021-05-28",7,MagSafe Battery Pack,1389,Accessories
"2023-07-15",10,Beats Powerbeats Pro,1060,Audio
"2023-09-09",5,iPad Air (5th Generation),1591,Tablet
"2023-08-14",2,MacBook Pro 13-inch,1351,Laptop
"2022-05-09",1,iPad Air (5th Generation),1591,Tablet
"2024-08-11",4,iPhone 13,623,Smartphone
"2021-03-15",1,Smart Keyboard Folio,572,Accessories
"2023-08-25",6,MacBook (Retina),231,Laptop
"2023-07-15",1,Leather Case for iPhone,866,Accessories
"2023-07-17",4,iPhone 12 Pro,1342,Smartphone
"2024-06-10",1,Smart Cover for iPad,1014,Accessories
"2021-05-07",9,Apple Watch Series 6,462,Wearable
"2022-03-28",6,Apple Watch Hermès,1712,Wearable
"2022-01-06",10,MacBook Pro 16-inch,1179,Laptop
"2022-05-31",6,Apple Watch Series 5,1296,Wearable
"2024-01-11",9,Apple TV (3rd Generation),477,Streaming Device
"2020-04-02",4,MacBook Pro (Touch Bar),1304,Laptop
"2024-05-01",1,AirPods (2nd Generation),504,Audio
"2020-05-22",3,iPhone 14 Pro Max,678,Smartphone
"2022-01-10",4,Apple Fitness+,923,Subscription Service
"2020-07-26",3,Apple Watch SE,1546,Wearable
"2021-05-30",8,iPhone 14,1476,Smartphone
"2021-11-25",10,iPhone 14,1476,Smartphone
"2020-05-27",2,Apple Watch Ultra,346,Wearable
"2020-12-13",3,iPhone 14 Pro Max,678,Smartphone
"2023-11-12",8,iPhone 14 Plus,1259,Smartphone
"2022-07-06",10,Mac Mini,555,Desktop
"2024-09-17",7,iPhone 13 Pro,308,Smartphone
"2021-12-12",1,Mac Pro (Rack),1415,Desktop
"2023-12-16",4,Leather Case for iPhone,866,Accessories
"2021-01-22",1,Mac Pro (Rack),1415,Desktop
"2023-04-25",4,Apple Watch Ultra,346,Wearable
"2023-07-10",10,MacBook,1149,Laptop
"2023-09-06",10,iPhone 13 Pro Max,820,Smartphone
"2023-11-02",5,iPhone 12 Pro,1342,Smartphone
"2023-05-19",2,MacBook Pro 16-inch,1179,Laptop
"2023-06-04",8,HomePod mini,438,Audio
"2024-06-03",4,Leather Case for iPhone,866,Accessories
"2021-10-18",8,Apple TV 4K,1255,Streaming Device
"2021-07-26",10,Leather Case for iPhone,866,Accessories
"2023-09-08",1,MacBook,1149,Laptop
"2022-06-26",4,Leather Case for iPhone,866,Accessories
"2020-03-13",5,AirPods (2nd Generation),504,Audio
"2020-11-10",7,MacBook Air (M2),1588,Laptop
"2021-05-13",4,Apple TV HD,1258,Streaming Device
"2024-01-21",6,Apple Watch Series 9,1014,Wearable
"2021-10-08",10,Apple Watch Series 9,1014,Wearable
"2023-04-26",4,AirPods (2nd Generation),504,Audio
"2023-01-08",4,Mac Pro (Tower),458,Desktop
"2020-06-04",4,Beats Solo Pro,1773,Audio
"2023-12-17",1,Magic Keyboard,368,Accessories
"2021-07-06",4,MacBook Pro 13-inch,1351,Laptop
"2023-07-13",8,iPad Air (5th Generation),1591,Tablet
"2020-12-19",5,iPhone 13 Pro,308,Smartphone
"2021-07-16",8,MacBook Air (M1),1783,Laptop
"2022-02-04",4,iMac Pro,1081,Desktop
"2024-06-08",6,Apple Watch Series 9,1014,Wearable
"2020-02-24",8,iPad Air (5th Generation),1591,Tablet
"2022-04-06",3,Smart Cover for iPad,1014,Accessories
"2020-01-11",1,Beats Studio Buds,762,Audio
"2022-01-30",6,Apple Watch SE,1546,Wearable
"2024-04-08",9,Apple Watch Series 7,1431,Wearable
"2024-07-28",4,Mac Mini (M2),874,Desktop
"2020-12-13",9,Apple Watch Series 7,1431,Wearable
"2022-02-16",4,Apple Watch Series 6,462,Wearable
"2024-08-17",8,Mac Pro (Tower),458,Desktop
"2024-10-17",8,Apple Watch Ultra,346,Wearable
"2020-06-12",7,Apple Watch Series 6,462,Wearable
"2022-10-10",7,iMac with Retina Display,343,Desktop
"2022-03-08",5,iPhone 13 mini,1092,Smartphone
"2021-04-22",2,Leather Case for iPhone,866,Accessories
"2022-08-26",3,iPhone 14 Plus,1259,Smartphone
"2023-10-12",2,iCloud,1181,Subscription Service
"2022-01-02",1,Apple TV HD,1258,Streaming Device
"2023-06-09",2,Apple Watch Series 6,462,Wearable
"2022-06-24",2,Apple TV HD,1258,Streaming Device
"2020-09-13",10,HomePod,1202,Smart Speaker
"2021-03-12",8,HomePod mini,266,Smart Speaker
"2021-10-09",4,iPhone 13 mini,1092,Smartphone
"2020-02-24",2,MagSafe Charger,1744,Accessories
"2024-05-17",4,Magic Mouse,313,Accessories
"2020-10-20",1,iPad Pro (M1),1329,Tablet
"2021-11-16",5,iPad Air (5th Generation),1591,Tablet
"2020-10-30",9,iMac 24-inch,449,Desktop
"2024-08-11",1,MacBook Air (M1),1783,Laptop
"2023-05-02",10,Apple News+,253,Subscription Service
"2024-10-06",1,Apple Watch Ultra,346,Wearable
"2021-08-04",4,MacBook Pro 14-inch,768,Laptop
"2021-08-11",6,AirPods Max,1603,Audio
"2021-10-10",8,Apple TV (3rd Generation),477,Streaming Device
"2020-02-12",8,Mac Mini (M2),874,Desktop
"2022-02-21",10,iPhone 14 Pro Max,678,Smartphone
"2023-03-24",5,Apple TV+,404,Subscription Service
"2020-10-26",5,iPhone 12,1436,Smartphone
"2020-12-26",8,HomePod (2nd Generation),689,Audio
"2021-10-01",2,Apple Watch Hermès,1712,Wearable
"2021-03-18",7,Apple TV 4K,1255,Streaming Device
"2022-03-06",8,MacBook Air (M1),1783,Laptop
"2022-07-03",8,iPhone 13 Pro Max,820,Smartphone
"2020-04-18",3,iPhone 12 mini,1607,Smartphone
"2024-03-02",10,AirPods (2nd Generation),504,Audio
"2024-10-19",2,Apple Arcade,549,Subscription Service
"2022-07-26",6,Apple Watch Series 6,462,Wearable
"2023-02-03",5,Leather Case for iPhone,866,Accessories
"2022-12-01",6,Apple Music,1965,Subscription Service
"2020-12-25",9,iMac 27-inch,1918,Desktop
"2024-06-05",10,MagSafe Charger,1744,Accessories
"2021-09-11",9,Apple Music,1965,Subscription Service
"2023-08-24",8,MacBook Pro 16-inch,1179,Laptop
"2023-03-20",7,Mac Pro (2023),681,Desktop
"2023-11-14",4,Mac Pro (Rack),1415,Desktop
"2024-08-13",1,Mac Pro (2023),681,Desktop
"2023-10-24",2,iPhone 14,1476,Smartphone
"2022-11-21",5,Beats Studio Buds,762,Audio
"2022-03-01",1,Smart Keyboard Folio,572,Accessories
"2020-08-21",5,AirPods Pro,1167,Audio
"2023-03-24",1,iPad Pro 12.9-inch,1167,Tablet
"2021-10-25",5,iPad mini (6th Generation),573,Tablet
"2022-11-24",4,Mac Pro (2023),681,Desktop
"2020-11-16",5,iPad (9th Generation),1949,Tablet
"2021-08-11",10,HomePod (2nd Generation),689,Audio
"2023-05-24",8,Apple TV+,404,Subscription Service
"2022-12-27",10,MacBook Air (M1),1783,Laptop
"2022-04-04",1,iPhone 12 Pro Max,544,Smartphone
"2024-02-10",1,Apple Arcade,549,Subscription Service
"2022-02-02",8,AirPods (2nd Generation),504,Audio
"2022-03-03",3,Smart Keyboard Folio,572,Accessories
"2021-01-24",10,Beats Powerbeats Pro,1060,Audio
"2023-10-02",7,AirPods Pro (2nd Generation),696,Audio
"2022-11-29",6,iPhone 14 Pro Max,678,Smartphone
"2021-04-22",5,Beats Studio Buds,762,Audio
"2021-04-21",2,iPad Air (4th Generation),952,Tablet
"2021-11-30",6,Mac Pro (Tower),458,Desktop
"2021-08-29",5,iPad Pro 12.9-inch,1167,Tablet
"2022-05-05",2,iPhone 12 Pro Max,544,Smartphone
"2024-03-03",8,iPad Pro 11-inch,1761,Tablet
"2020-02-15",8,iPhone 14 Plus,1259,Smartphone
"2022-03-27",8,iPad mini (6th Generation),573,Tablet
"2022-07-24",2,MagSafe Charger,1744,Accessories
"2023-04-22",2,Magic Mouse,313,Accessories
"2020-09-08",7,Beats Powerbeats Pro,1060,Audio
"2024-11-06",10,Apple TV (3rd Generation),477,Streaming Device
"2022-12-18",7,iCloud,1181,Subscription Service
"2023-08-02",8,iPhone 12,1436,Smartphone
"2021-05-26",9,iPhone 12 mini,1607,Smartphone
"2022-06-27",1,iMac 24-inch,449,Desktop
"2020-10-23",5,iMac with Retina Display,343,Desktop
"2023-07-26",4,Leather Case for iPhone,866,Accessories
"2022-07-24",1,MacBook Pro 13-inch,1351,Laptop
"2022-07-16",7,AirTag,677,Accessories
"2023-11-17",3,Beats Powerbeats Pro,1060,Audio
"2021-10-10",10,Apple Fitness+,923,Subscription Service
"2021-10-29",2,Beats Solo Pro,1773,Audio
"2021-04-19",6,Apple Watch Hermès,1712,Wearable
"2021-12-26",7,AirPods Pro,1167,Audio
"2020-09-29",8,iMac 24-inch,449,Desktop
"2024-10-12",8,iPad Pro (M2),1826,Tablet
"2024-08-21",8,MacBook Pro 14-inch,768,Laptop
"2021-01-12",10,AirPods Max,1603,Audio
"2022-09-16",6,iPhone 12 mini,1607,Smartphone
"2021-12-21",5,MacBook Air (M2),1588,Laptop
"2021-09-14",1,HomePod,1202,Smart Speaker
"2023-05-17",6,MacBook (Early 2015),741,Laptop
"2023-10-14",7,Mac Mini (M2),874,Desktop
"2024-06-19",9,iPad mini (6th Generation),573,Tablet
"2021-06-11",1,iPhone 14 Pro Max,678,Smartphone
"2023-10-01",5,HomePod mini,266,Smart Speaker
"2023-01-05",2,Apple TV 4K,1255,Streaming Device
"2024-01-23",6,iPhone 13 Pro,308,Smartphone
"2020-01-20",4,HomePod mini,266,Smart Speaker
"2023-01-10",8,Apple Arcade,549,Subscription Service
"2021-12-31",9,iPhone 13 Pro Max,820,Smartphone
"2024-07-25",10,iPad Air (5th Generation),1591,Tablet
"2023-12-17",1,MacBook Air (Retina),1847,Laptop
"2022-05-02",7,Apple Watch Series 5,1296,Wearable
"2022-01-25",1,Apple TV+,404,Subscription Service
"2020-10-26",6,iPad mini (5th Generation),1912,Tablet
"2022-08-17",10,iPhone 13 mini,1092,Smartphone
"2021-02-13",2,Apple Watch Series 6,462,Wearable
"2020-08-21",9,iPad Pro 12.9-inch,1167,Tablet
"2024-08-15",4,Apple Pencil (2nd Generation),1506,Accessories
"2023-07-11",8,MacBook Pro 13-inch,1351,Laptop
"2021-02-28",3,Apple TV HD,1258,Streaming Device
"2020-07-26",8,HomePod mini,266,Smart Speaker
"2020-04-27",3,iPad Air (4th Generation),952,Tablet
"2023-11-07",1,iPhone 12 mini,1607,Smartphone
"2023-08-18",6,Apple Watch SE,1546,Wearable
"2021-02-21",9,Mac Studio,613,Desktop
"2022-05-12",8,Lightning to USB Cable,1434,Accessories
"2022-04-06",6,Apple Watch Series 5,1296,Wearable
"2024-01-12",4,MacBook Pro 14-inch,768,Laptop
"2021-07-18",6,Apple Watch Hermès,1712,Wearable
"2023-04-20",3,iPhone SE (3rd Generation),923,Smartphone
"2023-05-30",10,Lightning to USB Cable,1434,Accessories
"2020-09-19",3,MacBook Pro 16-inch,1179,Laptop
"2024-09-16",8,Magic Mouse,313,Accessories
"2023-09-13",5,Beats Fit Pro,1839,Audio
"2023-08-16",8,iPad Pro 12.9-inch,1167,Tablet
"2022-11-23",8,iPhone 14 Plus,1259,Smartphone
"2023-10-02",5,Lightning to USB Cable,1434,Accessories
"2024-06-07",3,iPhone 12 Pro,1342,Smartphone
"2021-08-26",7,MacBook Pro 14-inch,768,Laptop
"2023-11-25",2,Apple TV+,404,Subscription Service
"2024-10-18",2,iPhone 14 Plus,1259,Smartphone
"2023-07-28",10,MacBook,1149,Laptop
"2023-07-11",4,iPad mini (6th Generation),573,Tablet
"2020-02-11",2,AirPods Pro,1167,Audio
"2023-11-28",1,iPhone 14,1476,Smartphone
"2024-03-25",1,AirPods (3rd Generation),1842,Audio
"2021-01-11",10,Apple Music,1965,Subscription Service
"2021-09-17",5,iMac with Retina Display,343,Desktop
"2023-09-28",4,Mac Pro (2023),681,Desktop
"2021-12-18",8,Apple Watch Hermès,1712,Wearable
"2023-01-29",10,Apple Pencil (2nd Generation),1506,Accessories
"2020-04-09",4,iPhone 12 Pro,1342,Smartphone
"2022-12-25",9,iPad Air (5th Generation),1591,Tablet
"2021-10-26",5,AirPods Pro (2nd Generation),696,Audio
"2023-07-24",5,AirPods Pro,1167,Audio
"2024-05-09",1,Apple News+,253,Subscription Service
"2024-02-21",6,Beats Studio Buds,762,Audio
"2022-05-10",3,Apple Pencil (1st Generation),925,Accessories
"2024-09-16",3,MacBook Air (M1),1783,Laptop
"2024-03-20",4,MacBook Air (Retina),1847,Laptop
"2024-09-06",7,Apple Watch Series 6,462,Wearable
"2021-12-04",2,MacBook Pro 13-inch,1351,Laptop
"2024-04-05",3,iPad mini (5th Generation),1912,Tablet
"2023-02-09",6,iPhone SE (3rd Generation),923,Smartphone
"2022-03-01",1,iMac 27-inch,1918,Desktop
"2024-03-13",7,AirPods (2nd Generation),504,Audio
"2023-07-12",1,Lightning to USB Cable,1434,Accessories
"2022-11-15",5,Apple Watch Series 5,1296,Wearable
"2024-07-20",7,Apple TV HD,1258,Streaming Device
"2024-03-12",9,MacBook Pro 16-inch,1179,Laptop
"2020-08-25",7,Apple Watch Series 7,1431,Wearable
"2022-06-14",6,Apple Watch Series 7,1431,Wearable
"2021-03-26",3,Magic Trackpad,1242,Accessories
"2022-10-14",8,Mac Pro (2023),681,Desktop
"2020-08-21",5,iPhone 13 Pro Max,820,Smartphone
"2024-03-14",5,iPad Pro (M2),1826,Tablet
"2020-07-24",10,iMac 24-inch,449,Desktop
"2023-06-07",5,MacBook Air (M2),1588,Laptop
"2020-07-19",2,Lightning to USB Cable,1434,Accessories
"2021-02-11",4,MacBook (Retina),231,Laptop
"2022-09-02",2,MacBook,1149,Laptop
"2020-01-13",8,Apple Watch Series 9,1014,Wearable
"2023-09-06",3,Magic Keyboard with Touch ID,1162,Accessories
"2024-05-12",7,iPad (10th Generation),1735,Tablet
"2021-08-18",3,Beats Fit Pro,1839,Audio
"2020-06-15",10,HomePod mini,266,Smart Speaker
"2023-11-12",6,iPhone SE (3rd Generation),923,Smartphone
"2024-08-16",3,Mac Mini (M2),874,Desktop
"2020-05-24",8,Apple TV 4K,1255,Streaming Device
"2022-03-19",6,MacBook Pro 14-inch,768,Laptop
"2022-01-24",10,Apple TV HD,1258,Streaming Device
"2022-10-08",9,iPhone 13 Pro,308,Smartphone
"2022-12-30",1,Apple Watch Nike Edition,884,Wearable
"2021-09-21",3,HomePod (2nd Generation),689,Audio
"2020-12-13",3,Apple Watch Hermès,1712,Wearable
"2023-07-28",8,Leather Case for iPhone,866,Accessories
"2022-01-30",6,iPhone 12,1436,Smartphone
"2021-03-12",9,iPad Pro 11-inch,1761,Tablet
"2023-06-04",7,Silicone Case for iPhone,1210,Accessories
"2023-10-12",3,Lightning to USB Cable,1434,Accessories
"2024-08-26",9,iPad mini (6th Generation),573,Tablet
"2023-06-05",2,AirPods Pro (2nd Generation),696,Audio
"2021-04-18",2,Apple News+,253,Subscription Service
"2021-12-16",10,AirTag,677,Accessories
"2022-07-25",8,Apple TV 4K,1255,Streaming Device
"2023-01-08",8,Apple Watch Series 7,1431,Wearable
"2021-01-08",3,Mac Pro (Tower),458,Desktop
"2021-09-17",10,Silicone Case for iPhone,1210,Accessories
"2023-08-22",6,iPhone 14,1476,Smartphone
"2020-05-02",5,iPhone 13 Pro,308,Smartphone
"2022-08-05",5,iPad Pro (M1),1329,Tablet
"2020-03-03",6,iMac 24-inch,449,Desktop
"2020-03-16",9,iPhone 14 Pro,1380,Smartphone
"2021-05-25",3,Magic Keyboard,368,Accessories
"2022-05-07",1,iPad Pro (M2),1826,Tablet
"2023-07-12",6,iPhone 12,1436,Smartphone
"2020-07-17",4,HomePod,1202,Smart Speaker
"2020-04-22",5,iPhone 12 Pro,1342,Smartphone
"2024-02-22",6,Apple Watch Series 9,1014,Wearable
"2023-06-01",7,MagSafe Charger,1744,Accessories
"2021-08-29",10,AirPods Pro (2nd Generation),696,Audio
"2022-05-24",7,iPhone 12 mini,1607,Smartphone
"2020-04-18",5,Apple TV+,404,Subscription Service
"2023-04-29",3,Magic Keyboard,368,Accessories
"2023-12-27",1,Apple Music,1965,Subscription Service
"2020-12-26",6,MagSafe Charger,1744,Accessories
"2021-02-21",10,iPad Pro 11-inch,1761,Tablet
"2020-12-09",10,iPad mini (5th Generation),1912,Tablet
"2022-07-16",9,Apple Fitness+,923,Subscription Service
"2020-03-21",4,Apple Watch SE,1546,Wearable
"2020-11-30",6,Apple One,488,Subscription Service
"2022-11-28",6,iPad Pro 11-inch,1761,Tablet
"2022-10-19",2,Mac Pro (Rack),1415,Desktop
"2023-12-06",3,MacBook Air (M2),1588,Laptop
"2024-05-15",7,Apple Watch Series 9,1014,Wearable
"2021-09-25",1,Apple TV+,404,Subscription Service
"2021-07-03",4,AirPods (2nd Generation),504,Audio
"2021-06-17",5,AirPods Max,1603,Audio
"2020-11-11",10,AirPods Pro,1167,Audio
"2022-03-27",7,Mac Studio,613,Desktop
"2022-03-23",8,AirTag,677,Accessories
"2022-08-07",1,iPad Pro 12.9-inch,1167,Tablet
"2023-02-16",1,iPad Pro (M1),1329,Tablet
"2023-07-17",3,iPad Pro 12.9-inch,1167,Tablet
"2020-11-03",1,Mac Mini,555,Desktop
"2021-07-13",7,Apple Arcade,549,Subscription Service
"2022-09-06",9,iPhone 14 Pro Max,678,Smartphone
"2024-02-27",5,Apple Watch Ultra,346,Wearable
"2022-12-04",7,Apple TV+,404,Subscription Service
"2022-04-12",8,iPad (9th Generation),1949,Tablet
"2023-02-20",4,Apple Pencil (2nd Generation),1506,Accessories
"2020-12-06",9,Magic Trackpad,1242,Accessories
"2022-12-25",6,iMac Pro,1081,Desktop
"2024-07-16",3,iPhone 13,623,Smartphone
"2021-09-18",3,Magic Trackpad,1242,Accessories
"2024-10-20",8,Apple Watch Series 9,1014,Wearable
"2022-01-22",2,iPad Pro (M1),1329,Tablet
"2023-12-08",4,Magic Keyboard,368,Accessories
"2020-02-07",3,HomePod mini,266,Smart Speaker
"2024-01-06",3,iPhone 13 Pro Max,820,Smartphone
"2023-10-18",10,iMac 27-inch,1918,Desktop
"2022-04-08",5,iPhone 13,623,Smartphone
"2024-02-28",6,Apple Watch SE,1546,Wearable
"2024-10-28",7,Leather Case for iPhone,866,Accessories
"2023-05-12",2,iPhone 13 Pro Max,820,Smartphone
"2022-11-21",7,iPad (10th Generation),1735,Tablet
"2021-01-31",3,AirPods Max,1603,Audio
"2023-04-05",6,MacBook Air (M2),1588,Laptop
"2023-08-01",9,Magic Mouse,313,Accessories
"2023-07-10",6,HomePod mini,266,Smart Speaker
"2022-01-30",2,iPad mini (5th Generation),1912,Tablet
"2020-01-19",2,Magic Trackpad,1242,Accessories
"2021-07-04",3,Apple Watch Series 5,1296,Wearable
"2024-11-12",10,iPad Pro (M2),1826,Tablet
"2020-02-14",2,iPhone 14 Pro,1380,Smartphone
"2020-03-12",5,Apple Watch Series 6,462,Wearable
"2024-01-06",3,Smart Keyboard Folio,572,Accessories
"2021-09-28",10,Beats Studio Buds,762,Audio
"2024-05-24",2,iPhone 12 Pro Max,544,Smartphone
"2023-11-25",8,iPhone 14 Pro,1380,Smartphone
"2020-08-01",9,Apple Watch Series 7,1431,Wearable
"2022-01-07",7,MagSafe Battery Pack,1389,Accessories
"2022-06-08",7,Magic Keyboard with Touch ID,1162,Accessories
"2020-12-29",2,Beats Fit Pro,1839,Audio
"2023-09-02",6,HomePod (2nd Generation),689,Audio
"2021-05-19",7,iPhone 13 mini,1092,Smartphone
"2021-07-20",1,Mac Mini,555,Desktop
"2020-11-11",4,Beats Solo Pro,1773,Audio
"2023-04-18",4,Apple Watch Series 7,1431,Wearable
"2022-06-23",8,iMac 27-inch,1918,Desktop
"2023-02-16",4,Apple One,488,Subscription Service
"2024-01-13",1,AirPods Max,1603,Audio
"2020-12-19",5,Apple Watch Series 9,1014,Wearable
"2024-06-15",1,iPhone 13 Pro,308,Smartphone
"2022-11-01",1,Mac Pro (2023),681,Desktop
"2024-07-01",4,iPad Pro 11-inch,1761,Tablet
"2023-09-28",10,Mac Pro (Tower),458,Desktop
"2021-05-05",5,Leather Case for iPhone,866,Accessories
"2023-12-10",1,MacBook,1149,Laptop
"2024-08-01",4,iMac 27-inch,1918,Desktop
"2022-12-05",4,Apple Fitness+,923,Subscription Service
"2021-04-04",4,Apple Watch Series 9,1014,Wearable
"2020-04-25",8,iPhone 14 Pro Max,678,Smartphone
"2023-06-19",6,Apple Watch Nike Edition,884,Wearable
"2020-04-14",10,Apple News+,253,Subscription Service
"2020-01-02",6,iPhone 13 mini,1092,Smartphone
"2022-02-18",8,MacBook Pro (Touch Bar),1304,Laptop
"2024-09-22",5,iPad Pro 11-inch,1761,Tablet
"2024-03-03",2,Silicone Case for iPhone,1210,Accessories
"2024-04-09",5,Apple Fitness+,923,Subscription Service
"2022-11-07",4,AirPods (2nd Generation),504,Audio
"2020-11-23",6,iPhone 14 Pro,1380,Smartphone
"2020-01-30",1,iPhone 13,623,Smartphone
"2023-11-02",7,Apple Watch Series 8,1631,Wearable
"2022-07-28",7,Apple TV (3rd Generation),477,Streaming Device
"2021-06-04",5,iPad Pro 11-inch,1761,Tablet
"2024-03-12",9,MacBook Air (Retina),1847,Laptop
"2023-12-20",8,Apple One,488,Subscription Service
"2023-06-07",4,iPad Pro (M2),1826,Tablet
"2022-06-28",7,Apple Watch Ultra,346,Wearable
"2024-03-06",9,Apple Pencil (1st Generation),925,Accessories
"2021-07-01",3,Mac Pro (2023),681,Desktop
"2024-04-30",5,MacBook Pro 13-inch,1351,Laptop
"2020-05-20",7,Beats Solo Pro,1773,Audio
"2022-12-11",9,HomePod (2nd Generation),689,Audio
"2021-07-05",5,iMac with Retina Display,343,Desktop
"2021-10-14",7,Magic Keyboard,368,Accessories
"2023-02-19",10,Apple Pencil (1st Generation),925,Accessories
"2022-12-14",10,Apple Watch Nike Edition,884,Wearable
"2024-08-24",10,iMac 24-inch,449,Desktop
"2024-10-29",1,Apple Watch Hermès,1712,Wearable
"2022-03-25",1,MacBook (Early 2015),741,Laptop
"2020-10-13",10,iMac Pro,1081,Desktop
"2020-08-23",2,iPad Pro 12.9-inch,1167,Tablet
"2024-06-10",3,Silicone Case for iPhone,1210,Accessories
"2020-11-14",1,HomePod mini,266,Smart Speaker
"2022-12-21",6,Beats Solo Pro,1773,Audio
"2022-03-11",9,Apple Watch Ultra,346,Wearable
"2020-04-01",9,iPad mini (6th Generation),573,Tablet
"2021-01-21",8,Apple Watch Series 7,1431,Wearable
"2022-07-15",10,Mac Mini,555,Desktop
"2021-01-07",2,Apple Music,1965,Subscription Service
"2023-11-19",8,iPhone 14 Plus,1259,Smartphone
"2023-11-01",7,MacBook Air (M1),1783,Laptop
"2024-08-15",2,iPad Pro 11-inch,1761,Tablet
"2020-03-16",7,AirPods Max,1603,Audio
"2023-05-19",5,iPhone 14,1476,Smartphone
"2021-11-05",5,Apple Pencil (1st Generation),925,Accessories
"2022-12-16",8,MacBook,1149,Laptop
"2020-07-23",9,Apple News+,253,Subscription Service
"2021-10-18",6,Apple Watch SE,1546,Wearable
"2020-01-25",2,MacBook Air (M1),1783,Laptop
"2021-10-01",5,Lightning to USB Cable,1434,Accessories
"2020-03-11",8,iPad (9th Generation),1949,Tablet
"2022-03-08",4,MacBook Pro 14-inch,768,Laptop
"2023-07-27",3,Mac Mini,555,Desktop
"2020-02-14",3,Apple Watch Series 6,462,Wearable
"2024-06-01",8,MacBook Pro 14-inch,768,Laptop
"2022-10-10",3,Magic Keyboard,368,Accessories
"2024-03-13",4,HomePod mini,266,Smart Speaker
"2022-04-12",7,MacBook,1149,Laptop
"2021-10-10",1,Apple TV HD,1258,Streaming Device
"2022-02-10",4,Apple One,488,Subscription Service
"2021-04-02",4,iPhone 13 Pro Max,820,Smartphone
"2021-08-06",2,Apple Watch Series 7,1431,Wearable
"2021-03-25",10,MacBook Air (M1),1783,Laptop
"2024-04-23",9,iPhone 14 Pro Max,678,Smartphone
"2021-02-18",5,Apple TV+,404,Subscription Service
"2023-10-29",3,Mac Studio,613,Desktop
"2021-11-11",7,Mac Mini (M2),874,Desktop
"2021-01-10",10,iPad Air (5th Generation),1591,Tablet
"2020-09-03",8,Apple News+,253,Subscription Service
"2022-07-11",4,iMac with Retina Display,343,Desktop
"2023-12-08",4,Apple TV 4K,1255,Streaming Device
"2024-03-26",6,MacBook Pro 16-inch,1179,Laptop
"2023-11-21",4,Apple TV HD,1258,Streaming Device
"2024-07-03",8,iPad Pro 12.9-inch,1167,Tablet
"2022-06-09",4,Mac Studio,613,Desktop
"2020-06-02",9,iPad Pro (M2),1826,Tablet
"2023-02-21",6,iPad mini (5th Generation),1912,Tablet
"2022-07-26",8,Mac Pro (2023),681,Desktop
"2020-01-26",9,iPhone 14 Pro Max,678,Smartphone
"2023-01-07",5,Mac Pro (Rack),1415,Desktop
"2021-12-15",4,Apple Watch Series 8,1631,Wearable
"2023-02-18",6,Mac Pro (Tower),458,Desktop
"2022-12-11",7,iPad Pro 11-inch,1761,Tablet
"2022-12-31",4,iPhone 12 Pro Max,544,Smartphone
"2020-08-06",5,MacBook Air (M2),1588,Laptop
"2021-06-30",10,Apple Watch Series 5,1296,Wearable
"2022-02-13",4,iPad Pro 11-inch,1761,Tablet
"2020-05-28",6,iPad (10th Generation),1735,Tablet
"2020-03-08",3,Silicone Case for iPhone,1210,Accessories
"2023-03-16",3,AirPods Pro (2nd Generation),696,Audio
"2021-12-10",3,iPad (9th Generation),1949,Tablet
"2022-04-13",1,Mac Pro (Tower),458,Desktop
"2022-07-03",1,iPad mini (6th Generation),573,Tablet
"2020-01-03",10,Apple Watch Series 8,1631,Wearable
"2020-01-04",4,Magic Keyboard,368,Accessories
"2023-01-28",4,HomePod mini,438,Audio
"2023-07-30",5,MacBook,1149,Laptop
"2022-06-16",10,Magic Trackpad,1242,Accessories
"2020-06-06",1,iPhone 14 Plus,1259,Smartphone
"2024-05-17",7,MacBook Pro (Touch Bar),1304,Laptop
"2024-10-17",7,iPad Pro (M1),1329,Tablet
"2020-06-14",4,HomePod mini,438,Audio
"2024-10-03",7,MacBook Pro (Touch Bar),1304,Laptop
"2021-10-19",9,Mac Mini (M2),874,Desktop
"2022-05-29",10,Magic Mouse,313,Accessories
"2022-11-06",3,iPhone 14 Plus,1259,Smartphone
"2024-05-29",7,Magic Trackpad,1242,Accessories
"2022-07-15",10,iMac 24-inch,449,Desktop
"2023-05-25",5,MacBook (Early 2015),741,Laptop
"2022-12-19",10,iPhone SE (3rd Generation),923,Smartphone
"2022-02-12",9,Magic Keyboard,368,Accessories
"2023-08-21",5,Apple Watch Series 5,1296,Wearable
"2020-06-29",10,HomePod mini,438,Audio
"2024-04-16",9,iPad Pro 11-inch,1761,Tablet
"2023-07-19",2,Apple Arcade,549,Subscription Service
"2022-12-24",8,iPad Pro (M2),1826,Tablet
"2022-11-25",7,MacBook Air (M2),1588,Laptop
"2024-02-06",4,Smart Keyboard Folio,572,Accessories
"2021-04-11",5,Lightning to USB Cable,1434,Accessories
"2020-06-11",5,Mac Mini (M2),874,Desktop
"2023-01-02",3,iPhone 13,623,Smartphone
"2022-06-18",5,MacBook Air (M2),1588,Laptop
"2022-03-03",10,Apple Watch Series 6,462,Wearable
"2024-02-06",6,iPad Air (4th Generation),952,Tablet
"2023-08-19",4,Apple Watch SE,1546,Wearable
"2020-06-17",10,MacBook Pro (Touch Bar),1304,Laptop
"2023-04-09",5,HomePod,1202,Smart Speaker
"2020-07-06",5,iCloud,1181,Subscription Service
"2021-06-16",5,MacBook Air (M1),1783,Laptop
"2024-08-28",8,Apple Watch Series 7,1431,Wearable
"2022-01-30",1,iMac Pro,1081,Desktop
"2024-01-16",2,iPhone 13 mini,1092,Smartphone
"2021-07-01",10,Apple Music,1965,Subscription Service
"2020-06-19",2,iPhone 12 Pro Max,544,Smartphone
"2021-08-11",2,MagSafe Battery Pack,1389,Accessories
"2022-09-27",4,iPad Pro 11-inch,1761,Tablet
"2023-11-07",1,Apple Pencil (1st Generation),925,Accessories
"2020-03-10",4,Apple Arcade,549,Subscription Service
"2022-08-20",3,Apple Watch SE,1546,Wearable
"2020-09-14",1,iMac with Retina Display,343,Desktop
"2020-03-18",2,Apple Watch Ultra,346,Wearable
"2022-10-25",5,iPhone SE (3rd Generation),923,Smartphone
"2020-03-01",8,MacBook (Retina),231,Laptop
"2020-09-26",10,Lightning to USB Cable,1434,Accessories
"2023-09-30",9,iMac Pro,1081,Desktop
"2020-10-16",7,Apple Pencil (2nd Generation),1506,Accessories
"2023-07-29",7,Apple TV 4K,1255,Streaming Device
"2020-03-13",3,Apple TV HD,1258,Streaming Device
"2024-10-05",3,Apple Watch Series 7,1431,Wearable
"2021-06-05",9,iPhone 12,1436,Smartphone
"2020-12-10",8,iPhone 12,1436,Smartphone
"2023-11-08",8,Mac Mini,555,Desktop
"2022-12-18",7,Mac Pro (Tower),458,Desktop
"2023-09-27",2,iMac 24-inch,449,Desktop
"2021-08-31",4,MacBook (Early 2015),741,Laptop
"2021-10-14",5,HomePod (2nd Generation),689,Audio
"2021-02-04",2,HomePod (2nd Generation),689,Audio
"2021-06-24",9,AirPods (2nd Generation),504,Audio
"2020-06-21",9,MacBook Pro 16-inch,1179,Laptop
"2022-04-25",9,iPhone 13 Pro,308,Smartphone
"2024-03-01",3,AirPods Max,1603,Audio
"2022-12-04",6,MacBook,1149,Laptop
"2021-03-20",5,Beats Powerbeats Pro,1060,Audio
"2020-02-15",4,Mac Mini (M2),874,Desktop
"2024-01-01",8,AirTag,677,Accessories
"2020-12-22",1,MacBook Air (M1),1783,Laptop
"2021-01-15",10,AirPods Max,1603,Audio
"2021-04-05",2,MagSafe Battery Pack,1389,Accessories
"2021-04-22",10,Magic Mouse,313,Accessories
"2021-05-12",6,iPad (9th Generation),1949,Tablet
"2023-03-12",4,iPhone 13 mini,1092,Smartphone
"2023-01-29",3,iPad Pro 12.9-inch,1167,Tablet
"2020-08-17",5,Apple News+,253,Subscription Service
"2024-09-14",5,MacBook (Early 2015),741,Laptop
"2023-07-28",8,Smart Cover for iPad,1014,Accessories
"2023-05-28",3,HomePod (2nd Generation),689,Audio
"2022-05-28",5,MacBook Pro (Touch Bar),1304,Laptop
"2020-09-14",4,Apple News+,253,Subscription Service
"2024-10-14",5,HomePod,1202,Smart Speaker
"2024-03-07",5,iMac Pro,1081,Desktop
"2022-05-16",2,Leather Case for iPhone,866,Accessories
"2024-07-31",5,HomePod mini,266,Smart Speaker
"2024-05-27",9,AirPods Max,1603,Audio
"2024-04-21",2,Magic Keyboard,368,Accessories
"2023-04-02",9,Apple TV (3rd Generation),477,Streaming Device
"2024-05-30",9,Mac Pro (Tower),458,Desktop
"2021-11-23",4,MacBook (Early 2015),741,Laptop
"2022-04-28",7,Mac Studio,613,Desktop
"2021-08-07",5,iPhone 12 Pro,1342,Smartphone
"2020-05-19",8,AirPods (3rd Generation),1842,Audio
"2023-09-19",6,HomePod mini,266,Smart Speaker
"2021-07-25",10,AirPods (3rd Generation),1842,Audio
"2024-06-15",7,MacBook Air (M1),1783,Laptop
"2022-05-20",6,iPad Pro (M1),1329,Tablet
"2021-07-25",8,iPhone 12 Pro,1342,Smartphone
"2021-12-21",1,MacBook Pro 16-inch,1179,Laptop
"2022-04-29",10,Apple Watch Nike Edition,884,Wearable
"2020-11-22",10,Magic Trackpad,1242,Accessories
"2022-09-25",1,iPad Pro (M2),1826,Tablet
"2024-03-07",1,MacBook Pro 13-inch,1351,Laptop
"2021-04-24",5,Magic Keyboard,368,Accessories
"2024-06-27",7,iPhone 13 Pro,308,Smartphone
"2022-12-11",4,Apple TV+,404,Subscription Service
"2021-01-22",7,Apple Watch Series 7,1431,Wearable
"2022-07-18",10,iPhone 14 Pro Max,678,Smartphone
"2023-04-01",2,MagSafe Charger,1744,Accessories
"2022-03-27",7,Silicone Case for iPhone,1210,Accessories
"2020-04-26",9,Apple Watch Series 5,1296,Wearable
"2023-10-13",2,iPhone 13 mini,1092,Smartphone
"2020-02-03",5,HomePod,1202,Smart Speaker
"2021-12-20",2,Magic Mouse,313,Accessories
"2023-02-16",7,Magic Trackpad,1242,Accessories
"2024-03-08",3,AirTag,677,Accessories
"2020-07-11",7,Mac Studio,613,Desktop
"2024-03-19",7,Apple Watch Nike Edition,884,Wearable
"2022-07-04",8,MacBook Air (M1),1783,Laptop
"2022-06-15",3,iPad mini (5th Generation),1912,Tablet
"2024-06-29",2,Apple Watch Series 9,1014,Wearable
"2021-03-11",9,MacBook Pro 13-inch,1351,Laptop
"2024-11-07",3,iPad Pro (M2),1826,Tablet
"2020-04-08",4,iPhone 12 Pro Max,544,Smartphone
"2022-06-25",8,iPhone 14 Pro Max,678,Smartphone
"2020-06-22",5,iCloud,1181,Subscription Service
"2021-11-14",10,Beats Studio Buds,762,Audio
"2024-04-21",6,iPhone 13,623,Smartphone
"2023-05-20",8,AirTag,677,Accessories
"2022-08-21",7,iPhone 14 Pro,1380,Smartphone
"2021-11-08",2,Apple Watch Series 5,1296,Wearable
"2020-05-17",1,iPhone 12 mini,1607,Smartphone
"2020-11-22",7,Apple TV 4K,1255,Streaming Device
"2020-06-01",10,Apple TV 4K,1255,Streaming Device
"2020-08-03",7,MacBook Air (M2),1588,Laptop
"2022-06-21",7,iPad Air (4th Generation),952,Tablet
"2020-04-18",8,Apple News+,253,Subscription Service
"2020-01-19",3,iPad Air (5th Generation),1591,Tablet
"2022-10-31",10,MacBook Air (M2),1588,Laptop
"2020-05-13",3,iPad mini (5th Generation),1912,Tablet
"2020-09-27",9,Mac Studio,613,Desktop
"2020-09-14",4,Apple Music,1965,Subscription Service
"2023-12-14",7,iPhone 14,1476,Smartphone
"2023-12-17",10,Apple News+,253,Subscription Service
"2022-10-05",8,Apple Pencil (2nd Generation),1506,Accessories
"2024-09-26",8,iPhone 13 Pro Max,820,Smartphone
"2020-04-11",1,iPad Air (5th Generation),1591,Tablet
"2023-09-04",10,Apple Fitness+,923,Subscription Service
"2023-08-16",10,HomePod mini,438,Audio
"2022-03-31",4,Apple Watch Series 7,1431,Wearable
"2020-03-24",4,iPad Pro (M1),1329,Tablet
"2021-05-07",8,MacBook Pro (Touch Bar),1304,Laptop
"2022-07-12",10,iPhone 13 Pro,308,Smartphone
"2023-01-29",1,HomePod mini,266,Smart Speaker
"2023-08-20",6,Apple Pencil (1st Generation),925,Accessories
"2023-06-30",6,MacBook,1149,Laptop
"2024-08-19",8,Magic Mouse,313,Accessories
"2022-09-04",3,Apple Watch Series 7,1431,Wearable
"2021-12-14",3,Magic Mouse,313,Accessories
"2022-03-10",5,iPhone 12 Pro Max,544,Smartphone
"2021-11-24",8,HomePod (2nd Generation),689,Audio
"2020-09-25",1,iPhone 13 mini,1092,Smartphone
"2024-04-23",10,Mac Pro (2023),681,Desktop
"2020-08-29",9,HomePod mini,438,Audio
"2024-04-28",10,iPad Pro 12.9-inch,1167,Tablet
"2020-04-23",10,Leather Case for iPhone,866,Accessories
"2021-01-28",4,MacBook Pro 14-inch,768,Laptop
"2022-12-22",3,iPhone 12 Pro,1342,Smartphone
"2021-06-01",7,Silicone Case for iPhone,1210,Accessories
"2022-11-06",7,iMac with Retina Display,343,Desktop
"2020-04-28",3,iPad Pro (M2),1826,Tablet
"2024-07-08",10,AirPods Max,1603,Audio
"2022-07-07",5,Apple Watch Ultra,346,Wearable
"2022-11-23",8,Mac Mini,555,Desktop
"2021-11-13",6,Apple Watch Series 5,1296,Wearable
"2020-12-11",2,Apple Watch Series 7,1431,Wearable
"2024-08-14",2,iPhone 14 Plus,1259,Smartphone
"2024-01-10",2,Apple Watch Series 7,1431,Wearable
"2022-01-08",5,Beats Powerbeats Pro,1060,Audio
"2024-02-17",3,Mac Pro (2023),681,Desktop
"2024-10-11",7,iPhone 12 Pro,1342,Smartphone
"2020-07-06",6,AirPods (3rd Generation),1842,Audio
"2023-07-09",4,HomePod mini,266,Smart Speaker
"2023-01-18",4,MacBook (Early 2015),741,Laptop
"2021-01-10",5,iPhone 14,1476,Smartphone
"2020-10-24",8,iPhone 13 mini,1092,Smartphone
"2023-09-30",7,iCloud,1181,Subscription Service
"2020-11-17",3,Apple Watch Ultra,346,Wearable
"2024-01-05",9,iPad Pro (M2),1826,Tablet
"2020-02-03",5,MacBook (Retina),231,Laptop
"2023-10-21",1,iMac 27-inch,1918,Desktop
"2021-08-22",9,iPhone 12 mini,1607,Smartphone
"2022-04-06",7,Apple Watch Series 5,1296,Wearable
"2023-02-05",8,iPad mini (6th Generation),573,Tablet
"2020-03-15",2,iPad Pro (M1),1329,Tablet
"2022-07-09",1,Apple Music,1965,Subscription Service
"2024-11-01",1,Lightning to USB Cable,1434,Accessories
"2023-06-09",3,HomePod mini,438,Audio
"2024-04-19",1,Apple Watch Hermès,1712,Wearable
"2022-01-01",4,AirPods (2nd Generation),504,Audio
"2021-03-14",3,AirTag,677,Accessories
"2023-03-14",9,HomePod mini,438,Audio
"2020-12-22",5,AirPods (3rd Generation),1842,Audio
"2023-08-09",6,Apple Watch Hermès,1712,Wearable
"2022-02-02",2,iPad Pro 12.9-inch,1167,Tablet
"2023-09-02",1,Apple News+,253,Subscription Service
"2022-02-02",2,MacBook Air (M1),1783,Laptop
"2020-02-10",4,iPhone 13 Pro,308,Smartphone
"2023-09-16",7,iPad (9th Generation),1949,Tablet
"2021-03-09",9,Apple Watch Hermès,1712,Wearable
"2020-04-19",7,iPad mini (6th Generation),573,Tablet
"2021-11-18",5,AirPods (2nd Generation),504,Audio
"2023-12-23",8,iPhone 13 Pro Max,820,Smartphone
"2023-01-30",3,iMac Pro,1081,Desktop
"2024-09-06",6,AirPods (3rd Generation),1842,Audio
"2022-08-28",10,Mac Pro (Rack),1415,Desktop
"2021-06-29",6,Apple Watch Series 8,1631,Wearable
"2021-07-31",8,AirPods Pro,1167,Audio
"2022-08-29",6,iPhone 14 Pro Max,678,Smartphone
"2020-05-14",8,Magic Keyboard with Touch ID,1162,Accessories
"2021-04-20",2,MacBook (Early 2015),741,Laptop
"2022-05-19",6,AirPods (3rd Generation),1842,Audio
"2023-06-06",1,iPhone 13 mini,1092,Smartphone
"2024-08-28",7,Apple Arcade,549,Subscription Service
"2022-11-10",1,iPhone 14 Pro Max,678,Smartphone
"2022-10-30",2,Magic Keyboard with Touch ID,1162,Accessories
"2024-09-09",1,HomePod mini,266,Smart Speaker
"2022-11-04",6,iPhone 14 Pro,1380,Smartphone
"2020-04-27",1,MacBook Air (M2),1588,Laptop
"2022-03-04",9,iPhone 12 Pro Max,544,Smartphone
"2020-11-03",2,Apple Music,1965,Subscription Service
"2023-11-22",5,Mac Pro (Tower),458,Desktop
"2021-04-25",1,MacBook Air (M2),1588,Laptop
"2021-06-16",1,MacBook Air (Retina),1847,Laptop
"2022-05-11",4,MacBook Pro (Touch Bar),1304,Laptop
"2021-11-29",10,AirPods (2nd Generation),504,Audio
"2022-11-26",1,iPhone 13,623,Smartphone
"2022-07-01",4,Mac Mini (M2),874,Desktop
"2024-06-28",4,iPhone 12,1436,Smartphone
"2023-06-15",7,iPhone 12 Pro Max,544,Smartphone
"2023-05-05",6,iPhone 13 Pro,308,Smartphone
"2024-10-24",9,MacBook Air (Retina),1847,Laptop
"2022-12-14",5,HomePod,1202,Smart Speaker
"2020-08-21",7,iPad mini (6th Generation),573,Tablet
"2022-11-12",3,iPhone 14 Pro Max,678,Smartphone
"2023-08-22",1,AirTag,677,Accessories
"2020-05-02",4,Apple Music,1965,Subscription Service
"2022-06-12",8,Leather Case for iPhone,866,Accessories
"2024-09-28",8,Mac Pro (Tower),458,Desktop
"2022-02-03",7,Mac Pro (2023),681,Desktop
"2022-08-24",7,Leather Case for iPhone,866,Accessories
"2022-06-20",5,MacBook (Early 2015),741,Laptop
"2020-02-09",3,iPad (10th Generation),1735,Tablet
"2020-08-02",2,Lightning to USB Cable,1434,Accessories
"2022-12-01",4,MacBook Pro (Touch Bar),1304,Laptop
"2021-07-27",4,iPad Pro (M1),1329,Tablet
"2024-07-30",1,Magic Keyboard with Touch ID,1162,Accessories
"2022-03-09",6,MacBook (Early 2015),741,Laptop
"2024-04-23",1,iPad Pro (M2),1826,Tablet
"2023-01-11",1,iMac with Retina Display,343,Desktop
"2022-03-22",10,iPhone 14,1476,Smartphone
"2021-08-07",1,iPhone 12 Pro,1342,Smartphone
"2020-04-11",6,Mac Mini,555,Desktop
"2024-07-07",9,iPad mini (6th Generation),573,Tablet
"2024-06-25",4,Lightning to USB Cable,1434,Accessories
"2023-08-23",5,iMac 27-inch,1918,Desktop
"2024-01-19",10,MacBook Air (M1),1783,Laptop
"2021-03-17",4,iPad Pro (M2),1826,Tablet
"2020-01-30",7,Mac Pro (Rack),1415,Desktop
"2021-08-18",7,iPad (10th Generation),1735,Tablet
"2023-07-20",9,Apple Music,1965,Subscription Service
"2021-05-13",9,iPad Pro 12.9-inch,1167,Tablet
"2021-04-30",4,iPhone 13 Pro Max,820,Smartphone
"2020-07-11",8,Magic Mouse,313,Accessories
"2022-11-05",1,Apple Fitness+,923,Subscription Service
"2022-03-04",4,iPhone 13,623,Smartphone
"2021-04-24",10,iPad Air (4th Generation),952,Tablet
"2021-12-07",1,Apple Watch Series 8,1631,Wearable
"2021-06-28",1,iPhone 13 Pro,308,Smartphone
"2020-09-16",9,Apple Watch Series 5,1296,Wearable
"2021-05-26",6,iPhone 13 Pro Max,820,Smartphone
"2022-05-24",9,Smart Keyboard Folio,572,Accessories
"2023-09-06",4,Beats Powerbeats Pro,1060,Audio
"2024-07-17",6,MacBook Air (M1),1783,Laptop
"2022-02-02",6,Apple Pencil (1st Generation),925,Accessories
"2024-08-17",5,iPhone SE (3rd Generation),923,Smartphone
"2023-05-12",8,Leather Case for iPhone,866,Accessories
"2024-08-16",4,Apple TV (3rd Generation),477,Streaming Device
"2024-04-29",3,iPhone 14 Pro Max,678,Smartphone
"2020-03-05",4,Mac Pro (Tower),458,Desktop
"2024-02-28",2,HomePod (2nd Generation),689,Audio
"2023-09-14",8,iPad Pro 11-inch,1761,Tablet
"2023-02-02",9,Apple Pencil (2nd Generation),1506,Accessories
"2020-11-25",9,iMac Pro,1081,Desktop
"2020-07-16",9,iPhone 12 mini,1607,Smartphone
"2023-01-16",10,Mac Pro (Tower),458,Desktop
"2020-08-26",1,Apple Watch Series 7,1431,Wearable
"2020-03-13",8,AirPods Pro (2nd Generation),696,Audio
"2023-07-28",2,MacBook (Retina),231,Laptop
"2021-06-14",6,Beats Fit Pro,1839,Audio
"2023-02-13",6,iMac with Retina Display,343,Desktop
"2020-07-27",4,iPhone 12,1436,Smartphone
"2022-10-08",6,Apple Fitness+,923,Subscription Service
"2024-09-22",6,MacBook Air (M2),1588,Laptop
"2022-06-02",2,Lightning to USB Cable,1434,Accessories
"2020-12-13",10,iPad Pro (M1),1329,Tablet
"2022-06-05",8,Apple Watch Series 5,1296,Wearable
"2024-04-13",5,Apple Music,1965,Subscription Service
"2022-11-13",4,iMac with Retina Display,343,Desktop
"2024-01-10",4,Mac Pro (2023),681,Desktop
"2020-04-28",5,Mac Studio,613,Desktop
"2022-09-10",1,iPad mini (5th Generation),1912,Tablet
"2023-04-12",5,MagSafe Charger,1744,Accessories
"2020-03-14",3,HomePod (2nd Generation),689,Audio
"2021-06-25",7,iPhone SE (3rd Generation),923,Smartphone
"2022-09-30",10,MacBook Pro 14-inch,768,Laptop
"2022-06-28",2,MacBook (Retina),231,Laptop
"2021-02-19",3,Apple Watch Series 9,1014,Wearable
"2020-10-24",1,iPhone 12 Pro Max,544,Smartphone
"2020-10-14",8,Leather Case for iPhone,866,Accessories
"2023-03-20",2,Mac Pro (Tower),458,Desktop
"2023-11-19",3,iPhone 13 mini,1092,Smartphone
"2022-08-31",1,iPad Pro 12.9-inch,1167,Tablet
"2020-12-14",7,Apple Arcade,549,Subscription Service
"2024-04-17",7,Beats Solo Pro,1773,Audio
"2021-12-08",8,Mac Pro (Rack),1415,Desktop
"2024-06-26",1,MacBook,1149,Laptop
"2023-10-22",2,Mac Studio,613,Desktop
"2021-02-09",1,Magic Mouse,313,Accessories
"2022-07-06",9,iPad (9th Generation),1949,Tablet
"2024-02-20",8,AirPods (3rd Generation),1842,Audio
"2020-09-10",6,AirTag,677,Accessories
"2021-04-06",9,iPhone 14 Pro Max,678,Smartphone
"2023-04-15",4,iPhone 14,1476,Smartphone
"2023-07-28",1,iPhone 12,1436,Smartphone
"2021-01-26",6,MacBook Air (M2),1588,Laptop
"2023-08-28",3,iPhone 12 mini,1607,Smartphone
"2020-03-28",6,Silicone Case for iPhone,1210,Accessories
"2023-07-03",4,Apple Fitness+,923,Subscription Service
"2023-08-01",7,HomePod mini,266,Smart Speaker
"2020-09-24",8,Mac Mini (M2),874,Desktop
"2021-01-22",6,Apple Fitness+,923,Subscription Service
"2022-08-06",3,Apple One,488,Subscription Service
"2023-01-21",3,HomePod mini,266,Smart Speaker
"2021-04-04",1,iPhone 12 mini,1607,Smartphone
"2020-03-12",2,Magic Keyboard with Touch ID,1162,Accessories
"2020-06-16",8,iPad Pro (M1),1329,Tablet
"2020-05-05",2,Apple One,488,Subscription Service
"2020-02-01",10,Mac Pro (Rack),1415,Desktop
"2020-01-22",7,MacBook Pro 13-inch,1351,Laptop
"2020-01-19",9,iPad Pro (M2),1826,Tablet
"2020-08-01",5,Smart Keyboard Folio,572,Accessories
"2023-03-07",10,iPhone SE (3rd Generation),923,Smartphone
"2023-06-03",9,Mac Studio,613,Desktop
"2020-06-25",5,HomePod,1202,Smart Speaker
"2020-12-21",5,MacBook Pro (Touch Bar),1304,Laptop
"2020-02-03",3,MacBook,1149,Laptop
"2020-10-23",4,MacBook Pro 14-inch,768,Laptop
"2023-12-07",6,iPad mini (5th Generation),1912,Tablet
"2022-04-04",4,iPhone 13 Pro,308,Smartphone
"2021-02-16",7,HomePod (2nd Generation),689,Audio
"2021-12-18",9,iPad Pro 12.9-inch,1167,Tablet
"2021-05-07",2,Mac Mini (M2),874,Desktop
"2020-01-17",3,iCloud,1181,Subscription Service
"2023-03-04",1,Beats Studio Buds,762,Audio
"2022-06-01",9,iPhone 14 Plus,1259,Smartphone
"2024-07-12",7,iPhone 13,623,Smartphone
"2024-02-15",9,iPad (9th Generation),1949,Tablet
"2020-06-05",10,Mac Mini (M2),874,Desktop
"2021-09-22",6,Magic Mouse,313,Accessories
"2020-02-10",1,iPad Pro 12.9-inch,1167,Tablet
"2021-07-10",8,Apple Watch Series 5,1296,Wearable
"2024-10-18",10,Beats Fit Pro,1839,Audio
"2022-06-07",9,iPad (9th Generation),1949,Tablet
"2020-02-18",8,Apple One,488,Subscription Service
"2020-07-30",3,iPad (10th Generation),1735,Tablet
"2023-10-04",1,Apple Watch Ultra,346,Wearable
"2024-07-31",1,MacBook Pro 13-inch,1351,Laptop
"2024-05-16",1,MacBook Pro (Touch Bar),1304,Laptop
"2024-09-20",3,Magic Trackpad,1242,Accessories
"2024-01-09",8,Magic Mouse,313,Accessories
"2023-05-05",7,MagSafe Charger,1744,Accessories
"2021-03-13",7,Silicone Case for iPhone,1210,Accessories
"2024-06-13",5,Apple Watch Hermès,1712,Wearable
"2020-10-24",5,Apple Watch SE,1546,Wearable
"2021-04-19",2,AirTag,677,Accessories
"2020-08-18",5,Magic Trackpad,1242,Accessories
"2021-07-20",8,iPhone 13 Pro,308,Smartphone
"2024-09-08",7,HomePod (2nd Generation),689,Audio
"2023-02-01",8,Magic Mouse,313,Accessories
"2020-07-10",10,Apple TV (3rd Generation),477,Streaming Device
"2020-09-09",9,MagSafe Battery Pack,1389,Accessories
"2020-09-24",9,Apple Watch SE,1546,Wearable
"2023-07-22",4,iPhone 12 mini,1607,Smartphone
"2022-06-29",10,MacBook Pro (Touch Bar),1304,Laptop
"2020-02-13",8,Magic Trackpad,1242,Accessories
"2022-09-29",1,iPhone 14 Pro Max,678,Smartphone
"2022-12-13",5,MacBook Air (Retina),1847,Laptop
"2021-12-16",4,Mac Mini,555,Desktop
"2021-06-26",9,iPhone 12 mini,1607,Smartphone
"2020-08-29",3,Apple TV HD,1258,Streaming Device
"2021-08-23",4,HomePod mini,266,Smart Speaker
"2022-12-06",8,iPhone 12,1436,Smartphone
"2024-03-08",1,iPhone 12,1436,Smartphone
"2024-08-14",10,iPhone 14 Plus,1259,Smartphone
"2024-02-26",2,Apple Watch Hermès,1712,Wearable
"2024-01-18",10,MacBook Pro 16-inch,1179,Laptop
"2020-01-16",4,iPad (9th Generation),1949,Tablet
"2023-07-13",2,Apple Watch Series 8,1631,Wearable
"2021-12-05",6,MacBook Pro 14-inch,768,Laptop
"2024-06-25",3,HomePod (2nd Generation),689,Audio
"2022-04-09",1,iPhone 12 mini,1607,Smartphone
"2024-05-17",7,iMac 24-inch,449,Desktop
"2020-11-14",7,Apple Watch Series 5,1296,Wearable
"2024-01-11",10,iPad mini (5th Generation),1912,Tablet
"2021-07-30",4,AirPods Pro,1167,Audio
"2024-04-09",1,iPhone 13 Pro Max,820,Smartphone
"2022-01-13",1,AirPods Pro,1167,Audio
"2020-07-10",3,Mac Mini (M2),874,Desktop
"2024-10-06",8,AirPods Pro,1167,Audio
"2024-05-11",4,Apple Watch Series 8,1631,Wearable
"2021-12-01",1,MacBook Pro 14-inch,768,Laptop
"2024-07-28",3,Smart Cover for iPad,1014,Accessories
"2022-09-11",6,Smart Cover for iPad,1014,Accessories
"2023-09-07",4,iPad (9th Generation),1949,Tablet
"2023-08-24",9,MacBook (Retina),231,Laptop
"2020-12-11",1,iPhone 13 Pro,308,Smartphone
"2024-05-08",6,Apple Watch Nike Edition,884,Wearable
"2022-08-29",7,iPad Air (5th Generation),1591,Tablet
"2022-08-04",1,iMac 27-inch,1918,Desktop
"2024-03-31",1,MacBook Air (M2),1588,Laptop
"2021-11-19",7,Apple Watch Series 6,462,Wearable
"2021-11-30",8,iPad Pro (M1),1329,Tablet
"2023-10-06",6,iPhone 12 Pro,1342,Smartphone
"2023-01-16",4,HomePod,1202,Smart Speaker
"2024-05-20",4,iPhone 12 Pro,1342,Smartphone
"2024-08-21",6,iPhone 14 Pro,1380,Smartphone
"2021-04-03",4,Apple TV 4K,1255,Streaming Device
"2021-09-25",4,Mac Pro (2023),681,Desktop
"2022-11-22",7,Apple Watch Series 7,1431,Wearable
"2021-03-23",8,Apple Music,1965,Subscription Service
"2022-02-01",7,iPad Air (5th Generation),1591,Tablet
"2021-02-27",5,iPad Pro 11-inch,1761,Tablet
"2023-01-03",2,iPhone 13 mini,1092,Smartphone
"2021-03-05",4,Apple Watch SE,1546,Wearable
"2022-01-20",7,Mac Pro (Rack),1415,Desktop
"2022-04-06",6,Apple TV (3rd Generation),477,Streaming Device
"2020-10-31",5,Beats Studio Buds,762,Audio
"2020-04-23",10,Apple Pencil (1st Generation),925,Accessories
"2024-06-27",7,AirPods (2nd Generation),504,Audio
"2021-10-11",6,iPad Air (5th Generation),1591,Tablet
"2022-03-26",9,Apple Arcade,549,Subscription Service
"2024-10-26",4,Apple Watch Nike Edition,884,Wearable
"2020-02-13",8,Apple TV (3rd Generation),477,Streaming Device
"2024-11-11",7,iPad Pro 11-inch,1761,Tablet
"2022-08-20",4,HomePod mini,438,Audio
"2024-01-31",5,iMac 24-inch,449,Desktop
"2024-04-10",10,Apple Watch Series 8,1631,Wearable
"2021-11-27",2,Apple TV+,404,Subscription Service
"2021-11-11",10,MacBook Pro 16-inch,1179,Laptop
"2021-05-03",3,HomePod mini,266,Smart Speaker
"2021-05-11",2,iPad (10th Generation),1735,Tablet
"2024-04-05",8,Beats Fit Pro,1839,Audio
"2022-06-15",3,iMac Pro,1081,Desktop
"2023-07-23",8,MacBook,1149,Laptop
"2021-11-02",10,Apple Watch Hermès,1712,Wearable
"2020-03-30",9,Silicone Case for iPhone,1210,Accessories
"2023-11-28",10,Apple Watch Series 9,1014,Wearable
"2024-02-23",6,Apple Watch Series 8,1631,Wearable
"2023-02-04",7,Magic Keyboard with Touch ID,1162,Accessories
"2023-07-09",5,iPad Pro 12.9-inch,1167,Tablet
"2024-02-14",2,MacBook Air (M1),1783,Laptop
"2023-09-26",4,iPhone 12 Pro Max,544,Smartphone
"2021-11-17",10,Apple News+,253,Subscription Service
"2020-06-14",9,Apple Pencil (1st Generation),925,Accessories
"2021-05-15",5,Mac Mini,555,Desktop
"2022-12-01",6,Smart Keyboard Folio,572,Accessories
"2021-09-12",8,iPhone 13,623,Smartphone
"2020-05-03",3,iPad (10th Generation),1735,Tablet
"2020-01-02",4,iPhone 14 Pro,1380,Smartphone
"2021-08-22",2,Apple Music,1965,Subscription Service
"2024-07-28",1,Apple TV 4K,1255,Streaming Device
"2023-01-31",6,AirPods (2nd Generation),504,Audio
"2021-04-15",3,Beats Fit Pro,1839,Audio
"2020-04-05",1,iMac 24-inch,449,Desktop
"2023-05-17",7,Smart Cover for iPad,1014,Accessories
"2022-07-29",4,Apple Watch Nike Edition,884,Wearable
"2023-11-03",9,AirPods Max,1603,Audio
"2024-02-02",6,Mac Mini,555,Desktop
"2024-06-13",4,iPhone 12 Pro,1342,Smartphone
"2024-08-30",5,AirPods (2nd Generation),504,Audio
"2021-09-06",1,Beats Fit Pro,1839,Audio
"2020-01-11",2,Apple TV+,404,Subscription Service
"2024-07-22",3,iPhone 14 Pro,1380,Smartphone
"2020-12-26",1,iPad (9th Generation),1949,Tablet
"2023-07-27",8,Beats Fit Pro,1839,Audio
"2020-01-24",6,Apple News+,253,Subscription Service
"2021-10-01",8,iPhone 12,1436,Smartphone
"2020-02-05",5,iPhone 13 Pro Max,820,Smartphone
"2022-05-15",4,Mac Pro (Tower),458,Desktop
"2020-11-12",2,Apple Music,1965,Subscription Service
"2021-11-14",9,Magic Keyboard,368,Accessories
"2023-09-14",4,Apple Watch Series 6,462,Wearable
"2021-07-08",8,HomePod mini,266,Smart Speaker
"2020-09-12",4,AirPods Pro,1167,Audio
"2020-05-18",1,Apple Watch Series 6,462,Wearable
"2021-07-31",2,iPhone 13 Pro,308,Smartphone
"2020-11-21",6,iPad Pro (M1),1329,Tablet
"2023-06-13",5,Beats Powerbeats Pro,1060,Audio
"2020-10-28",5,MacBook Pro (Touch Bar),1304,Laptop
"2022-01-31",1,iPhone 13,623,Smartphone
"2020-09-05",4,Apple TV HD,1258,Streaming Device
"2020-06-30",3,Beats Solo Pro,1773,Audio
"2020-05-20",4,iPad Pro 11-inch,1761,Tablet
"2020-08-25",9,Apple Watch Series 7,1431,Wearable
"2022-03-25",4,Apple TV 4K,1255,Streaming Device
"2021-12-23",3,iPhone 12 Pro Max,544,Smartphone
"2023-01-13",10,Magic Keyboard,368,Accessories
"2024-06-30",4,Apple Watch Ultra,346,Wearable
"2020-05-08",5,iPhone 12 Pro Max,544,Smartphone
"2023-02-04",10,Apple Music,1965,Subscription Service
"2021-08-09",4,Mac Pro (Rack),1415,Desktop
"2023-03-07",4,iMac with Retina Display,343,Desktop
"2024-10-23",10,Apple Watch Series 9,1014,Wearable
"2020-04-08",7,Apple Watch Nike Edition,884,Wearable
"2023-06-17",7,Apple Watch Hermès,1712,Wearable
"2020-05-05",7,iPhone 13 mini,1092,Smartphone
"2020-04-30",5,HomePod,1202,Smart Speaker
"2024-06-29",6,Apple Watch Ultra,346,Wearable
"2022-01-19",6,iPad Air (4th Generation),952,Tablet
"2022-10-13",7,Mac Mini (M2),874,Desktop
"2023-05-26",10,HomePod mini,438,Audio
"2020-09-22",6,iPhone 13 Pro,308,Smartphone
"2023-07-13",7,AirPods Max,1603,Audio
"2021-03-08",1,Smart Keyboard Folio,572,Accessories
"2020-05-01",1,iPad Air (4th Generation),952,Tablet
"2023-05-16",1,Mac Pro (Rack),1415,Desktop
"2024-07-29",9,Mac Mini,555,Desktop
"2024-05-06",3,iPad Pro (M2),1826,Tablet
"2022-06-11",1,AirPods Max,1603,Audio
"2022-12-29",4,Apple Watch Series 6,462,Wearable
"2022-09-18",4,Apple Pencil (2nd Generation),1506,Accessories
"2021-04-24",3,Apple TV (3rd Generation),477,Streaming Device
"2021-10-09",4,MacBook (Retina),231,Laptop
"2020-05-13",4,Apple TV (3rd Generation),477,Streaming Device
"2022-04-10",8,iPad mini (5th Generation),1912,Tablet
"2023-11-11",8,AirPods Pro,1167,Audio
"2021-07-10",1,Mac Pro (2023),681,Desktop
"2020-09-07",9,AirPods (3rd Generation),1842,Audio
"2023-04-26",1,Beats Studio Buds,762,Audio
"2021-03-26",3,AirTag,677,Accessories
"2020-10-31",2,iPhone 12 mini,1607,Smartphone
"2022-04-28",9,Mac Pro (Rack),1415,Desktop
"2023-01-06",7,MacBook (Early 2015),741,Laptop
"2020-06-03",4,Magic Mouse,313,Accessories
"2021-01-26",6,MacBook Pro 13-inch,1351,Laptop
"2023-08-13",3,iPhone 13,623,Smartphone
"2023-05-18",4,Apple Watch Series 5,1296,Wearable
"2023-01-09",9,Smart Keyboard Folio,572,Accessories
"2022-11-22",10,Beats Fit Pro,1839,Audio
"2020-12-08",2,iPad (10th Generation),1735,Tablet
"2023-05-19",6,Apple Pencil (1st Generation),925,Accessories
"2024-06-28",6,iPhone SE (3rd Generation),923,Smartphone
"2022-11-16",9,Apple Music,1965,Subscription Service
"2022-12-22",8,iPad Pro 12.9-inch,1167,Tablet
"2023-12-12",4,Mac Mini,555,Desktop
"2021-08-25",8,Apple One,488,Subscription Service
"2020-06-26",7,iPhone 13 mini,1092,Smartphone
"2022-04-15",5,Lightning to USB Cable,1434,Accessories
"2020-05-16",10,iPhone 12 mini,1607,Smartphone
"2022-12-01",6,Beats Fit Pro,1839,Audio
"2023-01-04",4,Apple Pencil (1st Generation),925,Accessories
"2022-02-15",7,iPhone 14 Plus,1259,Smartphone
"2020-07-23",5,iMac 24-inch,449,Desktop
"2024-06-16",6,Apple TV HD,1258,Streaming Device
"2023-09-28",3,Apple Fitness+,923,Subscription Service
"2022-03-23",10,Apple Music,1965,Subscription Service
"2020-03-20",9,Mac Pro (2023),681,Desktop
"2024-08-18",1,iPad Pro 11-inch,1761,Tablet
"2022-06-29",10,Beats Solo Pro,1773,Audio
"2022-11-27",7,iPhone 12 Pro Max,544,Smartphone
"2022-06-02",7,Apple TV+,404,Subscription Service
"2023-03-28",7,Mac Pro (2023),681,Desktop
"2022-02-05",1,Smart Keyboard Folio,572,Accessories
"2023-06-28",5,Magic Keyboard,368,Accessories
"2021-08-30",4,HomePod mini,438,Audio
"2023-01-30",7,AirPods Pro (2nd Generation),696,Audio
"2020-11-30",10,AirPods (3rd Generation),1842,Audio
"2024-04-12",10,iPhone SE (3rd Generation),923,Smartphone
"2024-06-20",9,iPad Pro (M2),1826,Tablet
"2022-10-01",9,Apple Watch Hermès,1712,Wearable
"2022-08-21",5,MacBook Air (M2),1588,Laptop
"2022-02-19",3,Lightning to USB Cable,1434,Accessories
"2020-09-16",7,Apple Watch Hermès,1712,Wearable
"2023-01-07",9,iMac 27-inch,1918,Desktop
"2024-10-27",6,AirPods Pro (2nd Generation),696,Audio
"2021-08-21",7,iPhone 13 Pro,308,Smartphone
"2024-08-16",6,Beats Solo Pro,1773,Audio
"2022-01-14",9,Beats Studio Buds,762,Audio
"2021-11-20",8,Apple Watch Series 9,1014,Wearable
"2022-04-22",5,iMac 24-inch,449,Desktop
"2021-12-24",8,Magic Mouse,313,Accessories
"2024-09-04",4,iPad Air (4th Generation),952,Tablet
"2021-04-02",5,MacBook,1149,Laptop
"2020-07-13",6,AirPods (2nd Generation),504,Audio
"2022-05-23",5,Apple Fitness+,923,Subscription Service
"2022-05-23",9,AirPods Pro (2nd Generation),696,Audio
"2024-08-30",2,iPad Pro (M2),1826,Tablet
"2023-11-25",4,MacBook Pro 14-inch,768,Laptop
"2022-04-22",3,Smart Keyboard Folio,572,Accessories
"2024-03-14",5,Apple TV (3rd Generation),477,Streaming Device
"2023-10-20",2,AirPods (3rd Generation),1842,Audio
"2021-01-21",7,Apple Pencil (1st Generation),925,Accessories
"2022-07-13",9,HomePod,1202,Smart Speaker
"2021-05-05",10,iPad Air (4th Generation),952,Tablet
"2021-11-22",6,MacBook (Retina),231,Laptop
"2023-11-20",9,HomePod,1202,Smart Speaker
"2024-01-14",1,MacBook Pro (Touch Bar),1304,Laptop
"2023-10-01",4,Mac Mini (M2),874,Desktop
"2020-02-17",5,AirPods Pro,1167,Audio
"2023-11-04",9,iPad Pro 11-inch,1761,Tablet
"2024-08-28",7,MacBook (Early 2015),741,Laptop
"2023-05-12",3,AirTag,677,Accessories
"2020-08-26",10,iPhone 14 Pro Max,678,Smartphone
"2023-03-19",4,iPhone 12,1436,Smartphone
"2024-04-26",4,AirPods Max,1603,Audio
"2022-06-03",5,Apple Pencil (2nd Generation),1506,Accessories
"2023-06-10",8,AirTag,677,Accessories
"2020-09-23",8,MacBook Pro 13-inch,1351,Laptop
"2020-05-19",3,Leather Case for iPhone,866,Accessories
"2021-10-21",7,MacBook Air (M1),1783,Laptop
"2021-04-09",9,iPhone 13 Pro,308,Smartphone
"2020-03-13",3,iPhone 12 Pro Max,544,Smartphone
"2020-11-09",3,MacBook Air (M2),1588,Laptop
"2023-01-31",2,Beats Studio Buds,762,Audio
"2023-11-03",8,AirPods (2nd Generation),504,Audio
"2024-06-15",8,Beats Studio Buds,762,Audio
"2022-10-02",9,Magic Keyboard with Touch ID,1162,Accessories
"2020-03-14",5,Apple Watch SE,1546,Wearable
"2022-04-02",3,iPhone 14 Plus,1259,Smartphone
"2024-11-11",10,iMac with Retina Display,343,Desktop
"2020-06-18",1,iPad (10th Generation),1735,Tablet
"2021-03-19",10,AirPods Pro (2nd Generation),696,Audio
"2022-10-02",10,iPad mini (5th Generation),1912,Tablet
"2021-03-04",10,Apple Watch SE,1546,Wearable
"2023-04-24",7,iPhone 13 Pro Max,820,Smartphone
"2021-12-11",2,AirPods Pro,1167,Audio
"2021-10-13",10,Apple Arcade,549,Subscription Service
"2022-05-30",10,Apple One,488,Subscription Service
"2020-10-23",6,MacBook Air (M2),1588,Laptop
"2022-04-11",9,Magic Keyboard with Touch ID,1162,Accessories
"2020-04-08",7,MacBook Pro 14-inch,768,Laptop
"2023-02-10",9,AirPods Pro (2nd Generation),696,Audio
"2020-02-04",4,MagSafe Battery Pack,1389,Accessories
"2023-05-11",5,iPad Pro 11-inch,1761,Tablet
"2021-01-11",4,Apple Watch Nike Edition,884,Wearable
"2022-05-12",4,iPad mini (5th Generation),1912,Tablet
"2021-08-18",10,Mac Pro (Rack),1415,Desktop
"2022-02-09",2,iPhone 14 Pro,1380,Smartphone
"2020-02-21",6,MacBook Pro 16-inch,1179,Laptop
"2023-04-02",9,Apple Watch Series 8,1631,Wearable
"2023-04-26",6,AirPods (2nd Generation),504,Audio
"2022-11-30",8,iPhone 12 Pro Max,544,Smartphone
"2023-03-01",5,Apple Fitness+,923,Subscription Service
"2021-05-05",6,Apple Watch Ultra,346,Wearable
"2023-08-02",5,Apple One,488,Subscription Service
"2020-12-02",2,iPhone 14 Pro Max,678,Smartphone
"2023-08-02",9,Mac Pro (Rack),1415,Desktop
"2024-10-14",4,Apple TV 4K,1255,Streaming Device
"2022-04-15",4,Apple TV (3rd Generation),477,Streaming Device
"2021-09-18",8,iMac with Retina Display,343,Desktop
"2020-02-21",8,iPad Air (5th Generation),1591,Tablet
"2021-01-13",9,MacBook Air (M2),1588,Laptop
"2022-01-05",5,Apple One,488,Subscription Service
"2021-01-15",3,iPad Pro 12.9-inch,1167,Tablet
"2020-02-17",6,iPad mini (6th Generation),573,Tablet
"2024-08-22",3,Apple Arcade,549,Subscription Service
"2020-01-06",9,AirTag,677,Accessories
"2020-12-31",1,MacBook (Early 2015),741,Laptop
"2023-11-22",8,iPhone 14 Pro Max,678,Smartphone
"2023-04-03",9,Apple Arcade,549,Subscription Service
"2022-07-09",8,iPad mini (5th Generation),1912,Tablet
"2021-06-30",2,Mac Pro (Tower),458,Desktop
"2024-03-20",7,iPhone 13,623,Smartphone
"2022-04-21",8,iPad Pro (M1),1329,Tablet
"2022-01-20",4,MacBook Pro 13-inch,1351,Laptop
"2024-09-15",4,Silicone Case for iPhone,1210,Accessories
"2022-01-08",3,HomePod mini,438,Audio
"2022-06-13",4,Apple Watch SE,1546,Wearable
"2023-05-16",1,iPhone 14 Pro,1380,Smartphone
"2022-01-26",4,iPhone 13 mini,1092,Smartphone
"2024-01-28",1,Silicone Case for iPhone,1210,Accessories
"2023-11-15",8,iPhone 13 Pro Max,820,Smartphone
"2020-08-11",6,Mac Pro (2023),681,Desktop
"2022-03-09",7,Mac Pro (Rack),1415,Desktop
"2020-10-15",7,MacBook Pro (Touch Bar),1304,Laptop
"2020-02-09",1,Mac Pro (2023),681,Desktop
"2022-05-17",8,MacBook Air (M1),1783,Laptop
"2021-03-24",5,iPad Air (4th Generation),952,Tablet
"2021-08-27",9,Apple One,488,Subscription Service
"2024-07-24",3,Beats Fit Pro,1839,Audio
"2023-10-24",5,Beats Solo Pro,1773,Audio
"2023-12-26",6,iPad Air (4th Generation),952,Tablet
"2021-11-08",1,iPad Air (4th Generation),952,Tablet
"2022-09-14",2,iMac 27-inch,1918,Desktop
"2023-02-28",1,iPad (9th Generation),1949,Tablet
"2022-04-11",1,iMac Pro,1081,Desktop
"2022-03-02",9,iPhone 12 Pro Max,544,Smartphone
"2021-12-12",9,MagSafe Charger,1744,Accessories
"2024-07-01",5,Lightning to USB Cable,1434,Accessories
"2022-12-19",9,iPad Pro 12.9-inch,1167,Tablet
"2024-02-02",3,iMac 24-inch,449,Desktop
"2020-11-18",2,iMac with Retina Display,343,Desktop
"2024-11-07",1,MacBook Pro (Touch Bar),1304,Laptop
"2021-03-04",8,iPhone 14 Pro Max,678,Smartphone
"2021-02-11",10,iPad (9th Generation),1949,Tablet
"2024-10-31",1,Apple TV (3rd Generation),477,Streaming Device
"2020-08-12",6,Beats Studio Buds,762,Audio
"2024-03-18",7,AirPods (3rd Generation),1842,Audio
"2023-03-18",9,Magic Trackpad,1242,Accessories
"2022-06-29",3,Apple TV 4K,1255,Streaming Device
"2024-09-11",10,Apple Watch Series 9,1014,Wearable
"2022-10-24",2,iPhone SE (3rd Generation),923,Smartphone
"2020-09-24",1,Apple Watch SE,1546,Wearable
"2020-11-13",6,iPad Pro (M2),1826,Tablet
"2023-02-04",1,Apple TV (3rd Generation),477,Streaming Device
"2022-09-20",8,Mac Mini,555,Desktop
"2022-01-13",8,Smart Keyboard Folio,572,Accessories
"2021-04-28",9,MacBook Pro (Touch Bar),1304,Laptop
"2024-04-10",5,Apple Watch Series 9,1014,Wearable
"2023-04-28",1,iPhone 12 Pro Max,544,Smartphone
"2024-09-16",1,iPhone 12 Pro,1342,Smartphone
"2024-10-13",7,AirPods (2nd Generation),504,Audio
"2020-01-10",1,MacBook,1149,Laptop
"2024-04-20",6,Apple Fitness+,923,Subscription Service
"2022-06-18",2,Apple Pencil (1st Generation),925,Accessories
"2020-05-25",10,iPad mini (6th Generation),573,Tablet
"2020-09-24",9,Smart Keyboard Folio,572,Accessories
"2020-10-30",6,Apple TV HD,1258,Streaming Device
"2023-08-04",8,MagSafe Charger,1744,Accessories
"2021-05-25",1,iMac Pro,1081,Desktop
"2020-08-21",5,Smart Cover for iPad,1014,Accessories
"2023-09-18",2,Magic Trackpad,1242,Accessories
"2023-09-21",1,iPhone 12 Pro Max,544,Smartphone
"2020-02-07",1,Apple Watch Hermès,1712,Wearable
"2023-05-29",2,Beats Powerbeats Pro,1060,Audio
"2022-09-28",6,iPhone 14 Pro,1380,Smartphone
"2023-10-29",3,HomePod mini,438,Audio
"2021-02-06",9,MagSafe Battery Pack,1389,Accessories
"2024-05-27",3,iPhone 12 Pro,1342,Smartphone
"2022-01-26",2,Apple TV (3rd Generation),477,Streaming Device
"2023-11-04",7,AirTag,677,Accessories
"2023-09-28",8,MacBook (Early 2015),741,Laptop
"2021-05-27",5,iMac Pro,1081,Desktop
"2022-08-29",2,MacBook Pro (Touch Bar),1304,Laptop
"2020-03-31",5,Apple Watch Series 5,1296,Wearable
"2021-10-04",2,HomePod (2nd Generation),689,Audio
"2021-10-07",6,iPad Pro 11-inch,1761,Tablet
"2024-07-17",7,AirPods (3rd Generation),1842,Audio
"2022-04-03",8,AirTag,677,Accessories
"2022-04-18",10,MacBook Air (Retina),1847,Laptop
"2024-02-28",6,iPad (9th Generation),1949,Tablet
"2022-08-28",5,iPhone 13,623,Smartphone
"2020-01-17",1,iMac 27-inch,1918,Desktop
"2020-03-28",5,MagSafe Charger,1744,Accessories
"2020-11-08",6,iMac Pro,1081,Desktop
"2020-05-02",3,Apple Watch Hermès,1712,Wearable
"2023-06-14",1,iPhone 13 Pro,308,Smartphone
"2024-06-26",5,Apple Watch Hermès,1712,Wearable
"2022-07-19",4,Apple TV+,404,Subscription Service
"2023-11-24",2,Apple Watch Series 6,462,Wearable
"2024-10-26",9,Magic Trackpad,1242,Accessories
"2023-09-01",3,iPhone 12,1436,Smartphone
"2023-10-02",10,Apple TV+,404,Subscription Service
"2023-10-21",7,iPhone 13 Pro Max,820,Smartphone
"2024-10-26",4,iPhone 14 Pro,1380,Smartphone
"2021-07-26",6,Beats Fit Pro,1839,Audio
"2023-04-15",3,iCloud,1181,Subscription Service
"2020-03-30",7,MacBook Pro (Touch Bar),1304,Laptop
"2020-11-15",5,Apple TV+,404,Subscription Service
"2023-07-01",3,iPhone SE (3rd Generation),923,Smartphone
"2021-08-02",9,Magic Keyboard with Touch ID,1162,Accessories
"2020-11-16",10,Apple Music,1965,Subscription Service
"2020-11-26",9,Mac Mini (M2),874,Desktop
"2021-01-24",8,iMac 27-inch,1918,Desktop
"2023-05-29",4,iPad Pro (M1),1329,Tablet
"2021-11-03",5,Mac Mini,555,Desktop
"2024-04-22",8,iPhone 13 Pro,308,Smartphone
"2020-03-10",8,AirTag,677,Accessories
"2023-05-29",4,iMac with Retina Display,343,Desktop
"2023-02-10",10,Apple One,488,Subscription Service
"2024-08-17",1,iPhone SE (3rd Generation),923,Smartphone
"2022-06-22",5,iPhone 12 mini,1607,Smartphone
"2020-04-24",4,iPhone 14 Pro,1380,Smartphone
"2023-11-22",6,Apple Watch Series 5,1296,Wearable
"2022-01-10",8,iMac 27-inch,1918,Desktop
"2024-06-05",3,Apple Watch Series 9,1014,Wearable
"2024-02-09",9,Apple Fitness+,923,Subscription Service
"2020-03-25",4,Smart Keyboard Folio,572,Accessories
"2021-04-24",10,Apple TV HD,1258,Streaming Device
"2021-07-13",6,Magic Mouse,313,Accessories
"2023-01-01",1,AirPods Pro,1167,Audio
"2021-01-05",1,iPad Pro (M2),1826,Tablet
"2023-06-15",6,Magic Trackpad,1242,Accessories
"2020-02-04",2,iPad mini (5th Generation),1912,Tablet
"2023-10-23",4,MacBook Pro 13-inch,1351,Laptop
"2021-01-12",2,AirPods (3rd Generation),1842,Audio
"2022-04-17",5,iPhone 13,623,Smartphone
"2021-05-21",4,Apple Watch Nike Edition,884,Wearable
"2022-08-09",9,Apple Pencil (1st Generation),925,Accessories
"2024-10-08",6,HomePod mini,438,Audio
"2020-02-07",5,Silicone Case for iPhone,1210,Accessories
"2024-07-03",6,Apple TV 4K,1255,Streaming Device
"2020-08-13",1,iPhone 14 Plus,1259,Smartphone
"2020-02-19",10,AirPods (2nd Generation),504,Audio
"2021-09-14",1,iPad Air (4th Generation),952,Tablet
"2023-07-25",10,Beats Powerbeats Pro,1060,Audio
"2023-12-09",4,Mac Mini (M2),874,Desktop
"2024-03-10",10,Mac Studio,613,Desktop
"2023-04-06",1,Beats Studio Buds,762,Audio
"2023-10-12",4,iPad Air (5th Generation),1591,Tablet
"2020-09-15",3,AirPods Max,1603,Audio
"2020-10-26",3,Magic Keyboard,368,Accessories
"2021-07-13",8,HomePod (2nd Generation),689,Audio
"2020-04-27",4,MagSafe Charger,1744,Accessories
"2023-06-26",8,HomePod mini,438,Audio
"2022-02-23",5,Mac Mini (M2),874,Desktop
"2024-05-31",2,Apple TV (3rd Generation),477,Streaming Device
"2023-04-16",9,Beats Studio Buds,762,Audio
"2022-07-11",8,Apple News+,253,Subscription Service
"2021-08-20",6,AirPods (2nd Generation),504,Audio
"2024-10-29",7,HomePod mini,266,Smart Speaker
"2024-08-07",10,MacBook Air (M1),1783,Laptop
"2022-09-12",7,MacBook Air (M2),1588,Laptop
"2023-12-27",9,MacBook,1149,Laptop
"2021-05-24",3,Magic Keyboard with Touch ID,1162,Accessories
"2024-08-12",9,Apple Watch Ultra,346,Wearable
"2021-04-24",1,iPad Pro (M1),1329,Tablet
"2020-04-27",2,AirPods Pro,1167,Audio
"2022-05-02",7,AirTag,677,Accessories
"2020-01-18",9,Apple Pencil (1st Generation),925,Accessories
"2024-10-06",10,Beats Studio Buds,762,Audio
"2021-02-24",3,MacBook Air (M1),1783,Laptop
"2022-03-18",4,AirPods (2nd Generation),504,Audio
"2023-07-31",2,Apple Pencil (2nd Generation),1506,Accessories
"2020-06-24",6,iPhone 13,623,Smartphone
"2020-05-16",3,HomePod (2nd Generation),689,Audio
"2021-04-13",9,Apple News+,253,Subscription Service
"2024-02-15",2,MagSafe Charger,1744,Accessories
"2024-07-30",6,MacBook Pro 16-inch,1179,Laptop
"2024-04-27",3,iPhone 12 Pro,1342,Smartphone
"2022-11-12",3,iPhone 13 Pro Max,820,Smartphone
"2023-10-16",5,Leather Case for iPhone,866,Accessories
"2022-09-20",2,Apple Watch SE,1546,Wearable
"2021-12-02",4,Beats Studio Buds,762,Audio
"2021-05-22",8,iPad Pro 12.9-inch,1167,Tablet
"2023-12-21",6,HomePod (2nd Generation),689,Audio
"2024-06-17",9,iPhone 12 mini,1607,Smartphone
"2020-09-13",4,Apple Watch Nike Edition,884,Wearable
"2023-10-21",9,iPad Air (4th Generation),952,Tablet
"2021-01-17",3,iPad Air (5th Generation),1591,Tablet
"2020-07-31",9,AirPods Pro,1167,Audio
"2022-12-28",1,Magic Mouse,313,Accessories
"2022-08-05",6,AirTag,677,Accessories
"2021-03-30",10,HomePod,1202,Smart Speaker
"2021-05-07",9,Beats Solo Pro,1773,Audio
"2020-07-02",5,HomePod mini,266,Smart Speaker
"2021-07-30",2,Apple TV HD,1258,Streaming Device
"2020-07-16",6,Apple TV 4K,1255,Streaming Device
"2024-06-25",10,iPad (10th Generation),1735,Tablet
"2020-05-30",6,Apple Watch Ultra,346,Wearable
"2022-01-25",1,HomePod mini,438,Audio
"2024-08-22",6,iPad Air (5th Generation),1591,Tablet
"2023-04-27",10,MacBook,1149,Laptop
"2022-06-03",1,Apple Watch Nike Edition,884,Wearable
"2020-03-22",5,Smart Keyboard Folio,572,Accessories
"2022-05-10",8,iPhone 13 Pro,308,Smartphone
"2024-08-14",1,MacBook Air (M1),1783,Laptop
"2024-08-18",1,Lightning to USB Cable,1434,Accessories
"2020-12-18",4,Apple Watch Series 9,1014,Wearable
"2022-02-04",2,iMac 27-inch,1918,Desktop
"2023-06-08",9,iPhone 14 Plus,1259,Smartphone
"2024-10-24",2,iPhone 13 Pro Max,820,Smartphone
"2020-02-01",8,Apple Watch Series 7,1431,Wearable
"2021-07-01",8,Apple Watch Nike Edition,884,Wearable
"2024-05-20",7,iPad (9th Generation),1949,Tablet
"2023-06-21",1,iPhone 12,1436,Smartphone
"2021-08-23",10,iPad Pro (M2),1826,Tablet
"2021-10-21",2,HomePod,1202,Smart Speaker
"2023-07-01",4,iPhone 14 Plus,1259,Smartphone
"2023-09-01",8,AirPods Pro (2nd Generation),696,Audio
"2021-10-12",6,AirPods (3rd Generation),1842,Audio
"2023-07-14",3,Mac Pro (Rack),1415,Desktop
"2023-09-16",8,Mac Pro (2023),681,Desktop
"2020-12-22",3,Apple News+,253,Subscription Service
"2023-11-12",6,Apple Fitness+,923,Subscription Service
"2023-07-23",7,iPad Pro 12.9-inch,1167,Tablet
"2021-08-04",4,iPhone 14 Pro Max,678,Smartphone
"2023-09-15",3,Magic Keyboard with Touch ID,1162,Accessories
"2020-07-03",5,Apple Pencil (2nd Generation),1506,Accessories
"2024-05-27",5,iPad Pro 12.9-inch,1167,Tablet
"2023-06-24",2,MacBook (Early 2015),741,Laptop
"2023-08-14",1,Beats Solo Pro,1773,Audio
"2020-07-11",5,Apple Watch Nike Edition,884,Wearable
"2021-04-01",7,iPhone 14,1476,Smartphone
"2023-07-17",3,iPad (9th Generation),1949,Tablet
"2024-10-20",4,iPhone 13 Pro,308,Smartphone
"2023-12-26",4,iPad Air (4th Generation),952,Tablet
"2023-02-28",3,iPad Pro 12.9-inch,1167,Tablet
"2022-03-04",6,Mac Pro (2023),681,Desktop
"2021-10-13",9,Apple TV 4K,1255,Streaming Device
"2021-05-02",5,MacBook (Retina),231,Laptop
"2024-03-29",9,iPhone 14 Plus,1259,Smartphone
"2020-07-14",4,Smart Keyboard Folio,572,Accessories
"2020-11-23",3,iPhone 13,623,Smartphone
"2020-04-22",5,iPhone 13 mini,1092,Smartphone
"2023-02-16",4,MacBook Air (M2),1588,Laptop
"2023-10-15",1,Beats Fit Pro,1839,Audio
"2023-03-14",3,Apple Arcade,549,Subscription Service
"2022-05-25",9,iPad Air (4th Generation),952,Tablet
"2020-06-04",2,iPhone 13 Pro Max,820,Smartphone
"2022-10-15",5,iPad Pro 11-inch,1761,Tablet
"2023-02-14",10,iPad Air (5th Generation),1591,Tablet
"2021-04-01",8,MacBook,1149,Laptop
"2020-08-30",2,Apple Fitness+,923,Subscription Service
"2021-03-10",2,MagSafe Charger,1744,Accessories
"2022-02-25",5,iPad Pro 12.9-inch,1167,Tablet
"2024-01-20",7,iPhone 12,1436,Smartphone
"2023-08-24",8,HomePod mini,266,Smart Speaker
"2022-07-04",5,MacBook (Early 2015),741,Laptop
"2022-04-15",3,AirPods Max,1603,Audio
"2022-09-26",5,iPhone 14 Pro Max,678,Smartphone
"2020-03-25",6,Smart Keyboard Folio,572,Accessories
"2024-09-21",6,Mac Pro (Rack),1415,Desktop
"2023-11-20",2,iCloud,1181,Subscription Service
"2021-08-11",3,Apple Pencil (1st Generation),925,Accessories
"2023-11-23",5,iPad mini (5th Generation),1912,Tablet
"2023-08-02",7,MacBook Air (Retina),1847,Laptop
"2023-01-31",8,Mac Studio,613,Desktop
"2022-07-23",5,Apple Arcade,549,Subscription Service
"2022-05-28",8,MacBook Pro 13-inch,1351,Laptop
"2021-05-26",5,iPhone 14,1476,Smartphone
"2021-04-25",10,iPhone 12 mini,1607,Smartphone
"2020-12-31",6,MacBook Air (Retina),1847,Laptop
"2021-01-04",7,iPhone 14 Pro Max,678,Smartphone
"2024-08-01",9,Mac Mini,555,Desktop
"2023-04-18",3,HomePod,1202,Smart Speaker
"2022-02-23",10,Apple Watch Series 9,1014,Wearable
"2023-12-01",2,Mac Pro (Tower),458,Desktop
"2021-06-24",2,Apple TV (3rd Generation),477,Streaming Device
"2021-12-14",7,MacBook Air (M1),1783,Laptop
"2020-01-06",7,iPad Pro 12.9-inch,1167,Tablet
"2022-09-17",4,iPhone 12 mini,1607,Smartphone
"2023-07-10",6,Apple TV HD,1258,Streaming Device
"2022-11-14",1,iPhone 12 Pro,1342,Smartphone
"2021-09-17",7,iPhone 14 Pro,1380,Smartphone
"2023-01-30",10,iCloud,1181,Subscription Service
"2021-02-26",3,Apple TV+,404,Subscription Service
"2020-04-28",6,HomePod,1202,Smart Speaker
"2022-05-04",2,MacBook Air (Retina),1847,Laptop
"2021-12-12",4,MacBook Pro (Touch Bar),1304,Laptop
"2022-04-04",8,Apple Watch Series 8,1631,Wearable
"2022-11-13",4,Mac Pro (2023),681,Desktop
"2021-10-27",2,Beats Studio Buds,762,Audio
"2023-09-15",5,iPad mini (5th Generation),1912,Tablet
"2024-04-21",10,iPhone 12 Pro,1342,Smartphone
"2020-05-13",1,Apple Arcade,549,Subscription Service
"2021-08-22",2,MacBook Pro 16-inch,1179,Laptop
"2024-09-11",6,Apple Watch Series 9,1014,Wearable
"2023-03-15",3,Silicone Case for iPhone,1210,Accessories
"2022-03-11",2,Apple One,488,Subscription Service
"2021-01-04",5,Silicone Case for iPhone,1210,Accessories
"2024-05-06",7,Beats Powerbeats Pro,1060,Audio
"2021-02-27",10,Mac Mini (M2),874,Desktop
"2020-06-13",7,iPad Pro 12.9-inch,1167,Tablet
"2024-04-15",9,MacBook,1149,Laptop
"2021-04-20",4,Mac Mini,555,Desktop
"2023-06-24",6,iPad Pro 11-inch,1761,Tablet
"2024-07-02",10,MacBook (Retina),231,Laptop
"2022-11-29",8,Mac Mini,555,Desktop
"2020-12-31",10,Apple TV+,404,Subscription Service
"2023-02-25",6,Apple One,488,Subscription Service
"2024-10-30",2,iPhone SE (3rd Generation),923,Smartphone
